{"sourceFile": [{
      "name": "",
      "directive": [
        {
          "functionName": "kernel2",
          "label": "loop",
          "functionLabel": "",
          "pragma": {"name": "PIPELINE"}
        },
        {
          "functionName": "kernel2",
          "label": "loop",
          "functionLabel": "",
          "pragma": {
            "name": "DEPENDENCE",
            "option": [
              {
                "name": "variable",
                "value": "array"
              },
              {
                "name": "inter",
                "value": "",
                "positionalBoolean": "type"
              },
              {
                "name": "false",
                "value": "",
                "positionalBoolean": "dependent"
              }
            ]
          }
        }
      ]
    }]}
