<profile>

<section name = "Vivado HLS Report for 'kernel2'" level="0">
<item name = "Date">Sat May  8 22:33:35 2021
</item>
<item name = "Version">2019.2 (Build 2704478 on Wed Nov 06 22:10:23 MST 2019)</item>
<item name = "Project">prj_kernel2</item>
<item name = "Solution">optimized</item>
<item name = "Product family">kintex7</item>
<item name = "Target device">xc7k160t-fbg484-1</item>
</section>

<section name = "Performance Estimates" level="0">
<item name = "Timing">
<section name = "" level="1">
<item name = "Summary"><table name="" hasTotal="0">
<keys size="4">Clock, Target, Estimated, Uncertainty</keys>
<column name="ap_clk">10.00 ns, 8.365 ns, 1.25 ns</column>
</table>
</item>
</section>
</item>
<item name = "Latency">
<section name = "" level="1">
<item name = "Summary"><table name="" hasTotal="0">
<keys size="8">, min, max, min, max, min, max, Type</keys>
<column name="">1027, 1027, 10.270 us, 10.270 us, 1027, 1027, none</column>
</table>
</item>
<item name = "Detail">
<section name = "" level="1">
<item name = "Instance"><table name="" hasTotal="0">
<keys size="9">Instance, Module, min, max, min, max, min, max, Type</keys>
</table>
</item>
<item name = "Loop"><table name="" hasTotal="0">
<keys size="8">Loop Name, min, max, Latency, achieved, target, Count, Pipelined</keys>
<column name="- loop">1022, 1022, 3, 1, 1, 1021, yes</column>
</table>
</item>
</section>
</item>
</section>
</item>
</section>
</profile>
