<stg><name>kernel2</name>


<trans_list>

<trans id="46" from="1" to="2">
<condition id="-1">
<or_exp><and_exp></and_exp></or_exp>
</condition>
</trans>

<trans id="47" from="2" to="3">
<condition id="-1">
<or_exp><and_exp></and_exp></or_exp>
</condition>
</trans>

<trans id="48" from="3" to="4">
<condition id="-1">
<or_exp><and_exp></and_exp></or_exp>
</condition>
</trans>

<trans id="49" from="4" to="5">
<condition id="-1">
<or_exp><and_exp></and_exp></or_exp>
</condition>
</trans>

<trans id="58" from="5" to="8">
<condition id="-1">
<or_exp><and_exp><literal name="icmp_ln9" val="1"/>
</and_exp></or_exp>
</condition>
</trans>

<trans id="59" from="5" to="6">
<condition id="-1">
<or_exp><and_exp><literal name="icmp_ln9" val="0"/>
</and_exp></or_exp>
</condition>
</trans>

<trans id="56" from="6" to="7">
<condition id="-1">
<or_exp><and_exp></and_exp></or_exp>
</condition>
</trans>

<trans id="57" from="7" to="5">
<condition id="-1">
<or_exp><and_exp></and_exp></or_exp>
</condition>
</trans>
</trans_list>



<state_list>

<state id="1" st_id="1">

<operation id="9" st_id="1" stage="1" lat="1">
<core>NULL</core>
<MemPortIdVec></MemPortIdVec>
<condition id="-1">
<or_exp><and_exp></and_exp></or_exp>
</condition>

<Node id="5" bw="10" op_0_bw="32" op_1_bw="64" op_2_bw="64">
<![CDATA[
:3  %array_addr_1 = getelementptr [1024 x i32]* %array_r, i64 0, i64 2

]]></Node>
<StgValue><ssdm name="array_addr_1"/></StgValue>
</operation>

<operation id="10" st_id="1" stage="2" lat="2">
<core>RAM</core>
<MemPortIdVec>0 </MemPortIdVec>
<condition id="-1">
<or_exp><and_exp></and_exp></or_exp>
</condition>

<Node id="6" bw="32" op_0_bw="10">
<![CDATA[
:4  %elem2 = load i32* %array_addr_1, align 4

]]></Node>
<StgValue><ssdm name="elem2"/></StgValue>
</operation>
</state>

<state id="2" st_id="2">

<operation id="11" st_id="2" stage="1" lat="1">
<core>NULL</core>
<MemPortIdVec></MemPortIdVec>
<condition id="-1">
<or_exp><and_exp></and_exp></or_exp>
</condition>

<Node id="3" bw="10" op_0_bw="32" op_1_bw="64" op_2_bw="64">
<![CDATA[
:1  %array_addr = getelementptr [1024 x i32]* %array_r, i64 0, i64 0

]]></Node>
<StgValue><ssdm name="array_addr"/></StgValue>
</operation>

<operation id="12" st_id="2" stage="1" lat="2">
<core>RAM</core>
<MemPortIdVec>0 </MemPortIdVec>
<condition id="-1">
<or_exp><and_exp></and_exp></or_exp>
</condition>

<Node id="6" bw="32" op_0_bw="10">
<![CDATA[
:4  %elem2 = load i32* %array_addr_1, align 4

]]></Node>
<StgValue><ssdm name="elem2"/></StgValue>
</operation>

<operation id="13" st_id="2" stage="1" lat="1">
<core>NULL</core>
<MemPortIdVec></MemPortIdVec>
<condition id="-1">
<or_exp><and_exp></and_exp></or_exp>
</condition>

<Node id="7" bw="10" op_0_bw="32" op_1_bw="64" op_2_bw="64">
<![CDATA[
:5  %array_addr_2 = getelementptr [1024 x i32]* %array_r, i64 0, i64 1

]]></Node>
<StgValue><ssdm name="array_addr_2"/></StgValue>
</operation>

<operation id="14" st_id="2" stage="2" lat="2">
<core>RAM</core>
<MemPortIdVec>0 </MemPortIdVec>
<condition id="-1">
<or_exp><and_exp></and_exp></or_exp>
</condition>

<Node id="8" bw="32" op_0_bw="10">
<![CDATA[
:6  %array_load = load i32* %array_addr_2, align 4

]]></Node>
<StgValue><ssdm name="array_load"/></StgValue>
</operation>

<operation id="15" st_id="2" stage="2" lat="2">
<core>RAM</core>
<MemPortIdVec>1 </MemPortIdVec>
<condition id="-1">
<or_exp><and_exp></and_exp></or_exp>
</condition>

<Node id="9" bw="32" op_0_bw="10">
<![CDATA[
:7  %array_load_1 = load i32* %array_addr, align 4

]]></Node>
<StgValue><ssdm name="array_load_1"/></StgValue>
</operation>
</state>

<state id="3" st_id="3">

<operation id="16" st_id="3" stage="1" lat="2">
<core>RAM</core>
<MemPortIdVec>0 </MemPortIdVec>
<condition id="-1">
<or_exp><and_exp></and_exp></or_exp>
</condition>

<Node id="8" bw="32" op_0_bw="10">
<![CDATA[
:6  %array_load = load i32* %array_addr_2, align 4

]]></Node>
<StgValue><ssdm name="array_load"/></StgValue>
</operation>

<operation id="17" st_id="3" stage="1" lat="2">
<core>RAM</core>
<MemPortIdVec>1 </MemPortIdVec>
<condition id="-1">
<or_exp><and_exp></and_exp></or_exp>
</condition>

<Node id="9" bw="32" op_0_bw="10">
<![CDATA[
:7  %array_load_1 = load i32* %array_addr, align 4

]]></Node>
<StgValue><ssdm name="array_load_1"/></StgValue>
</operation>
</state>

<state id="4" st_id="4">

<operation id="18" st_id="4" stage="1" lat="1">
<core>NULL</core>
<MemPortIdVec></MemPortIdVec>
<condition id="-1">
<or_exp><and_exp></and_exp></or_exp>
</condition>

<Node id="2" bw="0" op_0_bw="0" op_1_bw="32">
<![CDATA[
:0  call void (...)* @_ssdm_op_SpecBitsMap([1024 x i32]* %array_r) nounwind, !map !7

]]></Node>
<StgValue><ssdm name="specbitsmap_ln0"/></StgValue>
</operation>

<operation id="19" st_id="4" stage="1" lat="1">
<core>NULL</core>
<MemPortIdVec></MemPortIdVec>
<condition id="-1">
<or_exp><and_exp></and_exp></or_exp>
</condition>

<Node id="4" bw="0" op_0_bw="0" op_1_bw="0">
<![CDATA[
:2  call void (...)* @_ssdm_op_SpecTopModule([8 x i8]* @kernel2_str) nounwind

]]></Node>
<StgValue><ssdm name="spectopmodule_ln0"/></StgValue>
</operation>

<operation id="20" st_id="4" stage="1" lat="1">
<core>Mul</core>
<MemPortIdVec></MemPortIdVec>
<condition id="-1">
<or_exp><and_exp></and_exp></or_exp>
</condition>

<Node id="10" bw="32" op_0_bw="32" op_1_bw="32">
<![CDATA[
:8  %accum = mul nsw i32 %array_load_1, %array_load

]]></Node>
<StgValue><ssdm name="accum"/></StgValue>
</operation>

<operation id="21" st_id="4" stage="1" lat="1">
<core>NULL</core>
<MemPortIdVec></MemPortIdVec>
<condition id="-1">
<or_exp><and_exp></and_exp></or_exp>
</condition>

<Node id="11" bw="0" op_0_bw="0">
<![CDATA[
:9  br label %1

]]></Node>
<StgValue><ssdm name="br_ln9"/></StgValue>
</operation>
</state>

<state id="5" st_id="5">

<operation id="22" st_id="5" stage="1" lat="1">
<core>NULL</core>
<MemPortIdVec></MemPortIdVec>
<condition id="-1">
<or_exp><and_exp></and_exp></or_exp>
</condition>

<Node id="13" bw="32" op_0_bw="32" op_1_bw="0" op_2_bw="32" op_3_bw="0">
<![CDATA[
:0  %accum_0 = phi i32 [ %accum, %0 ], [ %accum_1, %loop ]

]]></Node>
<StgValue><ssdm name="accum_0"/></StgValue>
</operation>

<operation id="23" st_id="5" stage="1" lat="1">
<core>NULL</core>
<MemPortIdVec></MemPortIdVec>
<condition id="-1">
<or_exp><and_exp></and_exp></or_exp>
</condition>

<Node id="14" bw="11" op_0_bw="11" op_1_bw="0" op_2_bw="11" op_3_bw="0">
<![CDATA[
:1  %i_0 = phi i11 [ 3, %0 ], [ %i, %loop ]

]]></Node>
<StgValue><ssdm name="i_0"/></StgValue>
</operation>

<operation id="24" st_id="5" stage="1" lat="1">
<core>NULL</core>
<MemPortIdVec></MemPortIdVec>
<condition id="-1">
<or_exp><and_exp></and_exp></or_exp>
</condition>

<Node id="15" bw="32" op_0_bw="32" op_1_bw="0" op_2_bw="32" op_3_bw="0">
<![CDATA[
:2  %prev_0 = phi i32 [ %elem2, %0 ], [ %prev_1, %loop ]

]]></Node>
<StgValue><ssdm name="prev_0"/></StgValue>
</operation>

<operation id="25" st_id="5" stage="1" lat="1">
<core>Cmp</core>
<MemPortIdVec></MemPortIdVec>
<condition id="-1">
<or_exp><and_exp></and_exp></or_exp>
</condition>

<Node id="16" bw="1" op_0_bw="11" op_1_bw="11">
<![CDATA[
:3  %icmp_ln9 = icmp eq i11 %i_0, -1024

]]></Node>
<StgValue><ssdm name="icmp_ln9"/></StgValue>
</operation>

<operation id="26" st_id="5" stage="1" lat="1">
<core>NULL</core>
<MemPortIdVec></MemPortIdVec>
<condition id="-1">
<or_exp><and_exp></and_exp></or_exp>
</condition>

<Node id="17" bw="32" op_0_bw="32" op_1_bw="64" op_2_bw="64" op_3_bw="64">
<![CDATA[
:4  %empty = call i32 (...)* @_ssdm_op_SpecLoopTripCount(i64 1021, i64 1021, i64 1021) nounwind

]]></Node>
<StgValue><ssdm name="empty"/></StgValue>
</operation>

<operation id="27" st_id="5" stage="1" lat="1">
<core>NULL</core>
<MemPortIdVec></MemPortIdVec>
<condition id="-1">
<or_exp><and_exp></and_exp></or_exp>
</condition>

<Node id="18" bw="0" op_0_bw="1" op_1_bw="0" op_2_bw="0">
<![CDATA[
:5  br i1 %icmp_ln9, label %2, label %loop

]]></Node>
<StgValue><ssdm name="br_ln9"/></StgValue>
</operation>

<operation id="28" st_id="5" stage="1" lat="1">
<core>AddSub</core>
<MemPortIdVec></MemPortIdVec>
<condition id="-1">
<or_exp><and_exp><literal name="icmp_ln9" val="0"/>
</and_exp></or_exp>
</condition>

<Node id="27" bw="11" op_0_bw="11" op_1_bw="11">
<![CDATA[
loop:7  %add_ln12 = add i11 %i_0, -2

]]></Node>
<StgValue><ssdm name="add_ln12"/></StgValue>
</operation>

<operation id="29" st_id="5" stage="1" lat="1">
<core>NULL</core>
<MemPortIdVec></MemPortIdVec>
<condition id="-1">
<or_exp><and_exp><literal name="icmp_ln9" val="0"/>
</and_exp></or_exp>
</condition>

<Node id="28" bw="64" op_0_bw="11">
<![CDATA[
loop:8  %zext_ln12 = zext i11 %add_ln12 to i64

]]></Node>
<StgValue><ssdm name="zext_ln12"/></StgValue>
</operation>

<operation id="30" st_id="5" stage="1" lat="1">
<core>NULL</core>
<MemPortIdVec></MemPortIdVec>
<condition id="-1">
<or_exp><and_exp><literal name="icmp_ln9" val="0"/>
</and_exp></or_exp>
</condition>

<Node id="29" bw="10" op_0_bw="32" op_1_bw="64" op_2_bw="64">
<![CDATA[
loop:9  %array_addr_4 = getelementptr [1024 x i32]* %array_r, i64 0, i64 %zext_ln12

]]></Node>
<StgValue><ssdm name="array_addr_4"/></StgValue>
</operation>

<operation id="31" st_id="5" stage="2" lat="2">
<core>RAM</core>
<MemPortIdVec>1 </MemPortIdVec>
<condition id="-1">
<or_exp><and_exp><literal name="icmp_ln9" val="0"/>
</and_exp></or_exp>
</condition>

<Node id="30" bw="32" op_0_bw="10">
<![CDATA[
loop:10  %array_load_2 = load i32* %array_addr_4, align 4

]]></Node>
<StgValue><ssdm name="array_load_2"/></StgValue>
</operation>

<operation id="32" st_id="5" stage="1" lat="1">
<core>AddSub</core>
<MemPortIdVec></MemPortIdVec>
<condition id="-1">
<or_exp><and_exp><literal name="icmp_ln9" val="0"/>
</and_exp></or_exp>
</condition>

<Node id="34" bw="11" op_0_bw="11" op_1_bw="11">
<![CDATA[
loop:14  %i = add i11 %i_0, 1

]]></Node>
<StgValue><ssdm name="i"/></StgValue>
</operation>
</state>

<state id="6" st_id="6">

<operation id="33" st_id="6" stage="1" lat="2">
<core>RAM</core>
<MemPortIdVec>1 </MemPortIdVec>
<condition id="-1">
<or_exp><and_exp><literal name="icmp_ln9" val="0"/>
</and_exp></or_exp>
</condition>

<Node id="30" bw="32" op_0_bw="10">
<![CDATA[
loop:10  %array_load_2 = load i32* %array_addr_4, align 4

]]></Node>
<StgValue><ssdm name="array_load_2"/></StgValue>
</operation>
</state>

<state id="7" st_id="7">

<operation id="34" st_id="7" stage="1" lat="1">
<core>NULL</core>
<MemPortIdVec></MemPortIdVec>
<condition id="-1">
<or_exp><and_exp><literal name="icmp_ln9" val="0"/>
</and_exp></or_exp>
</condition>

<Node id="20" bw="0" op_0_bw="0" op_1_bw="0">
<![CDATA[
loop:0  call void (...)* @_ssdm_op_SpecLoopName([5 x i8]* @p_str) nounwind

]]></Node>
<StgValue><ssdm name="specloopname_ln10"/></StgValue>
</operation>

<operation id="35" st_id="7" stage="1" lat="1">
<core>NULL</core>
<MemPortIdVec></MemPortIdVec>
<condition id="-1">
<or_exp><and_exp><literal name="icmp_ln9" val="0"/>
</and_exp></or_exp>
</condition>

<Node id="21" bw="32" op_0_bw="32" op_1_bw="0">
<![CDATA[
loop:1  %tmp = call i32 (...)* @_ssdm_op_SpecRegionBegin([5 x i8]* @p_str) nounwind

]]></Node>
<StgValue><ssdm name="tmp"/></StgValue>
</operation>

<operation id="36" st_id="7" stage="1" lat="1">
<core>NULL</core>
<MemPortIdVec></MemPortIdVec>
<condition id="-1">
<or_exp><and_exp><literal name="icmp_ln9" val="0"/>
</and_exp></or_exp>
</condition>

<Node id="22" bw="0" op_0_bw="0" op_1_bw="32" op_2_bw="32" op_3_bw="32" op_4_bw="32" op_5_bw="0">
<![CDATA[
loop:2  call void (...)* @_ssdm_op_SpecPipeline(i32 -1, i32 1, i32 1, i32 0, [1 x i8]* @p_str1) nounwind

]]></Node>
<StgValue><ssdm name="specpipeline_ln11"/></StgValue>
</operation>

<operation id="37" st_id="7" stage="1" lat="1">
<core>AddSub</core>
<MemPortIdVec></MemPortIdVec>
<condition id="-1">
<or_exp><and_exp><literal name="icmp_ln9" val="0"/>
</and_exp></or_exp>
</condition>

<Node id="23" bw="32" op_0_bw="32" op_1_bw="32">
<![CDATA[
loop:3  %prev_1 = add nsw i32 %elem2, %accum_0

]]></Node>
<StgValue><ssdm name="prev_1"/></StgValue>
</operation>

<operation id="38" st_id="7" stage="1" lat="1">
<core>NULL</core>
<MemPortIdVec></MemPortIdVec>
<condition id="-1">
<or_exp><and_exp><literal name="icmp_ln9" val="0"/>
</and_exp></or_exp>
</condition>

<Node id="24" bw="64" op_0_bw="11">
<![CDATA[
loop:4  %zext_ln11 = zext i11 %i_0 to i64

]]></Node>
<StgValue><ssdm name="zext_ln11"/></StgValue>
</operation>

<operation id="39" st_id="7" stage="1" lat="1">
<core>NULL</core>
<MemPortIdVec></MemPortIdVec>
<condition id="-1">
<or_exp><and_exp><literal name="icmp_ln9" val="0"/>
</and_exp></or_exp>
</condition>

<Node id="25" bw="10" op_0_bw="32" op_1_bw="64" op_2_bw="64">
<![CDATA[
loop:5  %array_addr_3 = getelementptr [1024 x i32]* %array_r, i64 0, i64 %zext_ln11

]]></Node>
<StgValue><ssdm name="array_addr_3"/></StgValue>
</operation>

<operation id="40" st_id="7" stage="1" lat="1">
<core>RAM</core>
<MemPortIdVec>0 </MemPortIdVec>
<condition id="-1">
<or_exp><and_exp><literal name="icmp_ln9" val="0"/>
</and_exp></or_exp>
</condition>

<Node id="26" bw="0" op_0_bw="32" op_1_bw="10">
<![CDATA[
loop:6  store i32 %prev_1, i32* %array_addr_3, align 4

]]></Node>
<StgValue><ssdm name="store_ln11"/></StgValue>
</operation>

<operation id="41" st_id="7" stage="1" lat="1">
<core>Mul</core>
<MemPortIdVec></MemPortIdVec>
<condition id="-1">
<or_exp><and_exp><literal name="icmp_ln9" val="0"/>
</and_exp></or_exp>
</condition>

<Node id="31" bw="32" op_0_bw="32" op_1_bw="32">
<![CDATA[
loop:11  %mul_ln12 = mul nsw i32 %array_load_2, %prev_0

]]></Node>
<StgValue><ssdm name="mul_ln12"/></StgValue>
</operation>

<operation id="42" st_id="7" stage="1" lat="1">
<core>AddSub</core>
<MemPortIdVec></MemPortIdVec>
<condition id="-1">
<or_exp><and_exp><literal name="icmp_ln9" val="0"/>
</and_exp></or_exp>
</condition>

<Node id="32" bw="32" op_0_bw="32" op_1_bw="32">
<![CDATA[
loop:12  %accum_1 = add nsw i32 %mul_ln12, %accum_0

]]></Node>
<StgValue><ssdm name="accum_1"/></StgValue>
</operation>

<operation id="43" st_id="7" stage="1" lat="1">
<core>NULL</core>
<MemPortIdVec></MemPortIdVec>
<condition id="-1">
<or_exp><and_exp><literal name="icmp_ln9" val="0"/>
</and_exp></or_exp>
</condition>

<Node id="33" bw="32" op_0_bw="32" op_1_bw="0" op_2_bw="32">
<![CDATA[
loop:13  %empty_2 = call i32 (...)* @_ssdm_op_SpecRegionEnd([5 x i8]* @p_str, i32 %tmp) nounwind

]]></Node>
<StgValue><ssdm name="empty_2"/></StgValue>
</operation>

<operation id="44" st_id="7" stage="1" lat="1">
<core>NULL</core>
<MemPortIdVec></MemPortIdVec>
<condition id="-1">
<or_exp><and_exp><literal name="icmp_ln9" val="0"/>
</and_exp></or_exp>
</condition>

<Node id="35" bw="0" op_0_bw="0">
<![CDATA[
loop:15  br label %1

]]></Node>
<StgValue><ssdm name="br_ln9"/></StgValue>
</operation>
</state>

<state id="8" st_id="8">

<operation id="45" st_id="8" stage="1" lat="1">
<core>NULL</core>
<MemPortIdVec></MemPortIdVec>
<condition id="-1">
<or_exp><and_exp></and_exp></or_exp>
</condition>

<Node id="37" bw="0">
<![CDATA[
:0  ret void

]]></Node>
<StgValue><ssdm name="ret_ln15"/></StgValue>
</operation>
</state>
</state_list>


<ports>
<port id="60" name="array_r" dir="2" iftype="1">
<core>RAM</core><StgValue><ssdm name="array_r"/><MemPortTyVec>2 1 </MemPortTyVec>
</StgValue>
</port>
</ports>


<dataflows>
<dataflow id="61" from="array_r" to="array_addr_1" fromId="60" toId="9">
</dataflow>
<dataflow id="63" from="StgValue_62" to="array_addr_1" fromId="62" toId="9">
</dataflow>
<dataflow id="65" from="StgValue_64" to="array_addr_1" fromId="64" toId="9">
</dataflow>
<dataflow id="66" from="array_addr_1" to="elem2" fromId="9" toId="10">
</dataflow>
<dataflow id="67" from="array_r" to="array_addr" fromId="60" toId="11">
</dataflow>
<dataflow id="68" from="StgValue_62" to="array_addr" fromId="62" toId="11">
</dataflow>
<dataflow id="69" from="StgValue_62" to="array_addr" fromId="62" toId="11">
</dataflow>
<dataflow id="70" from="array_addr_1" to="elem2" fromId="9" toId="12">
</dataflow>
<dataflow id="71" from="array_r" to="array_addr_2" fromId="60" toId="13">
</dataflow>
<dataflow id="72" from="StgValue_62" to="array_addr_2" fromId="62" toId="13">
</dataflow>
<dataflow id="74" from="StgValue_73" to="array_addr_2" fromId="73" toId="13">
</dataflow>
<dataflow id="75" from="array_addr_2" to="array_load" fromId="13" toId="14">
</dataflow>
<dataflow id="76" from="array_addr" to="array_load_1" fromId="11" toId="15">
</dataflow>
<dataflow id="77" from="array_addr_2" to="array_load" fromId="13" toId="16">
</dataflow>
<dataflow id="78" from="array_addr" to="array_load_1" fromId="11" toId="17">
</dataflow>
<dataflow id="80" from="_ssdm_op_SpecBitsMap" to="specbitsmap_ln0" fromId="79" toId="18">
</dataflow>
<dataflow id="81" from="array_r" to="specbitsmap_ln0" fromId="60" toId="18">
</dataflow>
<dataflow id="83" from="_ssdm_op_SpecTopModule" to="spectopmodule_ln0" fromId="82" toId="19">
</dataflow>
<dataflow id="85" from="kernel2_str" to="spectopmodule_ln0" fromId="84" toId="19">
</dataflow>
<dataflow id="86" from="array_load_1" to="accum" fromId="17" toId="20">
</dataflow>
<dataflow id="87" from="array_load" to="accum" fromId="16" toId="20">
</dataflow>
<dataflow id="88" from="accum" to="accum_0" fromId="20" toId="22">
<condition id="-1">
<or_exp><and_exp></and_exp></or_exp>
</condition>
</dataflow>
<dataflow id="89" from="br_ln9" to="accum_0" fromId="21" toId="22">
</dataflow>
<dataflow id="90" from="accum_1" to="accum_0" fromId="42" toId="22">
<BackEdge/>
<condition id="-1">
<or_exp><and_exp><literal name="icmp_ln9" val="0"/>
</and_exp></or_exp>
</condition>
</dataflow>
<dataflow id="91" from="br_ln9" to="accum_0" fromId="44" toId="22">
<BackEdge/>
</dataflow>
<dataflow id="93" from="StgValue_92" to="i_0" fromId="92" toId="23">
<condition id="-1">
<or_exp><and_exp></and_exp></or_exp>
</condition>
</dataflow>
<dataflow id="94" from="br_ln9" to="i_0" fromId="21" toId="23">
</dataflow>
<dataflow id="95" from="i" to="i_0" fromId="32" toId="23">
<BackEdge/>
<condition id="-1">
<or_exp><and_exp><literal name="icmp_ln9" val="0"/>
</and_exp></or_exp>
</condition>
</dataflow>
<dataflow id="96" from="br_ln9" to="i_0" fromId="44" toId="23">
<BackEdge/>
</dataflow>
<dataflow id="97" from="elem2" to="prev_0" fromId="12" toId="24">
<condition id="-1">
<or_exp><and_exp></and_exp></or_exp>
</condition>
</dataflow>
<dataflow id="98" from="br_ln9" to="prev_0" fromId="21" toId="24">
</dataflow>
<dataflow id="99" from="prev_1" to="prev_0" fromId="37" toId="24">
<BackEdge/>
<condition id="-1">
<or_exp><and_exp><literal name="icmp_ln9" val="0"/>
</and_exp></or_exp>
</condition>
</dataflow>
<dataflow id="100" from="br_ln9" to="prev_0" fromId="44" toId="24">
<BackEdge/>
</dataflow>
<dataflow id="101" from="i_0" to="icmp_ln9" fromId="23" toId="25">
</dataflow>
<dataflow id="103" from="StgValue_102" to="icmp_ln9" fromId="102" toId="25">
</dataflow>
<dataflow id="105" from="_ssdm_op_SpecLoopTripCount" to="empty" fromId="104" toId="26">
</dataflow>
<dataflow id="107" from="StgValue_106" to="empty" fromId="106" toId="26">
</dataflow>
<dataflow id="108" from="StgValue_106" to="empty" fromId="106" toId="26">
</dataflow>
<dataflow id="109" from="StgValue_106" to="empty" fromId="106" toId="26">
</dataflow>
<dataflow id="110" from="icmp_ln9" to="br_ln9" fromId="25" toId="27">
</dataflow>
<dataflow id="111" from="i_0" to="add_ln12" fromId="23" toId="28">
</dataflow>
<dataflow id="113" from="StgValue_112" to="add_ln12" fromId="112" toId="28">
</dataflow>
<dataflow id="114" from="add_ln12" to="zext_ln12" fromId="28" toId="29">
</dataflow>
<dataflow id="115" from="array_r" to="array_addr_4" fromId="60" toId="30">
</dataflow>
<dataflow id="116" from="StgValue_62" to="array_addr_4" fromId="62" toId="30">
</dataflow>
<dataflow id="117" from="zext_ln12" to="array_addr_4" fromId="29" toId="30">
</dataflow>
<dataflow id="118" from="array_addr_4" to="array_load_2" fromId="30" toId="31">
</dataflow>
<dataflow id="119" from="i_0" to="i" fromId="23" toId="32">
</dataflow>
<dataflow id="121" from="StgValue_120" to="i" fromId="120" toId="32">
</dataflow>
<dataflow id="122" from="array_addr_4" to="array_load_2" fromId="30" toId="33">
</dataflow>
<dataflow id="124" from="_ssdm_op_SpecLoopName" to="specloopname_ln10" fromId="123" toId="34">
</dataflow>
<dataflow id="126" from="p_str" to="specloopname_ln10" fromId="125" toId="34">
</dataflow>
<dataflow id="128" from="_ssdm_op_SpecRegionBegin" to="tmp" fromId="127" toId="35">
</dataflow>
<dataflow id="129" from="p_str" to="tmp" fromId="125" toId="35">
</dataflow>
<dataflow id="131" from="_ssdm_op_SpecPipeline" to="specpipeline_ln11" fromId="130" toId="36">
</dataflow>
<dataflow id="133" from="StgValue_132" to="specpipeline_ln11" fromId="132" toId="36">
</dataflow>
<dataflow id="135" from="StgValue_134" to="specpipeline_ln11" fromId="134" toId="36">
</dataflow>
<dataflow id="136" from="StgValue_134" to="specpipeline_ln11" fromId="134" toId="36">
</dataflow>
<dataflow id="138" from="StgValue_137" to="specpipeline_ln11" fromId="137" toId="36">
</dataflow>
<dataflow id="140" from="p_str1" to="specpipeline_ln11" fromId="139" toId="36">
</dataflow>
<dataflow id="141" from="elem2" to="prev_1" fromId="12" toId="37">
</dataflow>
<dataflow id="142" from="accum_0" to="prev_1" fromId="22" toId="37">
</dataflow>
<dataflow id="143" from="i_0" to="zext_ln11" fromId="23" toId="38">
</dataflow>
<dataflow id="144" from="array_r" to="array_addr_3" fromId="60" toId="39">
</dataflow>
<dataflow id="145" from="StgValue_62" to="array_addr_3" fromId="62" toId="39">
</dataflow>
<dataflow id="146" from="zext_ln11" to="array_addr_3" fromId="38" toId="39">
</dataflow>
<dataflow id="147" from="prev_1" to="store_ln11" fromId="37" toId="40">
</dataflow>
<dataflow id="148" from="array_addr_3" to="store_ln11" fromId="39" toId="40">
</dataflow>
<dataflow id="149" from="array_load_2" to="mul_ln12" fromId="33" toId="41">
</dataflow>
<dataflow id="150" from="prev_0" to="mul_ln12" fromId="24" toId="41">
</dataflow>
<dataflow id="151" from="mul_ln12" to="accum_1" fromId="41" toId="42">
</dataflow>
<dataflow id="152" from="accum_0" to="accum_1" fromId="22" toId="42">
</dataflow>
<dataflow id="154" from="_ssdm_op_SpecRegionEnd" to="empty_2" fromId="153" toId="43">
</dataflow>
<dataflow id="155" from="p_str" to="empty_2" fromId="125" toId="43">
</dataflow>
<dataflow id="156" from="tmp" to="empty_2" fromId="35" toId="43">
</dataflow>
<dataflow id="157" from="icmp_ln9" to="StgValue_5" fromId="25" toId="5">
</dataflow>
<dataflow id="158" from="icmp_ln9" to="StgValue_6" fromId="25" toId="6">
</dataflow>
<dataflow id="159" from="icmp_ln9" to="StgValue_7" fromId="25" toId="7">
</dataflow>
</dataflows>


</stg>
