<profile>

<section name = "Vivado HLS Report for 'kernel4'" level="0">
<item name = "Date">Fri May  7 23:22:02 2021
</item>
<item name = "Version">2019.2 (Build 2704478 on Wed Nov 06 22:10:23 MST 2019)</item>
<item name = "Project">prj_kernel4</item>
<item name = "Solution">original</item>
<item name = "Product family">kintex7</item>
<item name = "Target device">xc7k160t-fbg484-1</item>
</section>

<section name = "Performance Estimates" level="0">
<item name = "Timing">
<section name = "" level="1">
<item name = "Summary"><table name="" hasTotal="0">
<keys size="4">Clock, Target, Estimated, Uncertainty</keys>
<column name="ap_clk">10.00 ns, 6.580 ns, 1.25 ns</column>
</table>
</item>
</section>
</item>
<item name = "Latency">
<section name = "" level="1">
<item name = "Summary"><table name="" hasTotal="0">
<keys size="8">, min, max, min, max, min, max, Type</keys>
<column name="">?, ?, ?, ?, ?, ?, none</column>
</table>
</item>
<item name = "Detail">
<section name = "" level="1">
<item name = "Instance"><table name="" hasTotal="0">
<keys size="9">Instance, Module, min, max, min, max, min, max, Type</keys>
</table>
</item>
<item name = "Loop"><table name="" hasTotal="0">
<keys size="8">Loop Name, min, max, Latency, achieved, target, Count, Pipelined</keys>
<column name="- loop">?, ?, 5, -, -, ?, no</column>
</table>
</item>
</section>
</item>
</section>
</item>
</section>

<section name = "Utilization Estimates" level="0">
<item name = "Summary"><table name="" hasTotal="1">
<keys size="6">Name, BRAM_18K, DSP48E, FF, LUT, URAM</keys>
<column name="DSP">-, -, -, -, -</column>
<column name="Expression">-, 6, 0, 202, -</column>
<column name="FIFO">-, -, -, -, -</column>
<column name="Instance">-, -, -, -, -</column>
<column name="Memory">-, -, -, -, -</column>
<column name="Multiplexer">-, -, -, 77, -</column>
<column name="Register">-, -, 272, -, -</column>
<specialColumn name="Available">650, 600, 202800, 101400, 0</specialColumn>
<specialColumn name="Utilization (%)">0, 1, ~0, ~0, 0</specialColumn>
</table>
</item>
<item name = "Detail">
<section name = "" level="1">
<item name = "Instance"><table name="" hasTotal="1">
<keys size="7">Instance, Module, BRAM_18K, DSP48E, FF, LUT, URAM</keys>
</table>
</item>
<item name = "DSP48E"><table name="" hasTotal="0">
<keys size="3">Instance, Module, Expression</keys>
</table>
</item>
<item name = "Memory"><table name="" hasTotal="1">
<keys size="10">Memory, Module, BRAM_18K, FF, LUT, URAM, Words, Bits, Banks, W*Bits*Banks</keys>
</table>
</item>
<item name = "FIFO"><table name="" hasTotal="1">
<keys size="8">Name, BRAM_18K, FF, LUT, URAM, Depth, Bits, Size:D*B</keys>
</table>
</item>
<item name = "Expression"><table name="" hasTotal="1">
<keys size="7">Variable Name, Operation, DSP48E, FF, LUT, Bitwidth P0, Bitwidth P1</keys>
<column name="mul_ln7_1_fu_124_p2">*, 3, 0, 21, 32, 32</column>
<column name="mul_ln7_fu_120_p2">*, 3, 0, 21, 32, 32</column>
<column name="add_ln7_fu_109_p2">+, 0, 0, 39, 32, 2</column>
<column name="array_r_d1">+, 0, 0, 32, 32, 32</column>
<column name="i_fu_92_p2">+, 0, 0, 39, 32, 1</column>
<column name="sub_ln7_fu_128_p2">-, 0, 0, 32, 32, 32</column>
<column name="icmp_ln5_fu_98_p2">icmp, 0, 0, 18, 32, 10</column>
</table>
</item>
<item name = "Multiplexer"><table name="" hasTotal="1">
<keys size="5">Name, LUT, Input Size, Bits, Total Bits</keys>
<column name="ap_NS_fsm">38, 7, 1, 7</column>
<column name="array_r_address0">15, 3, 10, 30</column>
<column name="array_r_address1">15, 3, 10, 30</column>
<column name="i_0_in_reg_77">9, 2, 32, 64</column>
</table>
</item>
<item name = "Register"><table name="" hasTotal="1">
<keys size="5">Name, FF, LUT, Bits, Const Bits</keys>
<column name="ap_CS_fsm">6, 0, 6, 0</column>
<column name="array_addr_reg_143">10, 0, 10, 0</column>
<column name="array_load_1_reg_184">32, 0, 32, 0</column>
<column name="array_load_2_reg_189">32, 0, 32, 0</column>
<column name="array_load_reg_158">32, 0, 32, 0</column>
<column name="i_0_in_reg_77">32, 0, 32, 0</column>
<column name="i_reg_149">32, 0, 32, 0</column>
<column name="index_load_reg_178">32, 0, 32, 0</column>
<column name="mul_ln7_1_reg_199">32, 0, 32, 0</column>
<column name="mul_ln7_reg_194">32, 0, 32, 0</column>
</table>
</item>
</section>
</item>
</section>

<section name = "Interface" level="0">
<item name = "Summary"><table name="" hasTotal="0">
<keys size="6">RTL Ports, Dir, Bits, Protocol, Source Object, C Type</keys>
<column name="ap_clk">in, 1, ap_ctrl_hs, kernel4, return value</column>
<column name="ap_rst">in, 1, ap_ctrl_hs, kernel4, return value</column>
<column name="ap_start">in, 1, ap_ctrl_hs, kernel4, return value</column>
<column name="ap_done">out, 1, ap_ctrl_hs, kernel4, return value</column>
<column name="ap_idle">out, 1, ap_ctrl_hs, kernel4, return value</column>
<column name="ap_ready">out, 1, ap_ctrl_hs, kernel4, return value</column>
<column name="array_r_address0">out, 10, ap_memory, array_r, array</column>
<column name="array_r_ce0">out, 1, ap_memory, array_r, array</column>
<column name="array_r_q0">in, 32, ap_memory, array_r, array</column>
<column name="array_r_address1">out, 10, ap_memory, array_r, array</column>
<column name="array_r_ce1">out, 1, ap_memory, array_r, array</column>
<column name="array_r_we1">out, 1, ap_memory, array_r, array</column>
<column name="array_r_d1">out, 32, ap_memory, array_r, array</column>
<column name="array_r_q1">in, 32, ap_memory, array_r, array</column>
<column name="index_address0">out, 10, ap_memory, index, array</column>
<column name="index_ce0">out, 1, ap_memory, index, array</column>
<column name="index_q0">in, 32, ap_memory, index, array</column>
<column name="offset">in, 32, ap_none, offset, scalar</column>
</table>
</item>
</section>
</profile>
