<annotationInfo>
<annotationInfo>
<item  id="10" filename="kernel8.cpp" linenumber="5" name="sub_ln5" contextFuncName="kernel8" moduleName="kernel8" rtlName="sub_ln5_fu_73_p2" latency="0" BRAM="-1" DSP="-1" FF="0" LUT="39" fileDirectory="C:\Users\Kushagra\Desktop\EPFL_Sem2\Advanced_Computer_Architecture\Git\HLS\hw3-kernels\kernel8"><\/item>
<item  id="14" filename="kernel8.cpp" linenumber="5" name="zext_ln5" contextFuncName="kernel8" moduleName="kernel8" rtlName="zext_ln5_fu_79_p1" latency="0" BRAM="-1" DSP="-1" FF="-1" LUT="-1" fileDirectory="C:\Users\Kushagra\Desktop\EPFL_Sem2\Advanced_Computer_Architecture\Git\HLS\hw3-kernels\kernel8"><\/item>
<item  id="15" filename="kernel8.cpp" linenumber="5" name="icmp_ln5" contextFuncName="kernel8" moduleName="kernel8" rtlName="icmp_ln5_fu_83_p2" latency="0" BRAM="-1" DSP="-1" FF="0" LUT="18" fileDirectory="C:\Users\Kushagra\Desktop\EPFL_Sem2\Advanced_Computer_Architecture\Git\HLS\hw3-kernels\kernel8"><\/item>
<item  id="19" filename="kernel8.cpp" linenumber="7" name="add_ln7" contextFuncName="kernel8" moduleName="kernel8" rtlName="add_ln7_fu_88_p2" latency="0" BRAM="-1" DSP="-1" FF="0" LUT="38" fileDirectory="C:\Users\Kushagra\Desktop\EPFL_Sem2\Advanced_Computer_Architecture\Git\HLS\hw3-kernels\kernel8"><\/item>
<item  id="20" filename="kernel8.cpp" linenumber="7" name="zext_ln7_1" contextFuncName="kernel8" moduleName="kernel8" rtlName="zext_ln7_1_fu_94_p1" latency="0" BRAM="-1" DSP="-1" FF="-1" LUT="-1" fileDirectory="C:\Users\Kushagra\Desktop\EPFL_Sem2\Advanced_Computer_Architecture\Git\HLS\hw3-kernels\kernel8"><\/item>
<item  id="21" filename="kernel8.cpp" linenumber="7" name="add_ln7_1" contextFuncName="kernel8" moduleName="kernel8" rtlName="add_ln7_1_fu_98_p2" latency="0" BRAM="-1" DSP="-1" FF="0" LUT="39" fileDirectory="C:\Users\Kushagra\Desktop\EPFL_Sem2\Advanced_Computer_Architecture\Git\HLS\hw3-kernels\kernel8"><\/item>
<item  id="22" filename="kernel8.cpp" linenumber="7" name="sext_ln7" contextFuncName="kernel8" moduleName="kernel8" rtlName="sext_ln7_fu_103_p1" latency="0" BRAM="-1" DSP="-1" FF="-1" LUT="-1" fileDirectory="C:\Users\Kushagra\Desktop\EPFL_Sem2\Advanced_Computer_Architecture\Git\HLS\hw3-kernels\kernel8"><\/item>
<item  id="25" filename="kernel8.cpp" linenumber="7" name="mul_ln7" contextFuncName="kernel8" moduleName="kernel8" rtlName="mul_ln7_fu_108_p2" latency="0" BRAM="-1" DSP="3" FF="0" LUT="21" fileDirectory="C:\Users\Kushagra\Desktop\EPFL_Sem2\Advanced_Computer_Architecture\Git\HLS\hw3-kernels\kernel8"><\/item>
<item  id="26" filename="kernel8.cpp" linenumber="7" name="zext_ln7" contextFuncName="kernel8" moduleName="kernel8" rtlName="zext_ln7_fu_112_p1" latency="0" BRAM="-1" DSP="-1" FF="-1" LUT="-1" fileDirectory="C:\Users\Kushagra\Desktop\EPFL_Sem2\Advanced_Computer_Architecture\Git\HLS\hw3-kernels\kernel8"><\/item>
<item  id="29" filename="kernel8.cpp" linenumber="5" name="i" contextFuncName="kernel8" moduleName="kernel8" rtlName="i_fu_117_p2" latency="0" BRAM="-1" DSP="-1" FF="0" LUT="38" fileDirectory="C:\Users\Kushagra\Desktop\EPFL_Sem2\Advanced_Computer_Architecture\Git\HLS\hw3-kernels\kernel8"><\/item>
<\/annotationInfo>
</annotationInfo>
