<profile>

<section name = "Vivado HLS Report for 'kernel8'" level="0">
<item name = "Date">Fri May  7 23:35:46 2021
</item>
<item name = "Version">2019.2 (Build 2704478 on Wed Nov 06 22:10:23 MST 2019)</item>
<item name = "Project">prj_kernel8</item>
<item name = "Solution">original</item>
<item name = "Product family">kintex7</item>
<item name = "Target device">xc7k160t-fbg484-1</item>
</section>

<section name = "Performance Estimates" level="0">
<item name = "Timing">
<section name = "" level="1">
<item name = "Summary"><table name="" hasTotal="0">
<keys size="4">Clock, Target, Estimated, Uncertainty</keys>
<column name="ap_clk">10.00 ns, 6.580 ns, 1.25 ns</column>
</table>
</item>
</section>
</item>
<item name = "Latency">
<section name = "" level="1">
<item name = "Summary"><table name="" hasTotal="0">
<keys size="8">, min, max, min, max, min, max, Type</keys>
<column name="">?, ?, ?, ?, ?, ?, none</column>
</table>
</item>
<item name = "Detail">
<section name = "" level="1">
<item name = "Instance"><table name="" hasTotal="0">
<keys size="9">Instance, Module, min, max, min, max, min, max, Type</keys>
</table>
</item>
<item name = "Loop"><table name="" hasTotal="0">
<keys size="8">Loop Name, min, max, Latency, achieved, target, Count, Pipelined</keys>
<column name="- loop">?, ?, 4, -, -, ?, no</column>
</table>
</item>
</section>
</item>
</section>
</item>
</section>

<section name = "Utilization Estimates" level="0">
<item name = "Summary"><table name="" hasTotal="1">
<keys size="6">Name, BRAM_18K, DSP48E, FF, LUT, URAM</keys>
<column name="DSP">-, -, -, -, -</column>
<column name="Expression">-, 3, 0, 193, -</column>
<column name="FIFO">-, -, -, -, -</column>
<column name="Instance">-, -, -, -, -</column>
<column name="Memory">-, -, -, -, -</column>
<column name="Multiplexer">-, -, -, 57, -</column>
<column name="Register">-, -, 132, -, -</column>
<specialColumn name="Available">650, 600, 202800, 101400, 0</specialColumn>
<specialColumn name="Utilization (%)">0, ~0, ~0, ~0, 0</specialColumn>
</table>
</item>
<item name = "Detail">
<section name = "" level="1">
<item name = "Instance"><table name="" hasTotal="1">
<keys size="7">Instance, Module, BRAM_18K, DSP48E, FF, LUT, URAM</keys>
</table>
</item>
<item name = "DSP48E"><table name="" hasTotal="0">
<keys size="3">Instance, Module, Expression</keys>
</table>
</item>
<item name = "Memory"><table name="" hasTotal="1">
<keys size="10">Memory, Module, BRAM_18K, FF, LUT, URAM, Words, Bits, Banks, W*Bits*Banks</keys>
</table>
</item>
<item name = "FIFO"><table name="" hasTotal="1">
<keys size="8">Name, BRAM_18K, FF, LUT, URAM, Depth, Bits, Size:D*B</keys>
</table>
</item>
<item name = "Expression"><table name="" hasTotal="1">
<keys size="7">Variable Name, Operation, DSP48E, FF, LUT, Bitwidth P0, Bitwidth P1</keys>
<column name="mul_ln7_fu_108_p2">*, 3, 0, 21, 32, 32</column>
<column name="add_ln7_1_fu_98_p2">+, 0, 0, 39, 32, 32</column>
<column name="add_ln7_fu_88_p2">+, 0, 0, 38, 31, 4</column>
<column name="i_fu_117_p2">+, 0, 0, 38, 31, 1</column>
<column name="sub_ln5_fu_73_p2">-, 0, 0, 39, 10, 32</column>
<column name="icmp_ln5_fu_83_p2">icmp, 0, 0, 18, 32, 32</column>
</table>
</item>
<item name = "Multiplexer"><table name="" hasTotal="1">
<keys size="5">Name, LUT, Input Size, Bits, Total Bits</keys>
<column name="ap_NS_fsm">33, 6, 1, 6</column>
<column name="array_r_address0">15, 3, 10, 30</column>
<column name="i_0_reg_61">9, 2, 31, 62</column>
</table>
</item>
<item name = "Register"><table name="" hasTotal="1">
<keys size="5">Name, FF, LUT, Bits, Const Bits</keys>
<column name="ap_CS_fsm">5, 0, 5, 0</column>
<column name="array_load_reg_146">32, 0, 32, 0</column>
<column name="i_0_reg_61">31, 0, 31, 0</column>
<column name="mul_ln7_reg_151">32, 0, 32, 0</column>
<column name="sub_ln5_reg_133">32, 0, 32, 0</column>
</table>
</item>
</section>
</item>
</section>

<section name = "Interface" level="0">
<item name = "Summary"><table name="" hasTotal="0">
<keys size="6">RTL Ports, Dir, Bits, Protocol, Source Object, C Type</keys>
<column name="ap_clk">in, 1, ap_ctrl_hs, kernel8, return value</column>
<column name="ap_rst">in, 1, ap_ctrl_hs, kernel8, return value</column>
<column name="ap_start">in, 1, ap_ctrl_hs, kernel8, return value</column>
<column name="ap_done">out, 1, ap_ctrl_hs, kernel8, return value</column>
<column name="ap_idle">out, 1, ap_ctrl_hs, kernel8, return value</column>
<column name="ap_ready">out, 1, ap_ctrl_hs, kernel8, return value</column>
<column name="array_r_address0">out, 10, ap_memory, array_r, array</column>
<column name="array_r_ce0">out, 1, ap_memory, array_r, array</column>
<column name="array_r_we0">out, 1, ap_memory, array_r, array</column>
<column name="array_r_d0">out, 32, ap_memory, array_r, array</column>
<column name="array_r_q0">in, 32, ap_memory, array_r, array</column>
<column name="multiplier">in, 32, ap_none, multiplier, scalar</column>
<column name="offset">in, 32, ap_none, offset, scalar</column>
</table>
</item>
</section>
</profile>
