<stg><name>kernel7</name>


<trans_list>

<trans id="56" from="1" to="2">
<condition id="-1">
<or_exp><and_exp></and_exp></or_exp>
</condition>
</trans>

<trans id="81" from="2" to="13">
<condition id="-1">
<or_exp><and_exp><literal name="icmp_ln6" val="1"/>
</and_exp></or_exp>
</condition>
</trans>

<trans id="82" from="2" to="3">
<condition id="-1">
<or_exp><and_exp><literal name="icmp_ln6" val="0"/>
</and_exp></or_exp>
</condition>
</trans>

<trans id="71" from="3" to="4">
<condition id="-1">
<or_exp><and_exp></and_exp></or_exp>
</condition>
</trans>

<trans id="72" from="4" to="5">
<condition id="-1">
<or_exp><and_exp></and_exp></or_exp>
</condition>
</trans>

<trans id="73" from="5" to="6">
<condition id="-1">
<or_exp><and_exp></and_exp></or_exp>
</condition>
</trans>

<trans id="74" from="6" to="7">
<condition id="-1">
<or_exp><and_exp></and_exp></or_exp>
</condition>
</trans>

<trans id="75" from="7" to="8">
<condition id="-1">
<or_exp><and_exp></and_exp></or_exp>
</condition>
</trans>

<trans id="76" from="8" to="9">
<condition id="-1">
<or_exp><and_exp></and_exp></or_exp>
</condition>
</trans>

<trans id="77" from="9" to="10">
<condition id="-1">
<or_exp><and_exp></and_exp></or_exp>
</condition>
</trans>

<trans id="78" from="10" to="11">
<condition id="-1">
<or_exp><and_exp></and_exp></or_exp>
</condition>
</trans>

<trans id="79" from="11" to="12">
<condition id="-1">
<or_exp><and_exp></and_exp></or_exp>
</condition>
</trans>

<trans id="80" from="12" to="2">
<condition id="-1">
<or_exp><and_exp></and_exp></or_exp>
</condition>
</trans>
</trans_list>



<state_list>

<state id="1" st_id="1">

<operation id="14" st_id="1" stage="1" lat="1">
<core>NULL</core>
<MemPortIdVec></MemPortIdVec>
<condition id="-1">
<or_exp><and_exp></and_exp></or_exp>
</condition>

<Node id="3" bw="0" op_0_bw="0" op_1_bw="32">
<![CDATA[
:0  call void (...)* @_ssdm_op_SpecBitsMap([1024 x float]* %a) nounwind, !map !7

]]></Node>
<StgValue><ssdm name="specbitsmap_ln0"/></StgValue>
</operation>

<operation id="15" st_id="1" stage="1" lat="1">
<core>NULL</core>
<MemPortIdVec></MemPortIdVec>
<condition id="-1">
<or_exp><and_exp></and_exp></or_exp>
</condition>

<Node id="4" bw="0" op_0_bw="0" op_1_bw="32">
<![CDATA[
:1  call void (...)* @_ssdm_op_SpecBitsMap([1024 x float]* %b) nounwind, !map !13

]]></Node>
<StgValue><ssdm name="specbitsmap_ln0"/></StgValue>
</operation>

<operation id="16" st_id="1" stage="1" lat="1">
<core>NULL</core>
<MemPortIdVec></MemPortIdVec>
<condition id="-1">
<or_exp><and_exp></and_exp></or_exp>
</condition>

<Node id="5" bw="0" op_0_bw="0" op_1_bw="32">
<![CDATA[
:2  call void (...)* @_ssdm_op_SpecBitsMap(float 0.000000e+00) nounwind, !map !17

]]></Node>
<StgValue><ssdm name="specbitsmap_ln0"/></StgValue>
</operation>

<operation id="17" st_id="1" stage="1" lat="1">
<core>NULL</core>
<MemPortIdVec></MemPortIdVec>
<condition id="-1">
<or_exp><and_exp></and_exp></or_exp>
</condition>

<Node id="6" bw="0" op_0_bw="0" op_1_bw="0">
<![CDATA[
:3  call void (...)* @_ssdm_op_SpecTopModule([8 x i8]* @kernel7_str) nounwind

]]></Node>
<StgValue><ssdm name="spectopmodule_ln0"/></StgValue>
</operation>

<operation id="18" st_id="1" stage="1" lat="1">
<core>NULL</core>
<MemPortIdVec></MemPortIdVec>
<condition id="-1">
<or_exp><and_exp></and_exp></or_exp>
</condition>

<Node id="7" bw="0" op_0_bw="0">
<![CDATA[
:4  br label %1

]]></Node>
<StgValue><ssdm name="br_ln6"/></StgValue>
</operation>
</state>

<state id="2" st_id="2">

<operation id="19" st_id="2" stage="1" lat="1">
<core>NULL</core>
<MemPortIdVec></MemPortIdVec>
<condition id="-1">
<or_exp><and_exp></and_exp></or_exp>
</condition>

<Node id="9" bw="32" op_0_bw="32" op_1_bw="0" op_2_bw="32" op_3_bw="0">
<![CDATA[
:0  %sum_0 = phi float [ 0.000000e+00, %0 ], [ %sum_1, %loop ]

]]></Node>
<StgValue><ssdm name="sum_0"/></StgValue>
</operation>

<operation id="20" st_id="2" stage="1" lat="1">
<core>NULL</core>
<MemPortIdVec></MemPortIdVec>
<condition id="-1">
<or_exp><and_exp></and_exp></or_exp>
</condition>

<Node id="10" bw="11" op_0_bw="11" op_1_bw="0" op_2_bw="11" op_3_bw="0">
<![CDATA[
:1  %i_0 = phi i11 [ 0, %0 ], [ %i, %loop ]

]]></Node>
<StgValue><ssdm name="i_0"/></StgValue>
</operation>

<operation id="21" st_id="2" stage="1" lat="1">
<core>Cmp</core>
<MemPortIdVec></MemPortIdVec>
<condition id="-1">
<or_exp><and_exp></and_exp></or_exp>
</condition>

<Node id="11" bw="1" op_0_bw="11" op_1_bw="11">
<![CDATA[
:2  %icmp_ln6 = icmp eq i11 %i_0, -1024

]]></Node>
<StgValue><ssdm name="icmp_ln6"/></StgValue>
</operation>

<operation id="22" st_id="2" stage="1" lat="1">
<core>NULL</core>
<MemPortIdVec></MemPortIdVec>
<condition id="-1">
<or_exp><and_exp></and_exp></or_exp>
</condition>

<Node id="12" bw="32" op_0_bw="32" op_1_bw="64" op_2_bw="64" op_3_bw="64">
<![CDATA[
:3  %empty = call i32 (...)* @_ssdm_op_SpecLoopTripCount(i64 1024, i64 1024, i64 1024) nounwind

]]></Node>
<StgValue><ssdm name="empty"/></StgValue>
</operation>

<operation id="23" st_id="2" stage="1" lat="1">
<core>AddSub</core>
<MemPortIdVec></MemPortIdVec>
<condition id="-1">
<or_exp><and_exp></and_exp></or_exp>
</condition>

<Node id="13" bw="11" op_0_bw="11" op_1_bw="11">
<![CDATA[
:4  %i = add i11 %i_0, 1

]]></Node>
<StgValue><ssdm name="i"/></StgValue>
</operation>

<operation id="24" st_id="2" stage="1" lat="1">
<core>NULL</core>
<MemPortIdVec></MemPortIdVec>
<condition id="-1">
<or_exp><and_exp></and_exp></or_exp>
</condition>

<Node id="14" bw="0" op_0_bw="1" op_1_bw="0" op_2_bw="0">
<![CDATA[
:5  br i1 %icmp_ln6, label %2, label %loop

]]></Node>
<StgValue><ssdm name="br_ln6"/></StgValue>
</operation>

<operation id="25" st_id="2" stage="1" lat="1">
<core>NULL</core>
<MemPortIdVec></MemPortIdVec>
<condition id="-1">
<or_exp><and_exp><literal name="icmp_ln6" val="0"/>
</and_exp></or_exp>
</condition>

<Node id="19" bw="64" op_0_bw="11">
<![CDATA[
loop:3  %zext_ln8 = zext i11 %i_0 to i64

]]></Node>
<StgValue><ssdm name="zext_ln8"/></StgValue>
</operation>

<operation id="26" st_id="2" stage="1" lat="1">
<core>NULL</core>
<MemPortIdVec></MemPortIdVec>
<condition id="-1">
<or_exp><and_exp><literal name="icmp_ln6" val="0"/>
</and_exp></or_exp>
</condition>

<Node id="20" bw="10" op_0_bw="32" op_1_bw="64" op_2_bw="64">
<![CDATA[
loop:4  %a_addr = getelementptr [1024 x float]* %a, i64 0, i64 %zext_ln8

]]></Node>
<StgValue><ssdm name="a_addr"/></StgValue>
</operation>

<operation id="27" st_id="2" stage="2" lat="2">
<core>RAM</core>
<MemPortIdVec>0 </MemPortIdVec>
<condition id="-1">
<or_exp><and_exp><literal name="icmp_ln6" val="0"/>
</and_exp></or_exp>
</condition>

<Node id="21" bw="32" op_0_bw="10">
<![CDATA[
loop:5  %a_load = load float* %a_addr, align 4

]]></Node>
<StgValue><ssdm name="a_load"/></StgValue>
</operation>

<operation id="28" st_id="2" stage="1" lat="1">
<core>NULL</core>
<MemPortIdVec></MemPortIdVec>
<condition id="-1">
<or_exp><and_exp><literal name="icmp_ln6" val="0"/>
</and_exp></or_exp>
</condition>

<Node id="22" bw="10" op_0_bw="32" op_1_bw="64" op_2_bw="64">
<![CDATA[
loop:6  %b_addr = getelementptr [1024 x float]* %b, i64 0, i64 %zext_ln8

]]></Node>
<StgValue><ssdm name="b_addr"/></StgValue>
</operation>

<operation id="29" st_id="2" stage="2" lat="2">
<core>RAM</core>
<MemPortIdVec>0 </MemPortIdVec>
<condition id="-1">
<or_exp><and_exp><literal name="icmp_ln6" val="0"/>
</and_exp></or_exp>
</condition>

<Node id="23" bw="32" op_0_bw="10">
<![CDATA[
loop:7  %b_load = load float* %b_addr, align 4

]]></Node>
<StgValue><ssdm name="b_load"/></StgValue>
</operation>
</state>

<state id="3" st_id="3">

<operation id="30" st_id="3" stage="1" lat="2">
<core>RAM</core>
<MemPortIdVec>0 </MemPortIdVec>
<condition id="-1">
<or_exp><and_exp><literal name="icmp_ln6" val="0"/>
</and_exp></or_exp>
</condition>

<Node id="21" bw="32" op_0_bw="10">
<![CDATA[
loop:5  %a_load = load float* %a_addr, align 4

]]></Node>
<StgValue><ssdm name="a_load"/></StgValue>
</operation>

<operation id="31" st_id="3" stage="1" lat="2">
<core>RAM</core>
<MemPortIdVec>0 </MemPortIdVec>
<condition id="-1">
<or_exp><and_exp><literal name="icmp_ln6" val="0"/>
</and_exp></or_exp>
</condition>

<Node id="23" bw="32" op_0_bw="10">
<![CDATA[
loop:7  %b_load = load float* %b_addr, align 4

]]></Node>
<StgValue><ssdm name="b_load"/></StgValue>
</operation>
</state>

<state id="4" st_id="4">

<operation id="32" st_id="4" stage="4" lat="4">
<core>FAddSub</core>
<MemPortIdVec></MemPortIdVec>
<condition id="-1">
<or_exp><and_exp><literal name="icmp_ln6" val="0"/>
</and_exp></or_exp>
</condition>

<Node id="24" bw="32" op_0_bw="32" op_1_bw="32">
<![CDATA[
loop:8  %diff = fsub float %a_load, %b_load

]]></Node>
<StgValue><ssdm name="diff"/></StgValue>
</operation>
</state>

<state id="5" st_id="5">

<operation id="33" st_id="5" stage="3" lat="4">
<core>FAddSub</core>
<MemPortIdVec></MemPortIdVec>
<condition id="-1">
<or_exp><and_exp><literal name="icmp_ln6" val="0"/>
</and_exp></or_exp>
</condition>

<Node id="24" bw="32" op_0_bw="32" op_1_bw="32">
<![CDATA[
loop:8  %diff = fsub float %a_load, %b_load

]]></Node>
<StgValue><ssdm name="diff"/></StgValue>
</operation>
</state>

<state id="6" st_id="6">

<operation id="34" st_id="6" stage="2" lat="4">
<core>FAddSub</core>
<MemPortIdVec></MemPortIdVec>
<condition id="-1">
<or_exp><and_exp><literal name="icmp_ln6" val="0"/>
</and_exp></or_exp>
</condition>

<Node id="24" bw="32" op_0_bw="32" op_1_bw="32">
<![CDATA[
loop:8  %diff = fsub float %a_load, %b_load

]]></Node>
<StgValue><ssdm name="diff"/></StgValue>
</operation>
</state>

<state id="7" st_id="7">

<operation id="35" st_id="7" stage="1" lat="4">
<core>FAddSub</core>
<MemPortIdVec></MemPortIdVec>
<condition id="-1">
<or_exp><and_exp><literal name="icmp_ln6" val="0"/>
</and_exp></or_exp>
</condition>

<Node id="24" bw="32" op_0_bw="32" op_1_bw="32">
<![CDATA[
loop:8  %diff = fsub float %a_load, %b_load

]]></Node>
<StgValue><ssdm name="diff"/></StgValue>
</operation>
</state>

<state id="8" st_id="8">
</state>

<state id="9" st_id="9">

<operation id="36" st_id="9" stage="1" lat="1">
<core>NULL</core>
<MemPortIdVec></MemPortIdVec>
<condition id="-1">
<or_exp><and_exp><literal name="icmp_ln6" val="0"/>
</and_exp></or_exp>
</condition>

<Node id="25" bw="32" op_0_bw="32">
<![CDATA[
loop:9  %bitcast_ln9 = bitcast float %diff to i32

]]></Node>
<StgValue><ssdm name="bitcast_ln9"/></StgValue>
</operation>

<operation id="37" st_id="9" stage="1" lat="1">
<core>NULL</core>
<MemPortIdVec></MemPortIdVec>
<condition id="-1">
<or_exp><and_exp><literal name="icmp_ln6" val="0"/>
</and_exp></or_exp>
</condition>

<Node id="26" bw="8" op_0_bw="8" op_1_bw="32" op_2_bw="32" op_3_bw="32">
<![CDATA[
loop:10  %tmp = call i8 @_ssdm_op_PartSelect.i8.i32.i32.i32(i32 %bitcast_ln9, i32 23, i32 30)

]]></Node>
<StgValue><ssdm name="tmp"/></StgValue>
</operation>

<operation id="38" st_id="9" stage="1" lat="1">
<core>NULL</core>
<MemPortIdVec></MemPortIdVec>
<condition id="-1">
<or_exp><and_exp><literal name="icmp_ln6" val="0"/>
</and_exp></or_exp>
</condition>

<Node id="27" bw="23" op_0_bw="32">
<![CDATA[
loop:11  %trunc_ln9 = trunc i32 %bitcast_ln9 to i23

]]></Node>
<StgValue><ssdm name="trunc_ln9"/></StgValue>
</operation>

<operation id="39" st_id="9" stage="1" lat="1">
<core>Cmp</core>
<MemPortIdVec></MemPortIdVec>
<condition id="-1">
<or_exp><and_exp><literal name="icmp_ln6" val="0"/>
</and_exp></or_exp>
</condition>

<Node id="28" bw="1" op_0_bw="8" op_1_bw="8">
<![CDATA[
loop:12  %icmp_ln9 = icmp ne i8 %tmp, -1

]]></Node>
<StgValue><ssdm name="icmp_ln9"/></StgValue>
</operation>

<operation id="40" st_id="9" stage="1" lat="1">
<core>Cmp</core>
<MemPortIdVec></MemPortIdVec>
<condition id="-1">
<or_exp><and_exp><literal name="icmp_ln6" val="0"/>
</and_exp></or_exp>
</condition>

<Node id="29" bw="1" op_0_bw="23" op_1_bw="23">
<![CDATA[
loop:13  %icmp_ln9_1 = icmp eq i23 %trunc_ln9, 0

]]></Node>
<StgValue><ssdm name="icmp_ln9_1"/></StgValue>
</operation>

<operation id="41" st_id="9" stage="2" lat="2">
<core>FCmp</core>
<MemPortIdVec></MemPortIdVec>
<condition id="-1">
<or_exp><and_exp><literal name="icmp_ln6" val="0"/>
</and_exp></or_exp>
</condition>

<Node id="31" bw="1" op_0_bw="32" op_1_bw="32">
<![CDATA[
loop:15  %tmp_2 = fcmp ogt float %diff, 0.000000e+00

]]></Node>
<StgValue><ssdm name="tmp_2"/></StgValue>
</operation>

<operation id="42" st_id="9" stage="4" lat="4">
<core>FAddSub</core>
<MemPortIdVec></MemPortIdVec>
<condition id="-1">
<or_exp><and_exp><literal name="icmp_ln6" val="0"/>
</and_exp></or_exp>
</condition>

<Node id="33" bw="32" op_0_bw="32" op_1_bw="32">
<![CDATA[
loop:17  %sum = fadd float %sum_0, %diff

]]></Node>
<StgValue><ssdm name="sum"/></StgValue>
</operation>
</state>

<state id="10" st_id="10">

<operation id="43" st_id="10" stage="1" lat="2">
<core>FCmp</core>
<MemPortIdVec></MemPortIdVec>
<condition id="-1">
<or_exp><and_exp><literal name="icmp_ln6" val="0"/>
</and_exp></or_exp>
</condition>

<Node id="31" bw="1" op_0_bw="32" op_1_bw="32">
<![CDATA[
loop:15  %tmp_2 = fcmp ogt float %diff, 0.000000e+00

]]></Node>
<StgValue><ssdm name="tmp_2"/></StgValue>
</operation>

<operation id="44" st_id="10" stage="3" lat="4">
<core>FAddSub</core>
<MemPortIdVec></MemPortIdVec>
<condition id="-1">
<or_exp><and_exp><literal name="icmp_ln6" val="0"/>
</and_exp></or_exp>
</condition>

<Node id="33" bw="32" op_0_bw="32" op_1_bw="32">
<![CDATA[
loop:17  %sum = fadd float %sum_0, %diff

]]></Node>
<StgValue><ssdm name="sum"/></StgValue>
</operation>
</state>

<state id="11" st_id="11">

<operation id="45" st_id="11" stage="2" lat="4">
<core>FAddSub</core>
<MemPortIdVec></MemPortIdVec>
<condition id="-1">
<or_exp><and_exp><literal name="icmp_ln6" val="0"/>
</and_exp></or_exp>
</condition>

<Node id="33" bw="32" op_0_bw="32" op_1_bw="32">
<![CDATA[
loop:17  %sum = fadd float %sum_0, %diff

]]></Node>
<StgValue><ssdm name="sum"/></StgValue>
</operation>
</state>

<state id="12" st_id="12">

<operation id="46" st_id="12" stage="1" lat="1">
<core>NULL</core>
<MemPortIdVec></MemPortIdVec>
<condition id="-1">
<or_exp><and_exp><literal name="icmp_ln6" val="0"/>
</and_exp></or_exp>
</condition>

<Node id="16" bw="0" op_0_bw="0" op_1_bw="0">
<![CDATA[
loop:0  call void (...)* @_ssdm_op_SpecLoopName([5 x i8]* @p_str) nounwind

]]></Node>
<StgValue><ssdm name="specloopname_ln7"/></StgValue>
</operation>

<operation id="47" st_id="12" stage="1" lat="1">
<core>NULL</core>
<MemPortIdVec></MemPortIdVec>
<condition id="-1">
<or_exp><and_exp><literal name="icmp_ln6" val="0"/>
</and_exp></or_exp>
</condition>

<Node id="17" bw="32" op_0_bw="32" op_1_bw="0">
<![CDATA[
loop:1  %tmp_1 = call i32 (...)* @_ssdm_op_SpecRegionBegin([5 x i8]* @p_str) nounwind

]]></Node>
<StgValue><ssdm name="tmp_1"/></StgValue>
</operation>

<operation id="48" st_id="12" stage="1" lat="1">
<core>NULL</core>
<MemPortIdVec></MemPortIdVec>
<condition id="-1">
<or_exp><and_exp><literal name="icmp_ln6" val="0"/>
</and_exp></or_exp>
</condition>

<Node id="18" bw="0" op_0_bw="0" op_1_bw="32" op_2_bw="32" op_3_bw="32" op_4_bw="32" op_5_bw="0">
<![CDATA[
loop:2  call void (...)* @_ssdm_op_SpecPipeline(i32 -1, i32 1, i32 1, i32 0, [1 x i8]* @p_str1) nounwind

]]></Node>
<StgValue><ssdm name="specpipeline_ln8"/></StgValue>
</operation>

<operation id="49" st_id="12" stage="1" lat="1">
<core>LogicGate</core>
<MemPortIdVec></MemPortIdVec>
<condition id="-1">
<or_exp><and_exp><literal name="icmp_ln6" val="0"/>
</and_exp></or_exp>
</condition>

<Node id="30" bw="1" op_0_bw="1" op_1_bw="1">
<![CDATA[
loop:14  %or_ln9 = or i1 %icmp_ln9_1, %icmp_ln9

]]></Node>
<StgValue><ssdm name="or_ln9"/></StgValue>
</operation>

<operation id="50" st_id="12" stage="1" lat="1">
<core>LogicGate</core>
<MemPortIdVec></MemPortIdVec>
<condition id="-1">
<or_exp><and_exp><literal name="icmp_ln6" val="0"/>
</and_exp></or_exp>
</condition>

<Node id="32" bw="1" op_0_bw="1" op_1_bw="1">
<![CDATA[
loop:16  %and_ln9 = and i1 %or_ln9, %tmp_2

]]></Node>
<StgValue><ssdm name="and_ln9"/></StgValue>
</operation>

<operation id="51" st_id="12" stage="1" lat="4">
<core>FAddSub</core>
<MemPortIdVec></MemPortIdVec>
<condition id="-1">
<or_exp><and_exp><literal name="icmp_ln6" val="0"/>
</and_exp></or_exp>
</condition>

<Node id="33" bw="32" op_0_bw="32" op_1_bw="32">
<![CDATA[
loop:17  %sum = fadd float %sum_0, %diff

]]></Node>
<StgValue><ssdm name="sum"/></StgValue>
</operation>

<operation id="52" st_id="12" stage="1" lat="1">
<core>Sel</core>
<MemPortIdVec></MemPortIdVec>
<condition id="-1">
<or_exp><and_exp><literal name="icmp_ln6" val="0"/>
</and_exp></or_exp>
</condition>

<Node id="34" bw="32" op_0_bw="1" op_1_bw="32" op_2_bw="32">
<![CDATA[
loop:18  %sum_1 = select i1 %and_ln9, float %sum, float %sum_0

]]></Node>
<StgValue><ssdm name="sum_1"/></StgValue>
</operation>

<operation id="53" st_id="12" stage="1" lat="1">
<core>NULL</core>
<MemPortIdVec></MemPortIdVec>
<condition id="-1">
<or_exp><and_exp><literal name="icmp_ln6" val="0"/>
</and_exp></or_exp>
</condition>

<Node id="35" bw="32" op_0_bw="32" op_1_bw="0" op_2_bw="32">
<![CDATA[
loop:19  %empty_4 = call i32 (...)* @_ssdm_op_SpecRegionEnd([5 x i8]* @p_str, i32 %tmp_1) nounwind

]]></Node>
<StgValue><ssdm name="empty_4"/></StgValue>
</operation>

<operation id="54" st_id="12" stage="1" lat="1">
<core>NULL</core>
<MemPortIdVec></MemPortIdVec>
<condition id="-1">
<or_exp><and_exp><literal name="icmp_ln6" val="0"/>
</and_exp></or_exp>
</condition>

<Node id="36" bw="0" op_0_bw="0">
<![CDATA[
loop:20  br label %1

]]></Node>
<StgValue><ssdm name="br_ln6"/></StgValue>
</operation>
</state>

<state id="13" st_id="13">

<operation id="55" st_id="13" stage="1" lat="1">
<core>NULL</core>
<MemPortIdVec></MemPortIdVec>
<condition id="-1">
<or_exp><and_exp></and_exp></or_exp>
</condition>

<Node id="38" bw="0" op_0_bw="32">
<![CDATA[
:0  ret float %sum_0

]]></Node>
<StgValue><ssdm name="ret_ln12"/></StgValue>
</operation>
</state>
</state_list>


<ports>
<port id="83" name="a" dir="0" iftype="1">
<core>RAM</core><StgValue><ssdm name="a"/><MemPortTyVec>1 3 </MemPortTyVec>
</StgValue>
</port>
<port id="84" name="b" dir="0" iftype="1">
<core>RAM</core><StgValue><ssdm name="b"/><MemPortTyVec>1 3 </MemPortTyVec>
</StgValue>
</port>
</ports>


<dataflows>
<dataflow id="86" from="_ssdm_op_SpecBitsMap" to="specbitsmap_ln0" fromId="85" toId="14">
</dataflow>
<dataflow id="87" from="a" to="specbitsmap_ln0" fromId="83" toId="14">
</dataflow>
<dataflow id="88" from="_ssdm_op_SpecBitsMap" to="specbitsmap_ln0" fromId="85" toId="15">
</dataflow>
<dataflow id="89" from="b" to="specbitsmap_ln0" fromId="84" toId="15">
</dataflow>
<dataflow id="90" from="_ssdm_op_SpecBitsMap" to="specbitsmap_ln0" fromId="85" toId="16">
</dataflow>
<dataflow id="92" from="StgValue_91" to="specbitsmap_ln0" fromId="91" toId="16">
</dataflow>
<dataflow id="94" from="_ssdm_op_SpecTopModule" to="spectopmodule_ln0" fromId="93" toId="17">
</dataflow>
<dataflow id="96" from="kernel7_str" to="spectopmodule_ln0" fromId="95" toId="17">
</dataflow>
<dataflow id="97" from="StgValue_91" to="sum_0" fromId="91" toId="19">
<condition id="-1">
<or_exp><and_exp></and_exp></or_exp>
</condition>
</dataflow>
<dataflow id="98" from="br_ln6" to="sum_0" fromId="18" toId="19">
</dataflow>
<dataflow id="99" from="sum_1" to="sum_0" fromId="52" toId="19">
<BackEdge/>
<condition id="-1">
<or_exp><and_exp><literal name="icmp_ln6" val="0"/>
</and_exp></or_exp>
</condition>
</dataflow>
<dataflow id="100" from="br_ln6" to="sum_0" fromId="54" toId="19">
<BackEdge/>
</dataflow>
<dataflow id="102" from="StgValue_101" to="i_0" fromId="101" toId="20">
<condition id="-1">
<or_exp><and_exp></and_exp></or_exp>
</condition>
</dataflow>
<dataflow id="103" from="br_ln6" to="i_0" fromId="18" toId="20">
</dataflow>
<dataflow id="104" from="i" to="i_0" fromId="23" toId="20">
<BackEdge/>
<condition id="-1">
<or_exp><and_exp><literal name="icmp_ln6" val="0"/>
</and_exp></or_exp>
</condition>
</dataflow>
<dataflow id="105" from="br_ln6" to="i_0" fromId="54" toId="20">
<BackEdge/>
</dataflow>
<dataflow id="106" from="i_0" to="icmp_ln6" fromId="20" toId="21">
</dataflow>
<dataflow id="108" from="StgValue_107" to="icmp_ln6" fromId="107" toId="21">
</dataflow>
<dataflow id="110" from="_ssdm_op_SpecLoopTripCount" to="empty" fromId="109" toId="22">
</dataflow>
<dataflow id="112" from="StgValue_111" to="empty" fromId="111" toId="22">
</dataflow>
<dataflow id="113" from="StgValue_111" to="empty" fromId="111" toId="22">
</dataflow>
<dataflow id="114" from="StgValue_111" to="empty" fromId="111" toId="22">
</dataflow>
<dataflow id="115" from="i_0" to="i" fromId="20" toId="23">
</dataflow>
<dataflow id="117" from="StgValue_116" to="i" fromId="116" toId="23">
</dataflow>
<dataflow id="118" from="icmp_ln6" to="br_ln6" fromId="21" toId="24">
</dataflow>
<dataflow id="119" from="i_0" to="zext_ln8" fromId="20" toId="25">
</dataflow>
<dataflow id="120" from="a" to="a_addr" fromId="83" toId="26">
</dataflow>
<dataflow id="122" from="StgValue_121" to="a_addr" fromId="121" toId="26">
</dataflow>
<dataflow id="123" from="zext_ln8" to="a_addr" fromId="25" toId="26">
</dataflow>
<dataflow id="124" from="a_addr" to="a_load" fromId="26" toId="27">
</dataflow>
<dataflow id="125" from="b" to="b_addr" fromId="84" toId="28">
</dataflow>
<dataflow id="126" from="StgValue_121" to="b_addr" fromId="121" toId="28">
</dataflow>
<dataflow id="127" from="zext_ln8" to="b_addr" fromId="25" toId="28">
</dataflow>
<dataflow id="128" from="b_addr" to="b_load" fromId="28" toId="29">
</dataflow>
<dataflow id="129" from="a_addr" to="a_load" fromId="26" toId="30">
</dataflow>
<dataflow id="130" from="b_addr" to="b_load" fromId="28" toId="31">
</dataflow>
<dataflow id="131" from="a_load" to="diff" fromId="30" toId="32">
</dataflow>
<dataflow id="132" from="b_load" to="diff" fromId="31" toId="32">
</dataflow>
<dataflow id="133" from="a_load" to="diff" fromId="30" toId="33">
</dataflow>
<dataflow id="134" from="b_load" to="diff" fromId="31" toId="33">
</dataflow>
<dataflow id="135" from="a_load" to="diff" fromId="30" toId="34">
</dataflow>
<dataflow id="136" from="b_load" to="diff" fromId="31" toId="34">
</dataflow>
<dataflow id="137" from="a_load" to="diff" fromId="30" toId="35">
</dataflow>
<dataflow id="138" from="b_load" to="diff" fromId="31" toId="35">
</dataflow>
<dataflow id="139" from="diff" to="bitcast_ln9" fromId="35" toId="36">
</dataflow>
<dataflow id="141" from="_ssdm_op_PartSelect.i8.i32.i32.i32" to="tmp" fromId="140" toId="37">
</dataflow>
<dataflow id="142" from="bitcast_ln9" to="tmp" fromId="36" toId="37">
</dataflow>
<dataflow id="144" from="StgValue_143" to="tmp" fromId="143" toId="37">
</dataflow>
<dataflow id="146" from="StgValue_145" to="tmp" fromId="145" toId="37">
</dataflow>
<dataflow id="147" from="bitcast_ln9" to="trunc_ln9" fromId="36" toId="38">
</dataflow>
<dataflow id="148" from="tmp" to="icmp_ln9" fromId="37" toId="39">
</dataflow>
<dataflow id="150" from="StgValue_149" to="icmp_ln9" fromId="149" toId="39">
</dataflow>
<dataflow id="151" from="trunc_ln9" to="icmp_ln9_1" fromId="38" toId="40">
</dataflow>
<dataflow id="153" from="StgValue_152" to="icmp_ln9_1" fromId="152" toId="40">
</dataflow>
<dataflow id="154" from="diff" to="tmp_2" fromId="35" toId="41">
</dataflow>
<dataflow id="155" from="StgValue_91" to="tmp_2" fromId="91" toId="41">
</dataflow>
<dataflow id="156" from="sum_0" to="sum" fromId="19" toId="42">
</dataflow>
<dataflow id="157" from="diff" to="sum" fromId="35" toId="42">
</dataflow>
<dataflow id="158" from="diff" to="tmp_2" fromId="35" toId="43">
</dataflow>
<dataflow id="159" from="StgValue_91" to="tmp_2" fromId="91" toId="43">
</dataflow>
<dataflow id="160" from="sum_0" to="sum" fromId="19" toId="44">
</dataflow>
<dataflow id="161" from="diff" to="sum" fromId="35" toId="44">
</dataflow>
<dataflow id="162" from="sum_0" to="sum" fromId="19" toId="45">
</dataflow>
<dataflow id="163" from="diff" to="sum" fromId="35" toId="45">
</dataflow>
<dataflow id="165" from="_ssdm_op_SpecLoopName" to="specloopname_ln7" fromId="164" toId="46">
</dataflow>
<dataflow id="167" from="p_str" to="specloopname_ln7" fromId="166" toId="46">
</dataflow>
<dataflow id="169" from="_ssdm_op_SpecRegionBegin" to="tmp_1" fromId="168" toId="47">
</dataflow>
<dataflow id="170" from="p_str" to="tmp_1" fromId="166" toId="47">
</dataflow>
<dataflow id="172" from="_ssdm_op_SpecPipeline" to="specpipeline_ln8" fromId="171" toId="48">
</dataflow>
<dataflow id="174" from="StgValue_173" to="specpipeline_ln8" fromId="173" toId="48">
</dataflow>
<dataflow id="176" from="StgValue_175" to="specpipeline_ln8" fromId="175" toId="48">
</dataflow>
<dataflow id="177" from="StgValue_175" to="specpipeline_ln8" fromId="175" toId="48">
</dataflow>
<dataflow id="179" from="StgValue_178" to="specpipeline_ln8" fromId="178" toId="48">
</dataflow>
<dataflow id="181" from="p_str1" to="specpipeline_ln8" fromId="180" toId="48">
</dataflow>
<dataflow id="182" from="icmp_ln9_1" to="or_ln9" fromId="40" toId="49">
</dataflow>
<dataflow id="183" from="icmp_ln9" to="or_ln9" fromId="39" toId="49">
</dataflow>
<dataflow id="184" from="or_ln9" to="and_ln9" fromId="49" toId="50">
</dataflow>
<dataflow id="185" from="tmp_2" to="and_ln9" fromId="43" toId="50">
</dataflow>
<dataflow id="186" from="sum_0" to="sum" fromId="19" toId="51">
</dataflow>
<dataflow id="187" from="diff" to="sum" fromId="35" toId="51">
</dataflow>
<dataflow id="188" from="and_ln9" to="sum_1" fromId="50" toId="52">
</dataflow>
<dataflow id="189" from="sum" to="sum_1" fromId="51" toId="52">
</dataflow>
<dataflow id="190" from="sum_0" to="sum_1" fromId="19" toId="52">
</dataflow>
<dataflow id="192" from="_ssdm_op_SpecRegionEnd" to="empty_4" fromId="191" toId="53">
</dataflow>
<dataflow id="193" from="p_str" to="empty_4" fromId="166" toId="53">
</dataflow>
<dataflow id="194" from="tmp_1" to="empty_4" fromId="47" toId="53">
</dataflow>
<dataflow id="195" from="sum_0" to="ret_ln12" fromId="19" toId="55">
</dataflow>
<dataflow id="196" from="icmp_ln6" to="StgValue_2" fromId="21" toId="2">
</dataflow>
<dataflow id="197" from="icmp_ln6" to="StgValue_3" fromId="21" toId="3">
</dataflow>
<dataflow id="198" from="icmp_ln6" to="StgValue_4" fromId="21" toId="4">
</dataflow>
<dataflow id="199" from="icmp_ln6" to="StgValue_5" fromId="21" toId="5">
</dataflow>
<dataflow id="200" from="icmp_ln6" to="StgValue_6" fromId="21" toId="6">
</dataflow>
<dataflow id="201" from="icmp_ln6" to="StgValue_7" fromId="21" toId="7">
</dataflow>
<dataflow id="202" from="icmp_ln6" to="StgValue_9" fromId="21" toId="9">
</dataflow>
<dataflow id="203" from="icmp_ln6" to="StgValue_10" fromId="21" toId="10">
</dataflow>
<dataflow id="204" from="icmp_ln6" to="StgValue_11" fromId="21" toId="11">
</dataflow>
<dataflow id="205" from="icmp_ln6" to="StgValue_12" fromId="21" toId="12">
</dataflow>
</dataflows>


</stg>
