<annotationInfo>
<annotationInfo>
<item  id="11" filename="kernel7.cpp" linenumber="6" name="icmp_ln6" contextFuncName="kernel7" moduleName="kernel7" rtlName="icmp_ln6_fu_111_p2" latency="0" BRAM="-1" DSP="-1" FF="0" LUT="13" fileDirectory="C:\Users\Kushagra\Desktop\EPFL_Sem2\Advanced_Computer_Architecture\Git\HLS\hw3-kernels-optimized\kernel7"><\/item>
<item  id="13" filename="kernel7.cpp" linenumber="6" name="i" contextFuncName="kernel7" moduleName="kernel7" rtlName="i_fu_117_p2" latency="0" BRAM="-1" DSP="-1" FF="0" LUT="18" fileDirectory="C:\Users\Kushagra\Desktop\EPFL_Sem2\Advanced_Computer_Architecture\Git\HLS\hw3-kernels-optimized\kernel7"><\/item>
<item  id="19" filename="kernel7.cpp" linenumber="8" name="zext_ln8" contextFuncName="kernel7" moduleName="kernel7" rtlName="zext_ln8_fu_123_p1" latency="0" BRAM="-1" DSP="-1" FF="-1" LUT="-1" fileDirectory="C:\Users\Kushagra\Desktop\EPFL_Sem2\Advanced_Computer_Architecture\Git\HLS\hw3-kernels-optimized\kernel7"><\/item>
<item  id="24" filename="kernel7.cpp" linenumber="8" name="diff" contextFuncName="kernel7" moduleName="kernel7" rtlName="kernel7_faddfsub_bkb_U1" latency="3" BRAM="-1" DSP="-1" FF="-1" LUT="-1" fileDirectory="C:\Users\Kushagra\Desktop\EPFL_Sem2\Advanced_Computer_Architecture\Git\HLS\hw3-kernels-optimized\kernel7"><\/item>
<item  id="25" filename="kernel7.cpp" linenumber="9" name="bitcast_ln9" contextFuncName="kernel7" moduleName="kernel7" rtlName="bitcast_ln9_fu_129_p1" latency="0" BRAM="-1" DSP="-1" FF="-1" LUT="-1" fileDirectory="C:\Users\Kushagra\Desktop\EPFL_Sem2\Advanced_Computer_Architecture\Git\HLS\hw3-kernels-optimized\kernel7"><\/item>
<item  id="26" filename="kernel7.cpp" linenumber="9" name="tmp" contextFuncName="kernel7" moduleName="kernel7" rtlName="tmp_fu_132_p4" latency="0" BRAM="-1" DSP="-1" FF="-1" LUT="-1" fileDirectory="C:\Users\Kushagra\Desktop\EPFL_Sem2\Advanced_Computer_Architecture\Git\HLS\hw3-kernels-optimized\kernel7"><\/item>
<item  id="27" filename="kernel7.cpp" linenumber="9" name="trunc_ln9" contextFuncName="kernel7" moduleName="kernel7" rtlName="trunc_ln9_fu_142_p1" latency="0" BRAM="-1" DSP="-1" FF="-1" LUT="-1" fileDirectory="C:\Users\Kushagra\Desktop\EPFL_Sem2\Advanced_Computer_Architecture\Git\HLS\hw3-kernels-optimized\kernel7"><\/item>
<item  id="28" filename="kernel7.cpp" linenumber="9" name="icmp_ln9" contextFuncName="kernel7" moduleName="kernel7" rtlName="icmp_ln9_fu_146_p2" latency="0" BRAM="-1" DSP="-1" FF="0" LUT="11" fileDirectory="C:\Users\Kushagra\Desktop\EPFL_Sem2\Advanced_Computer_Architecture\Git\HLS\hw3-kernels-optimized\kernel7"><\/item>
<item  id="29" filename="kernel7.cpp" linenumber="9" name="icmp_ln9_1" contextFuncName="kernel7" moduleName="kernel7" rtlName="icmp_ln9_1_fu_152_p2" latency="0" BRAM="-1" DSP="-1" FF="0" LUT="18" fileDirectory="C:\Users\Kushagra\Desktop\EPFL_Sem2\Advanced_Computer_Architecture\Git\HLS\hw3-kernels-optimized\kernel7"><\/item>
<item  id="30" filename="kernel7.cpp" linenumber="9" name="or_ln9" contextFuncName="kernel7" moduleName="kernel7" rtlName="or_ln9_fu_158_p2" latency="0" BRAM="-1" DSP="-1" FF="0" LUT="6" fileDirectory="C:\Users\Kushagra\Desktop\EPFL_Sem2\Advanced_Computer_Architecture\Git\HLS\hw3-kernels-optimized\kernel7"><\/item>
<item  id="31" filename="kernel7.cpp" linenumber="9" name="tmp_2" contextFuncName="kernel7" moduleName="kernel7" rtlName="kernel7_fcmp_32nscud_U2" latency="1" BRAM="-1" DSP="-1" FF="-1" LUT="-1" fileDirectory="C:\Users\Kushagra\Desktop\EPFL_Sem2\Advanced_Computer_Architecture\Git\HLS\hw3-kernels-optimized\kernel7"><\/item>
<item  id="32" filename="kernel7.cpp" linenumber="9" name="and_ln9" contextFuncName="kernel7" moduleName="kernel7" rtlName="and_ln9_fu_162_p2" latency="0" BRAM="-1" DSP="-1" FF="0" LUT="6" fileDirectory="C:\Users\Kushagra\Desktop\EPFL_Sem2\Advanced_Computer_Architecture\Git\HLS\hw3-kernels-optimized\kernel7"><\/item>
<item  id="33" filename="kernel7.cpp" linenumber="10" name="sum" contextFuncName="kernel7" moduleName="kernel7" rtlName="kernel7_faddfsub_bkb_U1" latency="3" BRAM="-1" DSP="-1" FF="-1" LUT="-1" fileDirectory="C:\Users\Kushagra\Desktop\EPFL_Sem2\Advanced_Computer_Architecture\Git\HLS\hw3-kernels-optimized\kernel7"><\/item>
<item  id="34" filename="kernel7.cpp" linenumber="9" name="sum_1" contextFuncName="kernel7" moduleName="kernel7" rtlName="sum_1_fu_167_p3" latency="0" BRAM="-1" DSP="-1" FF="0" LUT="32" fileDirectory="C:\Users\Kushagra\Desktop\EPFL_Sem2\Advanced_Computer_Architecture\Git\HLS\hw3-kernels-optimized\kernel7"><\/item>
<\/annotationInfo>
</annotationInfo>
