<?xml version="1.0" encoding="UTF-8"?>
<vivadoHLSLog:LogRoot xmlns:vivadoHLSLog="www.xilinx.com/vivadoHLSLog">
  <errorLogs>
    <logs>
      <synLog/>
      <simLog/>
      <mgLog/>
      <packageLog/>
      <csimLog/>
    </logs>
  </errorLogs>
  <warningLogs>
    <logs>
      <synLog>
        <logs message="WARNING: [ANALYSIS 214-52] Found false intra dependency for variable 'flag[7]' (kernel5.cpp:7)." projectName="prj_kernel5" solutionName="optimized" date="2021-05-10T12:36:41.006+0200" type="Warning"/>
        <logs message="WARNING: [ANALYSIS 214-52] Found false intra dependency for variable 'flag[2]' (kernel5.cpp:7)." projectName="prj_kernel5" solutionName="optimized" date="2021-05-10T12:36:40.944+0200" type="Warning"/>
        <logs message="WARNING: [ANALYSIS 214-52] Found false intra dependency for variable 'flag[3]' (kernel5.cpp:7)." projectName="prj_kernel5" solutionName="optimized" date="2021-05-10T12:36:40.944+0200" type="Warning"/>
        <logs message="WARNING: [ANALYSIS 214-52] Found false intra dependency for variable 'flag[1]' (kernel5.cpp:7)." projectName="prj_kernel5" solutionName="optimized" date="2021-05-10T12:36:40.928+0200" type="Warning"/>
        <logs message="WARNING: [ANALYSIS 214-52] Found false intra dependency for variable 'flag[6]' (kernel5.cpp:7)." projectName="prj_kernel5" solutionName="optimized" date="2021-05-10T12:36:40.913+0200" type="Warning"/>
        <logs message="WARNING: [ANALYSIS 214-52] Found false intra dependency for variable 'flag[0]' (kernel5.cpp:7)." projectName="prj_kernel5" solutionName="optimized" date="2021-05-10T12:36:40.913+0200" type="Warning"/>
        <logs message="WARNING: [ANALYSIS 214-52] Found false intra dependency for variable 'flag[5]' (kernel5.cpp:7)." projectName="prj_kernel5" solutionName="optimized" date="2021-05-10T12:36:40.897+0200" type="Warning"/>
        <logs message="WARNING: [ANALYSIS 214-52] Found false intra dependency for variable 'flag[4]' (kernel5.cpp:7)." projectName="prj_kernel5" solutionName="optimized" date="2021-05-10T12:36:40.881+0200" type="Warning"/>
      </synLog>
      <simLog/>
      <mgLog/>
      <packageLog/>
      <csimLog/>
    </logs>
  </warningLogs>
</vivadoHLSLog:LogRoot>
