<?xml version="1.0" encoding="utf-8"?>
<Messages>
	<Message severity="INFO" prefix="[SCHED 204-61]" key="SCHED_PIPELINING_STATUS_631" tag="SCHEDULE" content="Option &apos;relax_ii_for_timing&apos; is enabled, will increase II to preserve clock frequency constraints."/>
	<Message severity="INFO" prefix="[HLS 200-10]" key="HLS_10_1312" tag="" content="Analyzing design file &apos;kernel3.cpp&apos; ..."/>
	<Message severity="INFO" prefix="[HLS 200-111]" key="HLS_111_965" tag="" content="Finished Linking Time (s): cpu = 00:00:01 ; elapsed = 00:00:06 . Memory (MB): peak = 185.855 ; gain = 96.211"/>
	<Message severity="INFO" prefix="[HLS 200-111]" key="HLS_111_965" tag="" content="Finished Checking Pragmas Time (s): cpu = 00:00:01 ; elapsed = 00:00:06 . Memory (MB): peak = 185.855 ; gain = 96.211"/>
	<Message severity="INFO" prefix="[HLS 200-10]" key="HLS_10_1467" tag="" content="Starting code transformations ..."/>
	<Message severity="INFO" prefix="[HLS 200-111]" key="HLS_111_965" tag="" content="Finished Standard Transforms Time (s): cpu = 00:00:01 ; elapsed = 00:00:07 . Memory (MB): peak = 185.855 ; gain = 96.211"/>
	<Message severity="INFO" prefix="[HLS 200-10]" key="HLS_10_1472" tag="" content="Checking synthesizability ..."/>
	<Message severity="INFO" prefix="[HLS 200-111]" key="HLS_111_965" tag="" content="Finished Checking Synthesizability Time (s): cpu = 00:00:01 ; elapsed = 00:00:07 . Memory (MB): peak = 185.855 ; gain = 96.211"/>
	<Message severity="INFO" prefix="[HLS 200-111]" key="HLS_111_965" tag="" content="Finished Pre-synthesis Time (s): cpu = 00:00:01 ; elapsed = 00:00:07 . Memory (MB): peak = 185.855 ; gain = 96.211"/>
	<Message severity="INFO" prefix="[HLS 200-111]" key="HLS_111_965" tag="" content="Finished Architecture Synthesis Time (s): cpu = 00:00:01 ; elapsed = 00:00:07 . Memory (MB): peak = 185.855 ; gain = 96.211"/>
	<Message severity="INFO" prefix="[HLS 200-10]" key="HLS_10_1317" tag="" content="Starting hardware synthesis ..."/>
	<Message severity="INFO" prefix="[HLS 200-10]" key="HLS_10_1385" tag="" content="Synthesizing &apos;kernel3&apos; ..."/>
	<Message severity="INFO" prefix="[HLS 200-10]" key="HLS_10_1477" tag="" content="----------------------------------------------------------------"/>
	<Message severity="INFO" prefix="[HLS 200-42]" key="HLS_42_1438" tag="" content="-- Implementing module &apos;kernel3&apos;"/>
	<Message severity="INFO" prefix="[HLS 200-10]" key="HLS_10_1478" tag="" content="----------------------------------------------------------------"/>
	<Message severity="INFO" prefix="[SCHED 204-11]" key="SCHED_SCHED_STATUS_597" tag="" content="Starting scheduling ..."/>
	<Message severity="INFO" prefix="[SCHED 204-61]" key="SCHED_PIPELINING_STATUS_41" tag="" content="Pipelining loop &apos;loop&apos;."/>
	<Message severity="WARNING" prefix="[SCHED 204-68]" key="SCHED_CARRIED_CONSTRAINT_NOT_MET_32" tag="LOOP,SDX_LOOP,SCHEDULE" content="The II Violation in module &apos;kernel3&apos; (Loop: loop): Unable to enforce a carried dependence constraint (II = 1, distance = 1, offset = 1)
   between &apos;store&apos; operation (&apos;hist_addr_write_ln6&apos;, kernel3.cpp:6) of variable &apos;tmp&apos;, kernel3.cpp:6 on array &apos;hist&apos; and &apos;load&apos; operation (&apos;hist_load&apos;, kernel3.cpp:6) on array &apos;hist&apos;."/>
	<Message severity="WARNING" prefix="[SCHED 204-68]" key="SCHED_CARRIED_CONSTRAINT_NOT_MET_32" tag="LOOP,SDX_LOOP,SCHEDULE" content="The II Violation in module &apos;kernel3&apos; (Loop: loop): Unable to enforce a carried dependence constraint (II = 2, distance = 1, offset = 1)
   between &apos;store&apos; operation (&apos;hist_addr_write_ln6&apos;, kernel3.cpp:6) of variable &apos;tmp&apos;, kernel3.cpp:6 on array &apos;hist&apos; and &apos;load&apos; operation (&apos;hist_load&apos;, kernel3.cpp:6) on array &apos;hist&apos;."/>
	<Message severity="WARNING" prefix="[SCHED 204-68]" key="SCHED_CARRIED_CONSTRAINT_NOT_MET_32" tag="LOOP,SDX_LOOP,SCHEDULE" content="The II Violation in module &apos;kernel3&apos; (Loop: loop): Unable to enforce a carried dependence constraint (II = 3, distance = 1, offset = 1)
   between &apos;store&apos; operation (&apos;hist_addr_write_ln6&apos;, kernel3.cpp:6) of variable &apos;tmp&apos;, kernel3.cpp:6 on array &apos;hist&apos; and &apos;load&apos; operation (&apos;hist_load&apos;, kernel3.cpp:6) on array &apos;hist&apos;."/>
	<Message severity="WARNING" prefix="[SCHED 204-68]" key="SCHED_CARRIED_CONSTRAINT_NOT_MET_32" tag="LOOP,SDX_LOOP,SCHEDULE" content="The II Violation in module &apos;kernel3&apos; (Loop: loop): Unable to enforce a carried dependence constraint (II = 4, distance = 1, offset = 1)
   between &apos;store&apos; operation (&apos;hist_addr_write_ln6&apos;, kernel3.cpp:6) of variable &apos;tmp&apos;, kernel3.cpp:6 on array &apos;hist&apos; and &apos;load&apos; operation (&apos;hist_load&apos;, kernel3.cpp:6) on array &apos;hist&apos;."/>
	<Message severity="WARNING" prefix="[SCHED 204-68]" key="SCHED_CARRIED_CONSTRAINT_NOT_MET_32" tag="LOOP,SDX_LOOP,SCHEDULE" content="The II Violation in module &apos;kernel3&apos; (Loop: loop): Unable to enforce a carried dependence constraint (II = 5, distance = 1, offset = 1)
   between &apos;store&apos; operation (&apos;hist_addr_write_ln6&apos;, kernel3.cpp:6) of variable &apos;tmp&apos;, kernel3.cpp:6 on array &apos;hist&apos; and &apos;load&apos; operation (&apos;hist_load&apos;, kernel3.cpp:6) on array &apos;hist&apos;."/>
	<Message severity="WARNING" prefix="[SCHED 204-68]" key="SCHED_CARRIED_CONSTRAINT_NOT_MET_32" tag="LOOP,SDX_LOOP,SCHEDULE" content="The II Violation in module &apos;kernel3&apos; (Loop: loop): Unable to enforce a carried dependence constraint (II = 6, distance = 1, offset = 1)
   between &apos;store&apos; operation (&apos;hist_addr_write_ln6&apos;, kernel3.cpp:6) of variable &apos;tmp&apos;, kernel3.cpp:6 on array &apos;hist&apos; and &apos;load&apos; operation (&apos;hist_load&apos;, kernel3.cpp:6) on array &apos;hist&apos;."/>
	<Message severity="INFO" prefix="[SCHED 204-61]" key="SCHED_PIPELINING_STATUS_44" tag="" content="Pipelining result : Target II = 1, Final II = 7, Depth = 8."/>
	<Message severity="INFO" prefix="[SCHED 204-11]" key="SCHED_SCHED_STATUS_596" tag="" content="Finished scheduling."/>
	<Message severity="INFO" prefix="[HLS 200-111]" key="HLS_111_966" tag="" content=" Elapsed time: 6.821 seconds; current allocated memory: 101.669 MB."/>
	<Message severity="INFO" prefix="[BIND 205-100]" key="BIND_100_926" tag="" content="Starting micro-architecture generation ..."/>
	<Message severity="INFO" prefix="[BIND 205-101]" key="BIND_101_698" tag="" content="Performing variable lifetime analysis."/>
	<Message severity="INFO" prefix="[BIND 205-101]" key="BIND_101_697" tag="" content="Exploring resource sharing."/>
	<Message severity="INFO" prefix="[BIND 205-101]" key="BIND_101_693" tag="" content="Binding ..."/>
	<Message severity="INFO" prefix="[BIND 205-100]" key="BIND_100_925" tag="" content="Finished micro-architecture generation."/>
	<Message severity="INFO" prefix="[HLS 200-111]" key="HLS_111_966" tag="" content=" Elapsed time: 0.057 seconds; current allocated memory: 101.803 MB."/>
	<Message severity="INFO" prefix="[HLS 200-10]" key="HLS_10_1483" tag="" content="----------------------------------------------------------------"/>
	<Message severity="INFO" prefix="[HLS 200-10]" key="HLS_10_1484" tag="" content="-- Generating RTL for module &apos;kernel3&apos;"/>
	<Message severity="INFO" prefix="[HLS 200-10]" key="HLS_10_1485" tag="" content="----------------------------------------------------------------"/>
	<Message severity="INFO" prefix="[RTGEN 206-500]" key="PREPROC_IO_COMP_CONFLICT_1950" tag="" content="Setting interface mode on port &apos;kernel3/hist&apos; to &apos;ap_memory&apos;."/>
	<Message severity="INFO" prefix="[RTGEN 206-500]" key="PREPROC_IO_COMP_CONFLICT_1950" tag="" content="Setting interface mode on port &apos;kernel3/weight&apos; to &apos;ap_memory&apos;."/>
	<Message severity="INFO" prefix="[RTGEN 206-500]" key="PREPROC_IO_COMP_CONFLICT_1950" tag="" content="Setting interface mode on port &apos;kernel3/index&apos; to &apos;ap_memory&apos;."/>
	<Message severity="INFO" prefix="[RTGEN 206-500]" key="PREPROC_IO_COMP_CONFLICT_1950" tag="" content="Setting interface mode on function &apos;kernel3&apos; to &apos;ap_ctrl_hs&apos;."/>
	<Message severity="INFO" prefix="[SYN 201-210]" key="SYN_210_889" tag="" content="Renamed object name &apos;kernel3_fadd_32ns_32ns_32_4_full_dsp_1&apos; to &apos;kernel3_fadd_32nsbkb&apos; due to the length limit 20"/>
	<Message severity="INFO" prefix="[RTGEN 206-100]" key="RTGEN_100_855" tag="" content="Generating core module &apos;kernel3_fadd_32nsbkb&apos;: 1 instance(s)."/>
	<Message severity="INFO" prefix="[RTGEN 206-100]" key="RTGEN_100_856" tag="" content="Finished creating RTL model for &apos;kernel3&apos;."/>
	<Message severity="INFO" prefix="[HLS 200-111]" key="HLS_111_966" tag="" content=" Elapsed time: 0.098 seconds; current allocated memory: 102.155 MB."/>
	<Message severity="INFO" prefix="[HLS 200-790]" key="HLS 200-790" tag="LOOP,SDX_LOOP" content="**** Loop Constraint Status: All loop constraints were NOT satisfied."/>
	<Message severity="INFO" prefix="[HLS 200-789]" key="HLS 200-789" tag="THROUGHPUT,SDX_KERNEL" content="**** Estimated Fmax: 129.58 MHz"/>
	<Message severity="INFO" prefix="[HLS 200-111]" key="HLS_111_965" tag="" content="Finished generating all RTL models Time (s): cpu = 00:00:02 ; elapsed = 00:00:08 . Memory (MB): peak = 185.855 ; gain = 96.211"/>
	<Message severity="INFO" prefix="[VHDL 208-304]" key="VHDL_304_1066" tag="" content="Generating VHDL RTL for kernel3."/>
	<Message severity="INFO" prefix="[VLOG 209-307]" key="VLOG_307_1067" tag="" content="Generating Verilog RTL for kernel3."/>
</Messages>
