<stg><name>kernel3</name>


<trans_list>

<trans id="43" from="1" to="2">
<condition id="-1">
<or_exp><and_exp></and_exp></or_exp>
</condition>
</trans>

<trans id="62" from="2" to="10">
<condition id="-1">
<or_exp><and_exp><literal name="icmp_ln5" val="1"/>
</and_exp></or_exp>
</condition>
</trans>

<trans id="63" from="2" to="3">
<condition id="-1">
<or_exp><and_exp><literal name="icmp_ln5" val="0"/>
</and_exp></or_exp>
</condition>
</trans>

<trans id="55" from="3" to="4">
<condition id="-1">
<or_exp><and_exp></and_exp></or_exp>
</condition>
</trans>

<trans id="56" from="4" to="5">
<condition id="-1">
<or_exp><and_exp></and_exp></or_exp>
</condition>
</trans>

<trans id="57" from="5" to="6">
<condition id="-1">
<or_exp><and_exp></and_exp></or_exp>
</condition>
</trans>

<trans id="58" from="6" to="7">
<condition id="-1">
<or_exp><and_exp></and_exp></or_exp>
</condition>
</trans>

<trans id="59" from="7" to="8">
<condition id="-1">
<or_exp><and_exp></and_exp></or_exp>
</condition>
</trans>

<trans id="60" from="8" to="9">
<condition id="-1">
<or_exp><and_exp></and_exp></or_exp>
</condition>
</trans>

<trans id="61" from="9" to="2">
<condition id="-1">
<or_exp><and_exp></and_exp></or_exp>
</condition>
</trans>
</trans_list>



<state_list>

<state id="1" st_id="1">

<operation id="11" st_id="1" stage="1" lat="1">
<core>NULL</core>
<MemPortIdVec></MemPortIdVec>
<condition id="-1">
<or_exp><and_exp></and_exp></or_exp>
</condition>

<Node id="4" bw="0" op_0_bw="0" op_1_bw="32">
<![CDATA[
:0  call void (...)* @_ssdm_op_SpecBitsMap([1024 x float]* %hist) nounwind, !map !7

]]></Node>
<StgValue><ssdm name="specbitsmap_ln0"/></StgValue>
</operation>

<operation id="12" st_id="1" stage="1" lat="1">
<core>NULL</core>
<MemPortIdVec></MemPortIdVec>
<condition id="-1">
<or_exp><and_exp></and_exp></or_exp>
</condition>

<Node id="5" bw="0" op_0_bw="0" op_1_bw="32">
<![CDATA[
:1  call void (...)* @_ssdm_op_SpecBitsMap([1024 x float]* %weight) nounwind, !map !13

]]></Node>
<StgValue><ssdm name="specbitsmap_ln0"/></StgValue>
</operation>

<operation id="13" st_id="1" stage="1" lat="1">
<core>NULL</core>
<MemPortIdVec></MemPortIdVec>
<condition id="-1">
<or_exp><and_exp></and_exp></or_exp>
</condition>

<Node id="6" bw="0" op_0_bw="0" op_1_bw="32">
<![CDATA[
:2  call void (...)* @_ssdm_op_SpecBitsMap([1024 x i32]* %index) nounwind, !map !17

]]></Node>
<StgValue><ssdm name="specbitsmap_ln0"/></StgValue>
</operation>

<operation id="14" st_id="1" stage="1" lat="1">
<core>NULL</core>
<MemPortIdVec></MemPortIdVec>
<condition id="-1">
<or_exp><and_exp></and_exp></or_exp>
</condition>

<Node id="7" bw="0" op_0_bw="0" op_1_bw="0">
<![CDATA[
:3  call void (...)* @_ssdm_op_SpecTopModule([8 x i8]* @kernel3_str) nounwind

]]></Node>
<StgValue><ssdm name="spectopmodule_ln0"/></StgValue>
</operation>

<operation id="15" st_id="1" stage="1" lat="1">
<core>NULL</core>
<MemPortIdVec></MemPortIdVec>
<condition id="-1">
<or_exp><and_exp></and_exp></or_exp>
</condition>

<Node id="8" bw="0" op_0_bw="0">
<![CDATA[
:4  br label %1

]]></Node>
<StgValue><ssdm name="br_ln5"/></StgValue>
</operation>
</state>

<state id="2" st_id="2">

<operation id="16" st_id="2" stage="1" lat="1">
<core>NULL</core>
<MemPortIdVec></MemPortIdVec>
<condition id="-1">
<or_exp><and_exp></and_exp></or_exp>
</condition>

<Node id="10" bw="11" op_0_bw="11" op_1_bw="0" op_2_bw="11" op_3_bw="0">
<![CDATA[
:0  %i_0 = phi i11 [ 0, %0 ], [ %i, %loop ]

]]></Node>
<StgValue><ssdm name="i_0"/></StgValue>
</operation>

<operation id="17" st_id="2" stage="1" lat="1">
<core>Cmp</core>
<MemPortIdVec></MemPortIdVec>
<condition id="-1">
<or_exp><and_exp></and_exp></or_exp>
</condition>

<Node id="11" bw="1" op_0_bw="11" op_1_bw="11">
<![CDATA[
:1  %icmp_ln5 = icmp eq i11 %i_0, -1024

]]></Node>
<StgValue><ssdm name="icmp_ln5"/></StgValue>
</operation>

<operation id="18" st_id="2" stage="1" lat="1">
<core>NULL</core>
<MemPortIdVec></MemPortIdVec>
<condition id="-1">
<or_exp><and_exp></and_exp></or_exp>
</condition>

<Node id="12" bw="32" op_0_bw="32" op_1_bw="64" op_2_bw="64" op_3_bw="64">
<![CDATA[
:2  %empty = call i32 (...)* @_ssdm_op_SpecLoopTripCount(i64 1024, i64 1024, i64 1024) nounwind

]]></Node>
<StgValue><ssdm name="empty"/></StgValue>
</operation>

<operation id="19" st_id="2" stage="1" lat="1">
<core>AddSub</core>
<MemPortIdVec></MemPortIdVec>
<condition id="-1">
<or_exp><and_exp></and_exp></or_exp>
</condition>

<Node id="13" bw="11" op_0_bw="11" op_1_bw="11">
<![CDATA[
:3  %i = add i11 %i_0, 1

]]></Node>
<StgValue><ssdm name="i"/></StgValue>
</operation>

<operation id="20" st_id="2" stage="1" lat="1">
<core>NULL</core>
<MemPortIdVec></MemPortIdVec>
<condition id="-1">
<or_exp><and_exp></and_exp></or_exp>
</condition>

<Node id="14" bw="0" op_0_bw="1" op_1_bw="0" op_2_bw="0">
<![CDATA[
:4  br i1 %icmp_ln5, label %2, label %loop

]]></Node>
<StgValue><ssdm name="br_ln5"/></StgValue>
</operation>

<operation id="21" st_id="2" stage="1" lat="1">
<core>NULL</core>
<MemPortIdVec></MemPortIdVec>
<condition id="-1">
<or_exp><and_exp><literal name="icmp_ln5" val="0"/>
</and_exp></or_exp>
</condition>

<Node id="19" bw="64" op_0_bw="11">
<![CDATA[
loop:3  %zext_ln6 = zext i11 %i_0 to i64

]]></Node>
<StgValue><ssdm name="zext_ln6"/></StgValue>
</operation>

<operation id="22" st_id="2" stage="1" lat="1">
<core>NULL</core>
<MemPortIdVec></MemPortIdVec>
<condition id="-1">
<or_exp><and_exp><literal name="icmp_ln5" val="0"/>
</and_exp></or_exp>
</condition>

<Node id="20" bw="10" op_0_bw="32" op_1_bw="64" op_2_bw="64">
<![CDATA[
loop:4  %index_addr = getelementptr [1024 x i32]* %index, i64 0, i64 %zext_ln6

]]></Node>
<StgValue><ssdm name="index_addr"/></StgValue>
</operation>

<operation id="23" st_id="2" stage="2" lat="2">
<core>RAM</core>
<MemPortIdVec>0 </MemPortIdVec>
<condition id="-1">
<or_exp><and_exp><literal name="icmp_ln5" val="0"/>
</and_exp></or_exp>
</condition>

<Node id="21" bw="32" op_0_bw="10">
<![CDATA[
loop:5  %index_load = load i32* %index_addr, align 4

]]></Node>
<StgValue><ssdm name="index_load"/></StgValue>
</operation>

<operation id="24" st_id="2" stage="1" lat="1">
<core>NULL</core>
<MemPortIdVec></MemPortIdVec>
<condition id="-1">
<or_exp><and_exp><literal name="icmp_ln5" val="0"/>
</and_exp></or_exp>
</condition>

<Node id="25" bw="10" op_0_bw="32" op_1_bw="64" op_2_bw="64">
<![CDATA[
loop:9  %weight_addr = getelementptr [1024 x float]* %weight, i64 0, i64 %zext_ln6

]]></Node>
<StgValue><ssdm name="weight_addr"/></StgValue>
</operation>

<operation id="25" st_id="2" stage="2" lat="2">
<core>RAM</core>
<MemPortIdVec>0 </MemPortIdVec>
<condition id="-1">
<or_exp><and_exp><literal name="icmp_ln5" val="0"/>
</and_exp></or_exp>
</condition>

<Node id="26" bw="32" op_0_bw="10">
<![CDATA[
loop:10  %weight_load = load float* %weight_addr, align 4

]]></Node>
<StgValue><ssdm name="weight_load"/></StgValue>
</operation>
</state>

<state id="3" st_id="3">

<operation id="26" st_id="3" stage="1" lat="2">
<core>RAM</core>
<MemPortIdVec>0 </MemPortIdVec>
<condition id="-1">
<or_exp><and_exp><literal name="icmp_ln5" val="0"/>
</and_exp></or_exp>
</condition>

<Node id="21" bw="32" op_0_bw="10">
<![CDATA[
loop:5  %index_load = load i32* %index_addr, align 4

]]></Node>
<StgValue><ssdm name="index_load"/></StgValue>
</operation>

<operation id="27" st_id="3" stage="1" lat="1">
<core>NULL</core>
<MemPortIdVec></MemPortIdVec>
<condition id="-1">
<or_exp><and_exp><literal name="icmp_ln5" val="0"/>
</and_exp></or_exp>
</condition>

<Node id="22" bw="64" op_0_bw="32">
<![CDATA[
loop:6  %sext_ln6 = sext i32 %index_load to i64

]]></Node>
<StgValue><ssdm name="sext_ln6"/></StgValue>
</operation>

<operation id="28" st_id="3" stage="1" lat="1">
<core>NULL</core>
<MemPortIdVec></MemPortIdVec>
<condition id="-1">
<or_exp><and_exp><literal name="icmp_ln5" val="0"/>
</and_exp></or_exp>
</condition>

<Node id="23" bw="10" op_0_bw="32" op_1_bw="64" op_2_bw="64">
<![CDATA[
loop:7  %hist_addr = getelementptr [1024 x float]* %hist, i64 0, i64 %sext_ln6

]]></Node>
<StgValue><ssdm name="hist_addr"/></StgValue>
</operation>

<operation id="29" st_id="3" stage="2" lat="2">
<core>RAM</core>
<MemPortIdVec>0 </MemPortIdVec>
<condition id="-1">
<or_exp><and_exp><literal name="icmp_ln5" val="0"/>
</and_exp></or_exp>
</condition>

<Node id="24" bw="32" op_0_bw="10">
<![CDATA[
loop:8  %hist_load = load float* %hist_addr, align 4

]]></Node>
<StgValue><ssdm name="hist_load"/></StgValue>
</operation>

<operation id="30" st_id="3" stage="1" lat="2">
<core>RAM</core>
<MemPortIdVec>0 </MemPortIdVec>
<condition id="-1">
<or_exp><and_exp><literal name="icmp_ln5" val="0"/>
</and_exp></or_exp>
</condition>

<Node id="26" bw="32" op_0_bw="10">
<![CDATA[
loop:10  %weight_load = load float* %weight_addr, align 4

]]></Node>
<StgValue><ssdm name="weight_load"/></StgValue>
</operation>
</state>

<state id="4" st_id="4">

<operation id="31" st_id="4" stage="1" lat="2">
<core>RAM</core>
<MemPortIdVec>0 </MemPortIdVec>
<condition id="-1">
<or_exp><and_exp><literal name="icmp_ln5" val="0"/>
</and_exp></or_exp>
</condition>

<Node id="24" bw="32" op_0_bw="10">
<![CDATA[
loop:8  %hist_load = load float* %hist_addr, align 4

]]></Node>
<StgValue><ssdm name="hist_load"/></StgValue>
</operation>
</state>

<state id="5" st_id="5">

<operation id="32" st_id="5" stage="4" lat="4">
<core>FAddSub</core>
<MemPortIdVec></MemPortIdVec>
<condition id="-1">
<or_exp><and_exp><literal name="icmp_ln5" val="0"/>
</and_exp></or_exp>
</condition>

<Node id="27" bw="32" op_0_bw="32" op_1_bw="32">
<![CDATA[
loop:11  %tmp = fadd float %hist_load, %weight_load

]]></Node>
<StgValue><ssdm name="tmp"/></StgValue>
</operation>
</state>

<state id="6" st_id="6">

<operation id="33" st_id="6" stage="3" lat="4">
<core>FAddSub</core>
<MemPortIdVec></MemPortIdVec>
<condition id="-1">
<or_exp><and_exp><literal name="icmp_ln5" val="0"/>
</and_exp></or_exp>
</condition>

<Node id="27" bw="32" op_0_bw="32" op_1_bw="32">
<![CDATA[
loop:11  %tmp = fadd float %hist_load, %weight_load

]]></Node>
<StgValue><ssdm name="tmp"/></StgValue>
</operation>
</state>

<state id="7" st_id="7">

<operation id="34" st_id="7" stage="2" lat="4">
<core>FAddSub</core>
<MemPortIdVec></MemPortIdVec>
<condition id="-1">
<or_exp><and_exp><literal name="icmp_ln5" val="0"/>
</and_exp></or_exp>
</condition>

<Node id="27" bw="32" op_0_bw="32" op_1_bw="32">
<![CDATA[
loop:11  %tmp = fadd float %hist_load, %weight_load

]]></Node>
<StgValue><ssdm name="tmp"/></StgValue>
</operation>
</state>

<state id="8" st_id="8">

<operation id="35" st_id="8" stage="1" lat="4">
<core>FAddSub</core>
<MemPortIdVec></MemPortIdVec>
<condition id="-1">
<or_exp><and_exp><literal name="icmp_ln5" val="0"/>
</and_exp></or_exp>
</condition>

<Node id="27" bw="32" op_0_bw="32" op_1_bw="32">
<![CDATA[
loop:11  %tmp = fadd float %hist_load, %weight_load

]]></Node>
<StgValue><ssdm name="tmp"/></StgValue>
</operation>
</state>

<state id="9" st_id="9">

<operation id="36" st_id="9" stage="1" lat="1">
<core>NULL</core>
<MemPortIdVec></MemPortIdVec>
<condition id="-1">
<or_exp><and_exp><literal name="icmp_ln5" val="0"/>
</and_exp></or_exp>
</condition>

<Node id="16" bw="0" op_0_bw="0" op_1_bw="0">
<![CDATA[
loop:0  call void (...)* @_ssdm_op_SpecLoopName([5 x i8]* @p_str) nounwind

]]></Node>
<StgValue><ssdm name="specloopname_ln5"/></StgValue>
</operation>

<operation id="37" st_id="9" stage="1" lat="1">
<core>NULL</core>
<MemPortIdVec></MemPortIdVec>
<condition id="-1">
<or_exp><and_exp><literal name="icmp_ln5" val="0"/>
</and_exp></or_exp>
</condition>

<Node id="17" bw="32" op_0_bw="32" op_1_bw="0">
<![CDATA[
loop:1  %tmp_1 = call i32 (...)* @_ssdm_op_SpecRegionBegin([5 x i8]* @p_str) nounwind

]]></Node>
<StgValue><ssdm name="tmp_1"/></StgValue>
</operation>

<operation id="38" st_id="9" stage="1" lat="1">
<core>NULL</core>
<MemPortIdVec></MemPortIdVec>
<condition id="-1">
<or_exp><and_exp><literal name="icmp_ln5" val="0"/>
</and_exp></or_exp>
</condition>

<Node id="18" bw="0" op_0_bw="0" op_1_bw="32" op_2_bw="32" op_3_bw="32" op_4_bw="32" op_5_bw="0">
<![CDATA[
loop:2  call void (...)* @_ssdm_op_SpecPipeline(i32 -1, i32 1, i32 1, i32 0, [1 x i8]* @p_str1) nounwind

]]></Node>
<StgValue><ssdm name="specpipeline_ln6"/></StgValue>
</operation>

<operation id="39" st_id="9" stage="1" lat="1">
<core>RAM</core>
<MemPortIdVec>0 </MemPortIdVec>
<condition id="-1">
<or_exp><and_exp><literal name="icmp_ln5" val="0"/>
</and_exp></or_exp>
</condition>

<Node id="28" bw="0" op_0_bw="32" op_1_bw="10" op_2_bw="32">
<![CDATA[
loop:12  store float %tmp, float* %hist_addr, align 4

]]></Node>
<StgValue><ssdm name="store_ln6"/></StgValue>
</operation>

<operation id="40" st_id="9" stage="1" lat="1">
<core>NULL</core>
<MemPortIdVec></MemPortIdVec>
<condition id="-1">
<or_exp><and_exp><literal name="icmp_ln5" val="0"/>
</and_exp></or_exp>
</condition>

<Node id="29" bw="32" op_0_bw="32" op_1_bw="0" op_2_bw="32">
<![CDATA[
loop:13  %empty_2 = call i32 (...)* @_ssdm_op_SpecRegionEnd([5 x i8]* @p_str, i32 %tmp_1) nounwind

]]></Node>
<StgValue><ssdm name="empty_2"/></StgValue>
</operation>

<operation id="41" st_id="9" stage="1" lat="1">
<core>NULL</core>
<MemPortIdVec></MemPortIdVec>
<condition id="-1">
<or_exp><and_exp><literal name="icmp_ln5" val="0"/>
</and_exp></or_exp>
</condition>

<Node id="30" bw="0" op_0_bw="0">
<![CDATA[
loop:14  br label %1

]]></Node>
<StgValue><ssdm name="br_ln5"/></StgValue>
</operation>
</state>

<state id="10" st_id="10">

<operation id="42" st_id="10" stage="1" lat="1">
<core>NULL</core>
<MemPortIdVec></MemPortIdVec>
<condition id="-1">
<or_exp><and_exp></and_exp></or_exp>
</condition>

<Node id="32" bw="0">
<![CDATA[
:0  ret void

]]></Node>
<StgValue><ssdm name="ret_ln8"/></StgValue>
</operation>
</state>
</state_list>


<ports>
<port id="64" name="hist" dir="2" iftype="1">
<core>RAM</core><StgValue><ssdm name="hist"/><MemPortTyVec>2 3 </MemPortTyVec>
</StgValue>
</port>
<port id="65" name="weight" dir="0" iftype="1">
<core>RAM</core><StgValue><ssdm name="weight"/><MemPortTyVec>1 3 </MemPortTyVec>
</StgValue>
</port>
<port id="66" name="index" dir="0" iftype="1">
<core>RAM</core><StgValue><ssdm name="index"/><MemPortTyVec>1 3 </MemPortTyVec>
</StgValue>
</port>
</ports>


<dataflows>
<dataflow id="68" from="_ssdm_op_SpecBitsMap" to="specbitsmap_ln0" fromId="67" toId="11">
</dataflow>
<dataflow id="69" from="hist" to="specbitsmap_ln0" fromId="64" toId="11">
</dataflow>
<dataflow id="70" from="_ssdm_op_SpecBitsMap" to="specbitsmap_ln0" fromId="67" toId="12">
</dataflow>
<dataflow id="71" from="weight" to="specbitsmap_ln0" fromId="65" toId="12">
</dataflow>
<dataflow id="72" from="_ssdm_op_SpecBitsMap" to="specbitsmap_ln0" fromId="67" toId="13">
</dataflow>
<dataflow id="73" from="index" to="specbitsmap_ln0" fromId="66" toId="13">
</dataflow>
<dataflow id="75" from="_ssdm_op_SpecTopModule" to="spectopmodule_ln0" fromId="74" toId="14">
</dataflow>
<dataflow id="77" from="kernel3_str" to="spectopmodule_ln0" fromId="76" toId="14">
</dataflow>
<dataflow id="79" from="StgValue_78" to="i_0" fromId="78" toId="16">
<condition id="-1">
<or_exp><and_exp></and_exp></or_exp>
</condition>
</dataflow>
<dataflow id="80" from="br_ln5" to="i_0" fromId="15" toId="16">
</dataflow>
<dataflow id="81" from="i" to="i_0" fromId="19" toId="16">
<BackEdge/>
<condition id="-1">
<or_exp><and_exp><literal name="icmp_ln5" val="0"/>
</and_exp></or_exp>
</condition>
</dataflow>
<dataflow id="82" from="br_ln5" to="i_0" fromId="41" toId="16">
<BackEdge/>
</dataflow>
<dataflow id="83" from="i_0" to="icmp_ln5" fromId="16" toId="17">
</dataflow>
<dataflow id="85" from="StgValue_84" to="icmp_ln5" fromId="84" toId="17">
</dataflow>
<dataflow id="87" from="_ssdm_op_SpecLoopTripCount" to="empty" fromId="86" toId="18">
</dataflow>
<dataflow id="89" from="StgValue_88" to="empty" fromId="88" toId="18">
</dataflow>
<dataflow id="90" from="StgValue_88" to="empty" fromId="88" toId="18">
</dataflow>
<dataflow id="91" from="StgValue_88" to="empty" fromId="88" toId="18">
</dataflow>
<dataflow id="92" from="i_0" to="i" fromId="16" toId="19">
</dataflow>
<dataflow id="94" from="StgValue_93" to="i" fromId="93" toId="19">
</dataflow>
<dataflow id="95" from="icmp_ln5" to="br_ln5" fromId="17" toId="20">
</dataflow>
<dataflow id="96" from="i_0" to="zext_ln6" fromId="16" toId="21">
</dataflow>
<dataflow id="97" from="index" to="index_addr" fromId="66" toId="22">
</dataflow>
<dataflow id="99" from="StgValue_98" to="index_addr" fromId="98" toId="22">
</dataflow>
<dataflow id="100" from="zext_ln6" to="index_addr" fromId="21" toId="22">
</dataflow>
<dataflow id="101" from="index_addr" to="index_load" fromId="22" toId="23">
</dataflow>
<dataflow id="102" from="weight" to="weight_addr" fromId="65" toId="24">
</dataflow>
<dataflow id="103" from="StgValue_98" to="weight_addr" fromId="98" toId="24">
</dataflow>
<dataflow id="104" from="zext_ln6" to="weight_addr" fromId="21" toId="24">
</dataflow>
<dataflow id="105" from="weight_addr" to="weight_load" fromId="24" toId="25">
</dataflow>
<dataflow id="106" from="index_addr" to="index_load" fromId="22" toId="26">
</dataflow>
<dataflow id="107" from="index_load" to="sext_ln6" fromId="26" toId="27">
</dataflow>
<dataflow id="108" from="hist" to="hist_addr" fromId="64" toId="28">
</dataflow>
<dataflow id="109" from="StgValue_98" to="hist_addr" fromId="98" toId="28">
</dataflow>
<dataflow id="110" from="sext_ln6" to="hist_addr" fromId="27" toId="28">
</dataflow>
<dataflow id="111" from="hist_addr" to="hist_load" fromId="28" toId="29">
</dataflow>
<dataflow id="112" from="weight_addr" to="weight_load" fromId="24" toId="30">
</dataflow>
<dataflow id="113" from="hist_addr" to="hist_load" fromId="28" toId="31">
</dataflow>
<dataflow id="114" from="hist_load" to="tmp" fromId="31" toId="32">
</dataflow>
<dataflow id="115" from="weight_load" to="tmp" fromId="30" toId="32">
</dataflow>
<dataflow id="116" from="hist_load" to="tmp" fromId="31" toId="33">
</dataflow>
<dataflow id="117" from="weight_load" to="tmp" fromId="30" toId="33">
</dataflow>
<dataflow id="118" from="hist_load" to="tmp" fromId="31" toId="34">
</dataflow>
<dataflow id="119" from="weight_load" to="tmp" fromId="30" toId="34">
</dataflow>
<dataflow id="120" from="hist_load" to="tmp" fromId="31" toId="35">
</dataflow>
<dataflow id="121" from="weight_load" to="tmp" fromId="30" toId="35">
</dataflow>
<dataflow id="123" from="_ssdm_op_SpecLoopName" to="specloopname_ln5" fromId="122" toId="36">
</dataflow>
<dataflow id="125" from="p_str" to="specloopname_ln5" fromId="124" toId="36">
</dataflow>
<dataflow id="127" from="_ssdm_op_SpecRegionBegin" to="tmp_1" fromId="126" toId="37">
</dataflow>
<dataflow id="128" from="p_str" to="tmp_1" fromId="124" toId="37">
</dataflow>
<dataflow id="130" from="_ssdm_op_SpecPipeline" to="specpipeline_ln6" fromId="129" toId="38">
</dataflow>
<dataflow id="132" from="StgValue_131" to="specpipeline_ln6" fromId="131" toId="38">
</dataflow>
<dataflow id="134" from="StgValue_133" to="specpipeline_ln6" fromId="133" toId="38">
</dataflow>
<dataflow id="135" from="StgValue_133" to="specpipeline_ln6" fromId="133" toId="38">
</dataflow>
<dataflow id="137" from="StgValue_136" to="specpipeline_ln6" fromId="136" toId="38">
</dataflow>
<dataflow id="139" from="p_str1" to="specpipeline_ln6" fromId="138" toId="38">
</dataflow>
<dataflow id="140" from="tmp" to="store_ln6" fromId="35" toId="39">
</dataflow>
<dataflow id="141" from="hist_addr" to="store_ln6" fromId="28" toId="39">
</dataflow>
<dataflow id="143" from="_ssdm_op_SpecRegionEnd" to="empty_2" fromId="142" toId="40">
</dataflow>
<dataflow id="144" from="p_str" to="empty_2" fromId="124" toId="40">
</dataflow>
<dataflow id="145" from="tmp_1" to="empty_2" fromId="37" toId="40">
</dataflow>
<dataflow id="146" from="icmp_ln5" to="StgValue_2" fromId="17" toId="2">
</dataflow>
<dataflow id="147" from="icmp_ln5" to="StgValue_3" fromId="17" toId="3">
</dataflow>
<dataflow id="148" from="icmp_ln5" to="StgValue_4" fromId="17" toId="4">
</dataflow>
<dataflow id="149" from="icmp_ln5" to="StgValue_5" fromId="17" toId="5">
</dataflow>
<dataflow id="150" from="icmp_ln5" to="StgValue_6" fromId="17" toId="6">
</dataflow>
<dataflow id="151" from="icmp_ln5" to="StgValue_7" fromId="17" toId="7">
</dataflow>
<dataflow id="152" from="icmp_ln5" to="StgValue_8" fromId="17" toId="8">
</dataflow>
<dataflow id="153" from="icmp_ln5" to="StgValue_9" fromId="17" toId="9">
</dataflow>
</dataflows>


</stg>
