<stg><name>kernel5</name>


<trans_list>

<trans id="53" from="1" to="2">
<condition id="-1">
<or_exp><and_exp></and_exp></or_exp>
</condition>
</trans>

<trans id="54" from="2" to="3">
<condition id="-1">
<or_exp><and_exp></and_exp></or_exp>
</condition>
</trans>

<trans id="55" from="3" to="4">
<condition id="-1">
<or_exp><and_exp><literal name="and_ln7" val="1"/>
</and_exp></or_exp>
</condition>
</trans>

<trans id="57" from="4" to="5">
<condition id="-1">
<or_exp><and_exp></and_exp></or_exp>
</condition>
</trans>

<trans id="58" from="5" to="6">
<condition id="-1">
<or_exp><and_exp></and_exp></or_exp>
</condition>
</trans>

<trans id="59" from="6" to="7">
<condition id="-1">
<or_exp><and_exp></and_exp></or_exp>
</condition>
</trans>

<trans id="60" from="7" to="8">
<condition id="-1">
<or_exp><and_exp></and_exp></or_exp>
</condition>
</trans>

<trans id="61" from="8" to="2">
<condition id="-1">
<or_exp><and_exp></and_exp></or_exp>
</condition>
</trans>
</trans_list>



<state_list>

<state id="1" st_id="1">

<operation id="9" st_id="1" stage="1" lat="1">
<core>NULL</core>
<MemPortIdVec></MemPortIdVec>
<condition id="-1">
<or_exp><and_exp></and_exp></or_exp>
</condition>

<Node id="4" bw="0" op_0_bw="0" op_1_bw="32">
<![CDATA[
:0  call void (...)* @_ssdm_op_SpecBitsMap(float %bound) nounwind, !map !7

]]></Node>
<StgValue><ssdm name="specbitsmap_ln0"/></StgValue>
</operation>

<operation id="10" st_id="1" stage="1" lat="1">
<core>NULL</core>
<MemPortIdVec></MemPortIdVec>
<condition id="-1">
<or_exp><and_exp></and_exp></or_exp>
</condition>

<Node id="5" bw="0" op_0_bw="0" op_1_bw="32">
<![CDATA[
:1  call void (...)* @_ssdm_op_SpecBitsMap([1024 x float]* %a) nounwind, !map !13

]]></Node>
<StgValue><ssdm name="specbitsmap_ln0"/></StgValue>
</operation>

<operation id="11" st_id="1" stage="1" lat="1">
<core>NULL</core>
<MemPortIdVec></MemPortIdVec>
<condition id="-1">
<or_exp><and_exp></and_exp></or_exp>
</condition>

<Node id="6" bw="0" op_0_bw="0" op_1_bw="32">
<![CDATA[
:2  call void (...)* @_ssdm_op_SpecBitsMap([1024 x float]* %b) nounwind, !map !19

]]></Node>
<StgValue><ssdm name="specbitsmap_ln0"/></StgValue>
</operation>

<operation id="12" st_id="1" stage="1" lat="1">
<core>NULL</core>
<MemPortIdVec></MemPortIdVec>
<condition id="-1">
<or_exp><and_exp></and_exp></or_exp>
</condition>

<Node id="7" bw="0" op_0_bw="0" op_1_bw="32">
<![CDATA[
:3  call void (...)* @_ssdm_op_SpecBitsMap(float 0.000000e+00) nounwind, !map !23

]]></Node>
<StgValue><ssdm name="specbitsmap_ln0"/></StgValue>
</operation>

<operation id="13" st_id="1" stage="1" lat="1">
<core>NULL</core>
<MemPortIdVec></MemPortIdVec>
<condition id="-1">
<or_exp><and_exp></and_exp></or_exp>
</condition>

<Node id="8" bw="0" op_0_bw="0" op_1_bw="0">
<![CDATA[
:4  call void (...)* @_ssdm_op_SpecTopModule([8 x i8]* @kernel5_str) nounwind

]]></Node>
<StgValue><ssdm name="spectopmodule_ln0"/></StgValue>
</operation>

<operation id="14" st_id="1" stage="1" lat="1">
<core>NULL</core>
<MemPortIdVec></MemPortIdVec>
<condition id="-1">
<or_exp><and_exp></and_exp></or_exp>
</condition>

<Node id="9" bw="32" op_0_bw="32" op_1_bw="32">
<![CDATA[
:5  %bound_read = call float @_ssdm_op_Read.ap_auto.float(float %bound) nounwind

]]></Node>
<StgValue><ssdm name="bound_read"/></StgValue>
</operation>

<operation id="15" st_id="1" stage="1" lat="1">
<core>NULL</core>
<MemPortIdVec></MemPortIdVec>
<condition id="-1">
<or_exp><and_exp></and_exp></or_exp>
</condition>

<Node id="10" bw="32" op_0_bw="32">
<![CDATA[
:6  %bitcast_ln7_1 = bitcast float %bound_read to i32

]]></Node>
<StgValue><ssdm name="bitcast_ln7_1"/></StgValue>
</operation>

<operation id="16" st_id="1" stage="1" lat="1">
<core>NULL</core>
<MemPortIdVec></MemPortIdVec>
<condition id="-1">
<or_exp><and_exp></and_exp></or_exp>
</condition>

<Node id="11" bw="8" op_0_bw="8" op_1_bw="32" op_2_bw="32" op_3_bw="32">
<![CDATA[
:7  %tmp_1 = call i8 @_ssdm_op_PartSelect.i8.i32.i32.i32(i32 %bitcast_ln7_1, i32 23, i32 30)

]]></Node>
<StgValue><ssdm name="tmp_1"/></StgValue>
</operation>

<operation id="17" st_id="1" stage="1" lat="1">
<core>NULL</core>
<MemPortIdVec></MemPortIdVec>
<condition id="-1">
<or_exp><and_exp></and_exp></or_exp>
</condition>

<Node id="12" bw="23" op_0_bw="32">
<![CDATA[
:8  %trunc_ln7 = trunc i32 %bitcast_ln7_1 to i23

]]></Node>
<StgValue><ssdm name="trunc_ln7"/></StgValue>
</operation>

<operation id="18" st_id="1" stage="1" lat="1">
<core>Cmp</core>
<MemPortIdVec></MemPortIdVec>
<condition id="-1">
<or_exp><and_exp></and_exp></or_exp>
</condition>

<Node id="13" bw="1" op_0_bw="8" op_1_bw="8">
<![CDATA[
:9  %icmp_ln7 = icmp ne i8 %tmp_1, -1

]]></Node>
<StgValue><ssdm name="icmp_ln7"/></StgValue>
</operation>

<operation id="19" st_id="1" stage="1" lat="1">
<core>Cmp</core>
<MemPortIdVec></MemPortIdVec>
<condition id="-1">
<or_exp><and_exp></and_exp></or_exp>
</condition>

<Node id="14" bw="1" op_0_bw="23" op_1_bw="23">
<![CDATA[
:10  %icmp_ln7_3 = icmp eq i23 %trunc_ln7, 0

]]></Node>
<StgValue><ssdm name="icmp_ln7_3"/></StgValue>
</operation>

<operation id="20" st_id="1" stage="1" lat="1">
<core>LogicGate</core>
<MemPortIdVec></MemPortIdVec>
<condition id="-1">
<or_exp><and_exp></and_exp></or_exp>
</condition>

<Node id="15" bw="1" op_0_bw="1" op_1_bw="1">
<![CDATA[
:11  %or_ln7_1 = or i1 %icmp_ln7_3, %icmp_ln7

]]></Node>
<StgValue><ssdm name="or_ln7_1"/></StgValue>
</operation>

<operation id="21" st_id="1" stage="1" lat="1">
<core>NULL</core>
<MemPortIdVec></MemPortIdVec>
<condition id="-1">
<or_exp><and_exp></and_exp></or_exp>
</condition>

<Node id="16" bw="0" op_0_bw="0">
<![CDATA[
:12  br label %1

]]></Node>
<StgValue><ssdm name="br_ln7"/></StgValue>
</operation>
</state>

<state id="2" st_id="2">

<operation id="22" st_id="2" stage="1" lat="1">
<core>NULL</core>
<MemPortIdVec></MemPortIdVec>
<condition id="-1">
<or_exp><and_exp></and_exp></or_exp>
</condition>

<Node id="19" bw="32" op_0_bw="32" op_1_bw="0" op_2_bw="32" op_3_bw="0">
<![CDATA[
:1  %sum_01 = phi float [ undef, %0 ], [ %sum, %2 ]

]]></Node>
<StgValue><ssdm name="sum_01"/></StgValue>
</operation>

<operation id="23" st_id="2" stage="2" lat="2">
<core>FCmp</core>
<MemPortIdVec></MemPortIdVec>
<condition id="-1">
<or_exp><and_exp></and_exp></or_exp>
</condition>

<Node id="27" bw="1" op_0_bw="32" op_1_bw="32">
<![CDATA[
:9  %tmp_2 = fcmp olt float %sum_01, %bound_read

]]></Node>
<StgValue><ssdm name="tmp_2"/></StgValue>
</operation>
</state>

<state id="3" st_id="3">

<operation id="24" st_id="3" stage="1" lat="1">
<core>NULL</core>
<MemPortIdVec></MemPortIdVec>
<condition id="-1">
<or_exp><and_exp></and_exp></or_exp>
</condition>

<Node id="18" bw="32" op_0_bw="32" op_1_bw="0" op_2_bw="32" op_3_bw="0">
<![CDATA[
:0  %i_0 = phi i32 [ 0, %0 ], [ %i, %2 ]

]]></Node>
<StgValue><ssdm name="i_0"/></StgValue>
</operation>

<operation id="25" st_id="3" stage="1" lat="1">
<core>NULL</core>
<MemPortIdVec></MemPortIdVec>
<condition id="-1">
<or_exp><and_exp></and_exp></or_exp>
</condition>

<Node id="20" bw="32" op_0_bw="32">
<![CDATA[
:2  %bitcast_ln7 = bitcast float %sum_01 to i32

]]></Node>
<StgValue><ssdm name="bitcast_ln7"/></StgValue>
</operation>

<operation id="26" st_id="3" stage="1" lat="1">
<core>NULL</core>
<MemPortIdVec></MemPortIdVec>
<condition id="-1">
<or_exp><and_exp></and_exp></or_exp>
</condition>

<Node id="21" bw="8" op_0_bw="8" op_1_bw="32" op_2_bw="32" op_3_bw="32">
<![CDATA[
:3  %tmp = call i8 @_ssdm_op_PartSelect.i8.i32.i32.i32(i32 %bitcast_ln7, i32 23, i32 30)

]]></Node>
<StgValue><ssdm name="tmp"/></StgValue>
</operation>

<operation id="27" st_id="3" stage="1" lat="1">
<core>NULL</core>
<MemPortIdVec></MemPortIdVec>
<condition id="-1">
<or_exp><and_exp></and_exp></or_exp>
</condition>

<Node id="22" bw="23" op_0_bw="32">
<![CDATA[
:4  %trunc_ln7_1 = trunc i32 %bitcast_ln7 to i23

]]></Node>
<StgValue><ssdm name="trunc_ln7_1"/></StgValue>
</operation>

<operation id="28" st_id="3" stage="1" lat="1">
<core>Cmp</core>
<MemPortIdVec></MemPortIdVec>
<condition id="-1">
<or_exp><and_exp></and_exp></or_exp>
</condition>

<Node id="23" bw="1" op_0_bw="8" op_1_bw="8">
<![CDATA[
:5  %icmp_ln7_1 = icmp ne i8 %tmp, -1

]]></Node>
<StgValue><ssdm name="icmp_ln7_1"/></StgValue>
</operation>

<operation id="29" st_id="3" stage="1" lat="1">
<core>Cmp</core>
<MemPortIdVec></MemPortIdVec>
<condition id="-1">
<or_exp><and_exp></and_exp></or_exp>
</condition>

<Node id="24" bw="1" op_0_bw="23" op_1_bw="23">
<![CDATA[
:6  %icmp_ln7_2 = icmp eq i23 %trunc_ln7_1, 0

]]></Node>
<StgValue><ssdm name="icmp_ln7_2"/></StgValue>
</operation>

<operation id="30" st_id="3" stage="1" lat="1">
<core>LogicGate</core>
<MemPortIdVec></MemPortIdVec>
<condition id="-1">
<or_exp><and_exp></and_exp></or_exp>
</condition>

<Node id="25" bw="1" op_0_bw="1" op_1_bw="1">
<![CDATA[
:7  %or_ln7 = or i1 %icmp_ln7_2, %icmp_ln7_1

]]></Node>
<StgValue><ssdm name="or_ln7"/></StgValue>
</operation>

<operation id="31" st_id="3" stage="1" lat="1">
<core>LogicGate</core>
<MemPortIdVec></MemPortIdVec>
<condition id="-1">
<or_exp><and_exp></and_exp></or_exp>
</condition>

<Node id="26" bw="1" op_0_bw="1" op_1_bw="1">
<![CDATA[
:8  %and_ln7_1 = and i1 %or_ln7, %or_ln7_1

]]></Node>
<StgValue><ssdm name="and_ln7_1"/></StgValue>
</operation>

<operation id="32" st_id="3" stage="1" lat="2">
<core>FCmp</core>
<MemPortIdVec></MemPortIdVec>
<condition id="-1">
<or_exp><and_exp></and_exp></or_exp>
</condition>

<Node id="27" bw="1" op_0_bw="32" op_1_bw="32">
<![CDATA[
:9  %tmp_2 = fcmp olt float %sum_01, %bound_read

]]></Node>
<StgValue><ssdm name="tmp_2"/></StgValue>
</operation>

<operation id="33" st_id="3" stage="1" lat="1">
<core>LogicGate</core>
<MemPortIdVec></MemPortIdVec>
<condition id="-1">
<or_exp><and_exp></and_exp></or_exp>
</condition>

<Node id="28" bw="1" op_0_bw="1" op_1_bw="1">
<![CDATA[
:10  %and_ln7_2 = and i1 %and_ln7_1, %tmp_2

]]></Node>
<StgValue><ssdm name="and_ln7_2"/></StgValue>
</operation>

<operation id="34" st_id="3" stage="1" lat="1">
<core>NULL</core>
<MemPortIdVec></MemPortIdVec>
<condition id="-1">
<or_exp><and_exp></and_exp></or_exp>
</condition>

<Node id="29" bw="22" op_0_bw="22" op_1_bw="32" op_2_bw="32" op_3_bw="32">
<![CDATA[
:11  %tmp_3 = call i22 @_ssdm_op_PartSelect.i22.i32.i32.i32(i32 %i_0, i32 10, i32 31)

]]></Node>
<StgValue><ssdm name="tmp_3"/></StgValue>
</operation>

<operation id="35" st_id="3" stage="1" lat="1">
<core>Cmp</core>
<MemPortIdVec></MemPortIdVec>
<condition id="-1">
<or_exp><and_exp></and_exp></or_exp>
</condition>

<Node id="30" bw="1" op_0_bw="22" op_1_bw="22">
<![CDATA[
:12  %icmp_ln7_4 = icmp slt i22 %tmp_3, 1

]]></Node>
<StgValue><ssdm name="icmp_ln7_4"/></StgValue>
</operation>

<operation id="36" st_id="3" stage="1" lat="1">
<core>LogicGate</core>
<MemPortIdVec></MemPortIdVec>
<condition id="-1">
<or_exp><and_exp></and_exp></or_exp>
</condition>

<Node id="31" bw="1" op_0_bw="1" op_1_bw="1">
<![CDATA[
:13  %and_ln7 = and i1 %and_ln7_2, %icmp_ln7_4

]]></Node>
<StgValue><ssdm name="and_ln7"/></StgValue>
</operation>

<operation id="37" st_id="3" stage="1" lat="1">
<core>AddSub</core>
<MemPortIdVec></MemPortIdVec>
<condition id="-1">
<or_exp><and_exp></and_exp></or_exp>
</condition>

<Node id="32" bw="32" op_0_bw="32" op_1_bw="32">
<![CDATA[
:14  %i = add nsw i32 1, %i_0

]]></Node>
<StgValue><ssdm name="i"/></StgValue>
</operation>

<operation id="38" st_id="3" stage="1" lat="1">
<core>NULL</core>
<MemPortIdVec></MemPortIdVec>
<condition id="-1">
<or_exp><and_exp></and_exp></or_exp>
</condition>

<Node id="33" bw="0" op_0_bw="1" op_1_bw="0" op_2_bw="0">
<![CDATA[
:15  br i1 %and_ln7, label %2, label %3

]]></Node>
<StgValue><ssdm name="br_ln7"/></StgValue>
</operation>

<operation id="39" st_id="3" stage="1" lat="1">
<core>NULL</core>
<MemPortIdVec></MemPortIdVec>
<condition id="-1">
<or_exp><and_exp><literal name="and_ln7" val="1"/>
</and_exp></or_exp>
</condition>

<Node id="36" bw="64" op_0_bw="32">
<![CDATA[
:1  %sext_ln9 = sext i32 %i_0 to i64

]]></Node>
<StgValue><ssdm name="sext_ln9"/></StgValue>
</operation>

<operation id="40" st_id="3" stage="1" lat="1">
<core>NULL</core>
<MemPortIdVec></MemPortIdVec>
<condition id="-1">
<or_exp><and_exp><literal name="and_ln7" val="1"/>
</and_exp></or_exp>
</condition>

<Node id="37" bw="10" op_0_bw="32" op_1_bw="64" op_2_bw="64">
<![CDATA[
:2  %a_addr = getelementptr [1024 x float]* %a, i64 0, i64 %sext_ln9

]]></Node>
<StgValue><ssdm name="a_addr"/></StgValue>
</operation>

<operation id="41" st_id="3" stage="2" lat="2">
<core>RAM</core>
<MemPortIdVec></MemPortIdVec>
<condition id="-1">
<or_exp><and_exp><literal name="and_ln7" val="1"/>
</and_exp></or_exp>
</condition>

<Node id="38" bw="32" op_0_bw="10">
<![CDATA[
:3  %a_load = load float* %a_addr, align 4

]]></Node>
<StgValue><ssdm name="a_load"/></StgValue>
</operation>

<operation id="42" st_id="3" stage="1" lat="1">
<core>NULL</core>
<MemPortIdVec></MemPortIdVec>
<condition id="-1">
<or_exp><and_exp><literal name="and_ln7" val="1"/>
</and_exp></or_exp>
</condition>

<Node id="39" bw="10" op_0_bw="32" op_1_bw="64" op_2_bw="64">
<![CDATA[
:4  %b_addr = getelementptr [1024 x float]* %b, i64 0, i64 %sext_ln9

]]></Node>
<StgValue><ssdm name="b_addr"/></StgValue>
</operation>

<operation id="43" st_id="3" stage="2" lat="2">
<core>RAM</core>
<MemPortIdVec></MemPortIdVec>
<condition id="-1">
<or_exp><and_exp><literal name="and_ln7" val="1"/>
</and_exp></or_exp>
</condition>

<Node id="40" bw="32" op_0_bw="10">
<![CDATA[
:5  %b_load = load float* %b_addr, align 4

]]></Node>
<StgValue><ssdm name="b_load"/></StgValue>
</operation>

<operation id="44" st_id="3" stage="1" lat="1">
<core>NULL</core>
<MemPortIdVec></MemPortIdVec>
<condition id="-1">
<or_exp><and_exp><literal name="and_ln7" val="0"/>
</and_exp></or_exp>
</condition>

<Node id="44" bw="0" op_0_bw="32">
<![CDATA[
:0  ret float %sum_01

]]></Node>
<StgValue><ssdm name="ret_ln12"/></StgValue>
</operation>
</state>

<state id="4" st_id="4">

<operation id="45" st_id="4" stage="1" lat="2">
<core>RAM</core>
<MemPortIdVec></MemPortIdVec>
<condition id="-1">
<or_exp><and_exp></and_exp></or_exp>
</condition>

<Node id="38" bw="32" op_0_bw="10">
<![CDATA[
:3  %a_load = load float* %a_addr, align 4

]]></Node>
<StgValue><ssdm name="a_load"/></StgValue>
</operation>

<operation id="46" st_id="4" stage="1" lat="2">
<core>RAM</core>
<MemPortIdVec></MemPortIdVec>
<condition id="-1">
<or_exp><and_exp></and_exp></or_exp>
</condition>

<Node id="40" bw="32" op_0_bw="10">
<![CDATA[
:5  %b_load = load float* %b_addr, align 4

]]></Node>
<StgValue><ssdm name="b_load"/></StgValue>
</operation>
</state>

<state id="5" st_id="5">

<operation id="47" st_id="5" stage="4" lat="4">
<core>FAddSub</core>
<MemPortIdVec></MemPortIdVec>
<condition id="-1">
<or_exp><and_exp></and_exp></or_exp>
</condition>

<Node id="41" bw="32" op_0_bw="32" op_1_bw="32">
<![CDATA[
:6  %sum = fadd float %a_load, %b_load

]]></Node>
<StgValue><ssdm name="sum"/></StgValue>
</operation>
</state>

<state id="6" st_id="6">

<operation id="48" st_id="6" stage="3" lat="4">
<core>FAddSub</core>
<MemPortIdVec></MemPortIdVec>
<condition id="-1">
<or_exp><and_exp></and_exp></or_exp>
</condition>

<Node id="41" bw="32" op_0_bw="32" op_1_bw="32">
<![CDATA[
:6  %sum = fadd float %a_load, %b_load

]]></Node>
<StgValue><ssdm name="sum"/></StgValue>
</operation>
</state>

<state id="7" st_id="7">

<operation id="49" st_id="7" stage="2" lat="4">
<core>FAddSub</core>
<MemPortIdVec></MemPortIdVec>
<condition id="-1">
<or_exp><and_exp></and_exp></or_exp>
</condition>

<Node id="41" bw="32" op_0_bw="32" op_1_bw="32">
<![CDATA[
:6  %sum = fadd float %a_load, %b_load

]]></Node>
<StgValue><ssdm name="sum"/></StgValue>
</operation>
</state>

<state id="8" st_id="8">

<operation id="50" st_id="8" stage="1" lat="1">
<core>NULL</core>
<MemPortIdVec></MemPortIdVec>
<condition id="-1">
<or_exp><and_exp></and_exp></or_exp>
</condition>

<Node id="35" bw="0" op_0_bw="0" op_1_bw="0">
<![CDATA[
:0  call void (...)* @_ssdm_op_SpecLoopName([5 x i8]* @p_str) nounwind

]]></Node>
<StgValue><ssdm name="specloopname_ln8"/></StgValue>
</operation>

<operation id="51" st_id="8" stage="1" lat="4">
<core>FAddSub</core>
<MemPortIdVec></MemPortIdVec>
<condition id="-1">
<or_exp><and_exp></and_exp></or_exp>
</condition>

<Node id="41" bw="32" op_0_bw="32" op_1_bw="32">
<![CDATA[
:6  %sum = fadd float %a_load, %b_load

]]></Node>
<StgValue><ssdm name="sum"/></StgValue>
</operation>

<operation id="52" st_id="8" stage="1" lat="1">
<core>NULL</core>
<MemPortIdVec></MemPortIdVec>
<condition id="-1">
<or_exp><and_exp></and_exp></or_exp>
</condition>

<Node id="42" bw="0" op_0_bw="0">
<![CDATA[
:7  br label %1

]]></Node>
<StgValue><ssdm name="br_ln11"/></StgValue>
</operation>
</state>
</state_list>


<ports>
</ports>


<dataflows>
</dataflows>


</stg>
