<?xml version="1.0" encoding="UTF-8"?>
<vivadoHLSLog:LogRoot xmlns:vivadoHLSLog="www.xilinx.com/vivadoHLSLog">
  <errorLogs>
    <logs>
      <synLog/>
      <simLog/>
      <mgLog/>
      <packageLog/>
      <csimLog/>
    </logs>
  </errorLogs>
  <warningLogs>
    <logs>
      <synLog>
        <logs message="WARNING: [SCHED 204-68] The II Violation in module 'kernel5' (Loop: loop): Unable to enforce a carried dependence constraint (II = 6, distance = 1, offset = 1)&#xD;&#xA;   between 'fadd' operation ('sum', kernel5.cpp:9) and 'fcmp' operation ('tmp_3', kernel5.cpp:7)." projectName="prj_kernel5" solutionName="optimized" date="2021-05-08T23:32:56.866+0200" type="Warning"/>
        <logs message="WARNING: [SCHED 204-68] The II Violation in module 'kernel5' (Loop: loop): Unable to enforce a carried dependence constraint (II = 5, distance = 1, offset = 1)&#xD;&#xA;   between 'fadd' operation ('sum', kernel5.cpp:9) and 'icmp' operation ('icmp_ln7_1', kernel5.cpp:7)." projectName="prj_kernel5" solutionName="optimized" date="2021-05-08T23:32:56.851+0200" type="Warning"/>
        <logs message="WARNING: [SCHED 204-68] The II Violation in module 'kernel5' (Loop: loop): Unable to enforce a carried dependence constraint (II = 4, distance = 1, offset = 1)&#xD;&#xA;   between 'fadd' operation ('sum', kernel5.cpp:9) and 'icmp' operation ('icmp_ln7_1', kernel5.cpp:7)." projectName="prj_kernel5" solutionName="optimized" date="2021-05-08T23:32:56.835+0200" type="Warning"/>
        <logs message="WARNING: [SCHED 204-68] The II Violation in module 'kernel5' (Loop: loop): Unable to enforce a carried dependence constraint (II = 3, distance = 1, offset = 1)&#xD;&#xA;   between 'fadd' operation ('sum', kernel5.cpp:9) and 'icmp' operation ('icmp_ln7_1', kernel5.cpp:7)." projectName="prj_kernel5" solutionName="optimized" date="2021-05-08T23:32:56.835+0200" type="Warning"/>
        <logs message="WARNING: [SCHED 204-68] The II Violation in module 'kernel5' (Loop: loop): Unable to enforce a carried dependence constraint (II = 2, distance = 1, offset = 1)&#xD;&#xA;   between 'fadd' operation ('sum', kernel5.cpp:9) and 'icmp' operation ('icmp_ln7_1', kernel5.cpp:7)." projectName="prj_kernel5" solutionName="optimized" date="2021-05-08T23:32:56.819+0200" type="Warning"/>
        <logs message="WARNING: [SCHED 204-64] Unable to schedule the loop exit test ('and' operation ('and_ln7', kernel5.cpp:7)) in the first pipeline iteration (II = 1 cycles)." projectName="prj_kernel5" solutionName="optimized" date="2021-05-08T23:32:56.788+0200" type="Warning"/>
      </synLog>
      <simLog/>
      <mgLog/>
      <packageLog/>
      <csimLog/>
    </logs>
  </warningLogs>
</vivadoHLSLog:LogRoot>
