{
  "Top": "kernel3",
  "RtlTop": "kernel3",
  "RtlPrefix": "",
  "SourceLanguage": "cpp",
  "ResetStyle": "control",
  "GenerateBdFiles": "0",
  "HostMachineBits": "64",
  "Target": {
    "Family": "kintex7",
    "Device": "xc7k160t",
    "Package": "-fbg484",
    "Speed": "-1"
  },
  "HlsSolution": {
    
  },
  "Args": {
    "hist": {
      "index": "0",
      "type": {
        "kinds": ["array"],
        "dataType": "float",
        "dataWidth": "32",
        "arraySizes": ["1024"],
        "multiInterfaceRef": [
          "hist_address0",
          "hist_d0",
          "hist_q0"
        ]
      }
    },
    "weight": {
      "index": "1",
      "type": {
        "kinds": ["array"],
        "dataType": "float",
        "dataWidth": "32",
        "arraySizes": ["1024"],
        "multiInterfaceRef": [
          "weight_address0",
          "weight_q0"
        ]
      }
    },
    "index": {
      "index": "2",
      "type": {
        "kinds": ["array"],
        "dataType": "int",
        "dataWidth": "32",
        "arraySizes": ["1024"],
        "multiInterfaceRef": [
          "index_address0",
          "index_q0"
        ]
      }
    }
  },
  "Return": {
    
  },
  "ClockInfo": {
    "ClockName": "ap_clk",
    "ClockPeriod": "10",
    "IsCombLogic": "0",
    "II": "x",
    "Latency": "8193",
    "Uncertainty": "1.25"
  },
  "Xdc": {"OocClocks": ["create_clock -name ap_clk -period 10.000 [get_ports ap_clk]"]},
  "Ipx": {
    "Vendor": "xilinx.com",
    "Library": "hls",
    "Name": "kernel3",
    "Version": "1.0",
    "DisplayName": "Kernel3",
    "Revision": "",
    "Description": "An IP generated by Vivado HLS",
    "Taxonomy": "\/VIVADO_HLS_IP",
    "AutoFamilySupport": ""
  },
  "Files": {
    "CSource": ["..\/..\/kernel3.cpp"],
    "Vhdl": [
      "impl\/vhdl\/kernel3_fadd_32nsbkb.vhd",
      "impl\/vhdl\/kernel3.vhd"
    ],
    "Verilog": [
      "impl\/verilog\/kernel3_fadd_32nsbkb.v",
      "impl\/verilog\/kernel3.v"
    ],
    "Misc": ["impl\/misc\/logo.png"],
    "Subcore": ["impl\/misc\/kernel3_ap_fadd_2_full_dsp_32_ip.tcl"],
    "DesignXml": "C:\/Users\/Kushagra\/Desktop\/EPFL_Sem2\/Advanced_Computer_Architecture\/Git\/HLS\/hw3-kernels-optimized\/kernel3\/prj_kernel3\/original\/.autopilot\/db\/kernel3.design.xml",
    "DebugDir": "C:\/Users\/Kushagra\/Desktop\/EPFL_Sem2\/Advanced_Computer_Architecture\/Git\/HLS\/hw3-kernels-optimized\/kernel3\/prj_kernel3\/original\/.debug",
    "ProtoInst": ["C:\/Users\/Kushagra\/Desktop\/EPFL_Sem2\/Advanced_Computer_Architecture\/Git\/HLS\/hw3-kernels-optimized\/kernel3\/prj_kernel3\/original\/.debug\/kernel3.protoinst"]
  },
  "SubcoreInfo": {
    "HasXpmMemory": false,
    "HasClockedDsp": false,
    "IP": [{
        "name": "kernel3_ap_fadd_2_full_dsp_32",
        "vlnv": "xilinx.com:ip:floating_point:7.1",
        "params": "CONFIG.a_precision_type Single CONFIG.a_tuser_width 1 CONFIG.add_sub_value Add CONFIG.b_tuser_width 1 CONFIG.c_a_exponent_width 8 CONFIG.c_a_fraction_width 24 CONFIG.c_compare_operation Programmable CONFIG.c_has_divide_by_zero false CONFIG.c_has_invalid_op false CONFIG.c_has_overflow false CONFIG.c_has_underflow false CONFIG.c_latency 2 CONFIG.c_mult_usage Full_Usage CONFIG.c_optimization Speed_Optimized CONFIG.c_rate 1 CONFIG.c_result_exponent_width 8 CONFIG.c_result_fraction_width 24 CONFIG.component_name kernel3_ap_fadd_2_full_dsp_32 CONFIG.flow_control NonBlocking CONFIG.has_a_tlast false CONFIG.has_a_tuser false CONFIG.has_aclken true CONFIG.has_aresetn false CONFIG.has_b_tlast false CONFIG.has_b_tuser false CONFIG.has_operation_tlast false CONFIG.has_operation_tuser false CONFIG.has_result_tready false CONFIG.maximum_latency false CONFIG.operation_tuser_width 1 CONFIG.operation_type Add_Subtract CONFIG.result_precision_type Single CONFIG.result_tlast_behv Null"
      }]
  },
  "Interfaces": {
    "ap_clk": {
      "type": "clock",
      "ctype": {"CLK": {"Type": "bool"}},
      "bundle_name": "ap_clk",
      "bundle_role": "default",
      "reset": "ap_rst"
    },
    "ap_ctrl": {
      "type": "ap_ctrl",
      "ctrl_ports": "ap_start ap_done ap_idle ap_ready",
      "ctype": {
        "start": {"Type": "bool"},
        "done": {"Type": "bool"},
        "idle": {"Type": "bool"},
        "ready": {"Type": "bool"}
      }
    },
    "ap_rst": {
      "type": "reset",
      "polarity": "ACTIVE_HIGH",
      "ctype": {"RST": {"Type": "bool"}},
      "bundle_name": "ap_rst",
      "bundle_role": "default"
    },
    "hist_address0": {
      "type": "data",
      "dir": "out",
      "width": "10",
      "ctype": {"DATA": {
          "Type": "null",
          "Width": "10"
        }},
      "bundle_name": "hist",
      "bundle_role": "address0"
    },
    "hist_d0": {
      "type": "data",
      "dir": "out",
      "width": "32",
      "ctype": {"DATA": {
          "Type": "real float",
          "Width": "32"
        }},
      "bundle_name": "hist",
      "bundle_role": "d0"
    },
    "hist_q0": {
      "type": "data",
      "dir": "in",
      "width": "32",
      "ctype": {"DATA": {
          "Type": "real float",
          "Width": "32"
        }},
      "bundle_name": "hist",
      "bundle_role": "q0"
    },
    "index_address0": {
      "type": "data",
      "dir": "out",
      "width": "10",
      "ctype": {"DATA": {
          "Type": "null",
          "Width": "10"
        }},
      "bundle_name": "index",
      "bundle_role": "address0"
    },
    "index_q0": {
      "type": "data",
      "dir": "in",
      "width": "32",
      "ctype": {"DATA": {
          "Type": "integer signed",
          "Width": "32"
        }},
      "bundle_name": "index",
      "bundle_role": "q0"
    },
    "weight_address0": {
      "type": "data",
      "dir": "out",
      "width": "10",
      "ctype": {"DATA": {
          "Type": "null",
          "Width": "10"
        }},
      "bundle_name": "weight",
      "bundle_role": "address0"
    },
    "weight_q0": {
      "type": "data",
      "dir": "in",
      "width": "32",
      "ctype": {"DATA": {
          "Type": "real float",
          "Width": "32"
        }},
      "bundle_name": "weight",
      "bundle_role": "q0"
    }
  },
  "RtlPorts": {
    "ap_clk": {
      "dir": "in",
      "width": "1"
    },
    "ap_rst": {
      "dir": "in",
      "width": "1"
    },
    "ap_start": {
      "dir": "in",
      "width": "1"
    },
    "ap_done": {
      "dir": "out",
      "width": "1"
    },
    "ap_idle": {
      "dir": "out",
      "width": "1"
    },
    "ap_ready": {
      "dir": "out",
      "width": "1"
    },
    "hist_address0": {
      "dir": "out",
      "width": "10"
    },
    "hist_ce0": {
      "dir": "out",
      "width": "1"
    },
    "hist_we0": {
      "dir": "out",
      "width": "1"
    },
    "hist_d0": {
      "dir": "out",
      "width": "32"
    },
    "hist_q0": {
      "dir": "in",
      "width": "32"
    },
    "weight_address0": {
      "dir": "out",
      "width": "10"
    },
    "weight_ce0": {
      "dir": "out",
      "width": "1"
    },
    "weight_q0": {
      "dir": "in",
      "width": "32"
    },
    "index_address0": {
      "dir": "out",
      "width": "10"
    },
    "index_ce0": {
      "dir": "out",
      "width": "1"
    },
    "index_q0": {
      "dir": "in",
      "width": "32"
    }
  },
  "ModuleInfo": {
    "Hierarchy": {"ModuleName": "kernel3"},
    "Info": {"kernel3": {
        "FunctionProtocol": "ap_ctrl_hs",
        "isTaskLevelControl": "1",
        "isPipelined": "0",
        "isCombinational": "0",
        "isOneStateSeq": "0"
      }},
    "Metrics": {"kernel3": {
        "Latency": {
          "LatencyBest": "8193",
          "LatencyAvg": "8193",
          "LatencyWorst": "8193",
          "PipelineII": "8194",
          "PipelineDepth": "",
          "PipelineType": "none"
        },
        "Timing": {
          "Target": "10.00",
          "Uncertainty": "1.25",
          "Estimate": "7.717"
        },
        "Loops": [{
            "Name": "loop",
            "TripCount": "1024",
            "Latency": "8192",
            "PipelineII": "",
            "PipelineDepth": "8"
          }],
        "Area": {
          "DSP48E": "2",
          "FF": "364",
          "LUT": "316",
          "BRAM_18K": "0",
          "URAM": "0"
        }
      }}
  },
  "Sdx": {
    "Target": "none",
    "ProfileOption": "0",
    "ProfileType": "none",
    "XO": "",
    "KernelName": "kernel3",
    "EnableXoSwEmu": "1"
  },
  "GenData": {
    "DataVersion": "0.2",
    "Time": "2021-05-08 22:45:20 +0200",
    "ToolName": "vivado_hls",
    "ToolVersion": "2019.2"
  }
}
