<stg><name>kernel7</name>


<trans_list>

<trans id="51" from="1" to="2">
<condition id="-1">
<or_exp><and_exp></and_exp></or_exp>
</condition>
</trans>

<trans id="52" from="2" to="3">
<condition id="-1">
<or_exp><and_exp><literal name="icmp_ln6" val="0"/>
</and_exp></or_exp>
</condition>
</trans>

<trans id="54" from="3" to="4">
<condition id="-1">
<or_exp><and_exp></and_exp></or_exp>
</condition>
</trans>

<trans id="55" from="4" to="5">
<condition id="-1">
<or_exp><and_exp></and_exp></or_exp>
</condition>
</trans>

<trans id="56" from="5" to="6">
<condition id="-1">
<or_exp><and_exp></and_exp></or_exp>
</condition>
</trans>

<trans id="57" from="6" to="7">
<condition id="-1">
<or_exp><and_exp></and_exp></or_exp>
</condition>
</trans>

<trans id="58" from="7" to="8">
<condition id="-1">
<or_exp><and_exp></and_exp></or_exp>
</condition>
</trans>

<trans id="59" from="8" to="9">
<condition id="-1">
<or_exp><and_exp></and_exp></or_exp>
</condition>
</trans>

<trans id="60" from="9" to="10">
<condition id="-1">
<or_exp><and_exp></and_exp></or_exp>
</condition>
</trans>

<trans id="61" from="10" to="11">
<condition id="-1">
<or_exp><and_exp></and_exp></or_exp>
</condition>
</trans>

<trans id="62" from="11" to="2">
<condition id="-1">
<or_exp><and_exp></and_exp></or_exp>
</condition>
</trans>
</trans_list>



<state_list>

<state id="1" st_id="1">

<operation id="12" st_id="1" stage="1" lat="1">
<core>NULL</core>
<MemPortIdVec></MemPortIdVec>
<condition id="-1">
<or_exp><and_exp></and_exp></or_exp>
</condition>

<Node id="3" bw="0" op_0_bw="0" op_1_bw="32">
<![CDATA[
:0  call void (...)* @_ssdm_op_SpecBitsMap([1024 x float]* %a) nounwind, !map !7

]]></Node>
<StgValue><ssdm name="specbitsmap_ln0"/></StgValue>
</operation>

<operation id="13" st_id="1" stage="1" lat="1">
<core>NULL</core>
<MemPortIdVec></MemPortIdVec>
<condition id="-1">
<or_exp><and_exp></and_exp></or_exp>
</condition>

<Node id="4" bw="0" op_0_bw="0" op_1_bw="32">
<![CDATA[
:1  call void (...)* @_ssdm_op_SpecBitsMap([1024 x float]* %b) nounwind, !map !13

]]></Node>
<StgValue><ssdm name="specbitsmap_ln0"/></StgValue>
</operation>

<operation id="14" st_id="1" stage="1" lat="1">
<core>NULL</core>
<MemPortIdVec></MemPortIdVec>
<condition id="-1">
<or_exp><and_exp></and_exp></or_exp>
</condition>

<Node id="5" bw="0" op_0_bw="0" op_1_bw="32">
<![CDATA[
:2  call void (...)* @_ssdm_op_SpecBitsMap(float 0.000000e+00) nounwind, !map !17

]]></Node>
<StgValue><ssdm name="specbitsmap_ln0"/></StgValue>
</operation>

<operation id="15" st_id="1" stage="1" lat="1">
<core>NULL</core>
<MemPortIdVec></MemPortIdVec>
<condition id="-1">
<or_exp><and_exp></and_exp></or_exp>
</condition>

<Node id="6" bw="0" op_0_bw="0" op_1_bw="0">
<![CDATA[
:3  call void (...)* @_ssdm_op_SpecTopModule([8 x i8]* @kernel7_str) nounwind

]]></Node>
<StgValue><ssdm name="spectopmodule_ln0"/></StgValue>
</operation>

<operation id="16" st_id="1" stage="1" lat="1">
<core>NULL</core>
<MemPortIdVec></MemPortIdVec>
<condition id="-1">
<or_exp><and_exp></and_exp></or_exp>
</condition>

<Node id="7" bw="0" op_0_bw="0">
<![CDATA[
:4  br label %1

]]></Node>
<StgValue><ssdm name="br_ln6"/></StgValue>
</operation>
</state>

<state id="2" st_id="2">

<operation id="17" st_id="2" stage="1" lat="1">
<core>NULL</core>
<MemPortIdVec></MemPortIdVec>
<condition id="-1">
<or_exp><and_exp></and_exp></or_exp>
</condition>

<Node id="9" bw="32" op_0_bw="32" op_1_bw="0" op_2_bw="32" op_3_bw="0">
<![CDATA[
:0  %sum_0 = phi float [ 0.000000e+00, %0 ], [ %sum_1, %_ifconv ]

]]></Node>
<StgValue><ssdm name="sum_0"/></StgValue>
</operation>

<operation id="18" st_id="2" stage="1" lat="1">
<core>NULL</core>
<MemPortIdVec></MemPortIdVec>
<condition id="-1">
<or_exp><and_exp></and_exp></or_exp>
</condition>

<Node id="10" bw="11" op_0_bw="11" op_1_bw="0" op_2_bw="11" op_3_bw="0">
<![CDATA[
:1  %i_0 = phi i11 [ 0, %0 ], [ %i, %_ifconv ]

]]></Node>
<StgValue><ssdm name="i_0"/></StgValue>
</operation>

<operation id="19" st_id="2" stage="1" lat="1">
<core>Cmp</core>
<MemPortIdVec></MemPortIdVec>
<condition id="-1">
<or_exp><and_exp></and_exp></or_exp>
</condition>

<Node id="11" bw="1" op_0_bw="11" op_1_bw="11">
<![CDATA[
:2  %icmp_ln6 = icmp eq i11 %i_0, -1024

]]></Node>
<StgValue><ssdm name="icmp_ln6"/></StgValue>
</operation>

<operation id="20" st_id="2" stage="1" lat="1">
<core>NULL</core>
<MemPortIdVec></MemPortIdVec>
<condition id="-1">
<or_exp><and_exp></and_exp></or_exp>
</condition>

<Node id="12" bw="32" op_0_bw="32" op_1_bw="64" op_2_bw="64" op_3_bw="64">
<![CDATA[
:3  %empty = call i32 (...)* @_ssdm_op_SpecLoopTripCount(i64 1024, i64 1024, i64 1024) nounwind

]]></Node>
<StgValue><ssdm name="empty"/></StgValue>
</operation>

<operation id="21" st_id="2" stage="1" lat="1">
<core>AddSub</core>
<MemPortIdVec></MemPortIdVec>
<condition id="-1">
<or_exp><and_exp></and_exp></or_exp>
</condition>

<Node id="13" bw="11" op_0_bw="11" op_1_bw="11">
<![CDATA[
:4  %i = add i11 %i_0, 1

]]></Node>
<StgValue><ssdm name="i"/></StgValue>
</operation>

<operation id="22" st_id="2" stage="1" lat="1">
<core>NULL</core>
<MemPortIdVec></MemPortIdVec>
<condition id="-1">
<or_exp><and_exp></and_exp></or_exp>
</condition>

<Node id="14" bw="0" op_0_bw="1" op_1_bw="0" op_2_bw="0">
<![CDATA[
:5  br i1 %icmp_ln6, label %2, label %_ifconv

]]></Node>
<StgValue><ssdm name="br_ln6"/></StgValue>
</operation>

<operation id="23" st_id="2" stage="1" lat="1">
<core>NULL</core>
<MemPortIdVec></MemPortIdVec>
<condition id="-1">
<or_exp><and_exp><literal name="icmp_ln6" val="0"/>
</and_exp></or_exp>
</condition>

<Node id="17" bw="64" op_0_bw="11">
<![CDATA[
_ifconv:1  %zext_ln8 = zext i11 %i_0 to i64

]]></Node>
<StgValue><ssdm name="zext_ln8"/></StgValue>
</operation>

<operation id="24" st_id="2" stage="1" lat="1">
<core>NULL</core>
<MemPortIdVec></MemPortIdVec>
<condition id="-1">
<or_exp><and_exp><literal name="icmp_ln6" val="0"/>
</and_exp></or_exp>
</condition>

<Node id="18" bw="10" op_0_bw="32" op_1_bw="64" op_2_bw="64">
<![CDATA[
_ifconv:2  %a_addr = getelementptr [1024 x float]* %a, i64 0, i64 %zext_ln8

]]></Node>
<StgValue><ssdm name="a_addr"/></StgValue>
</operation>

<operation id="25" st_id="2" stage="2" lat="2">
<core>RAM</core>
<MemPortIdVec>0 </MemPortIdVec>
<condition id="-1">
<or_exp><and_exp><literal name="icmp_ln6" val="0"/>
</and_exp></or_exp>
</condition>

<Node id="19" bw="32" op_0_bw="10">
<![CDATA[
_ifconv:3  %a_load = load float* %a_addr, align 4

]]></Node>
<StgValue><ssdm name="a_load"/></StgValue>
</operation>

<operation id="26" st_id="2" stage="1" lat="1">
<core>NULL</core>
<MemPortIdVec></MemPortIdVec>
<condition id="-1">
<or_exp><and_exp><literal name="icmp_ln6" val="0"/>
</and_exp></or_exp>
</condition>

<Node id="20" bw="10" op_0_bw="32" op_1_bw="64" op_2_bw="64">
<![CDATA[
_ifconv:4  %b_addr = getelementptr [1024 x float]* %b, i64 0, i64 %zext_ln8

]]></Node>
<StgValue><ssdm name="b_addr"/></StgValue>
</operation>

<operation id="27" st_id="2" stage="2" lat="2">
<core>RAM</core>
<MemPortIdVec>0 </MemPortIdVec>
<condition id="-1">
<or_exp><and_exp><literal name="icmp_ln6" val="0"/>
</and_exp></or_exp>
</condition>

<Node id="21" bw="32" op_0_bw="10">
<![CDATA[
_ifconv:5  %b_load = load float* %b_addr, align 4

]]></Node>
<StgValue><ssdm name="b_load"/></StgValue>
</operation>

<operation id="28" st_id="2" stage="1" lat="1">
<core>NULL</core>
<MemPortIdVec></MemPortIdVec>
<condition id="-1">
<or_exp><and_exp><literal name="icmp_ln6" val="1"/>
</and_exp></or_exp>
</condition>

<Node id="35" bw="0" op_0_bw="32">
<![CDATA[
:0  ret float %sum_0

]]></Node>
<StgValue><ssdm name="ret_ln12"/></StgValue>
</operation>
</state>

<state id="3" st_id="3">

<operation id="29" st_id="3" stage="1" lat="2">
<core>RAM</core>
<MemPortIdVec>0 </MemPortIdVec>
<condition id="-1">
<or_exp><and_exp></and_exp></or_exp>
</condition>

<Node id="19" bw="32" op_0_bw="10">
<![CDATA[
_ifconv:3  %a_load = load float* %a_addr, align 4

]]></Node>
<StgValue><ssdm name="a_load"/></StgValue>
</operation>

<operation id="30" st_id="3" stage="1" lat="2">
<core>RAM</core>
<MemPortIdVec>0 </MemPortIdVec>
<condition id="-1">
<or_exp><and_exp></and_exp></or_exp>
</condition>

<Node id="21" bw="32" op_0_bw="10">
<![CDATA[
_ifconv:5  %b_load = load float* %b_addr, align 4

]]></Node>
<StgValue><ssdm name="b_load"/></StgValue>
</operation>
</state>

<state id="4" st_id="4">

<operation id="31" st_id="4" stage="4" lat="4">
<core>FAddSub</core>
<MemPortIdVec></MemPortIdVec>
<condition id="-1">
<or_exp><and_exp></and_exp></or_exp>
</condition>

<Node id="22" bw="32" op_0_bw="32" op_1_bw="32">
<![CDATA[
_ifconv:6  %diff = fsub float %a_load, %b_load

]]></Node>
<StgValue><ssdm name="diff"/></StgValue>
</operation>
</state>

<state id="5" st_id="5">

<operation id="32" st_id="5" stage="3" lat="4">
<core>FAddSub</core>
<MemPortIdVec></MemPortIdVec>
<condition id="-1">
<or_exp><and_exp></and_exp></or_exp>
</condition>

<Node id="22" bw="32" op_0_bw="32" op_1_bw="32">
<![CDATA[
_ifconv:6  %diff = fsub float %a_load, %b_load

]]></Node>
<StgValue><ssdm name="diff"/></StgValue>
</operation>
</state>

<state id="6" st_id="6">

<operation id="33" st_id="6" stage="2" lat="4">
<core>FAddSub</core>
<MemPortIdVec></MemPortIdVec>
<condition id="-1">
<or_exp><and_exp></and_exp></or_exp>
</condition>

<Node id="22" bw="32" op_0_bw="32" op_1_bw="32">
<![CDATA[
_ifconv:6  %diff = fsub float %a_load, %b_load

]]></Node>
<StgValue><ssdm name="diff"/></StgValue>
</operation>
</state>

<state id="7" st_id="7">

<operation id="34" st_id="7" stage="1" lat="4">
<core>FAddSub</core>
<MemPortIdVec></MemPortIdVec>
<condition id="-1">
<or_exp><and_exp></and_exp></or_exp>
</condition>

<Node id="22" bw="32" op_0_bw="32" op_1_bw="32">
<![CDATA[
_ifconv:6  %diff = fsub float %a_load, %b_load

]]></Node>
<StgValue><ssdm name="diff"/></StgValue>
</operation>
</state>

<state id="8" st_id="8">

<operation id="35" st_id="8" stage="1" lat="1">
<core>NULL</core>
<MemPortIdVec></MemPortIdVec>
<condition id="-1">
<or_exp><and_exp></and_exp></or_exp>
</condition>

<Node id="23" bw="32" op_0_bw="32">
<![CDATA[
_ifconv:7  %bitcast_ln9 = bitcast float %diff to i32

]]></Node>
<StgValue><ssdm name="bitcast_ln9"/></StgValue>
</operation>

<operation id="36" st_id="8" stage="1" lat="1">
<core>NULL</core>
<MemPortIdVec></MemPortIdVec>
<condition id="-1">
<or_exp><and_exp></and_exp></or_exp>
</condition>

<Node id="24" bw="8" op_0_bw="8" op_1_bw="32" op_2_bw="32" op_3_bw="32">
<![CDATA[
_ifconv:8  %tmp = call i8 @_ssdm_op_PartSelect.i8.i32.i32.i32(i32 %bitcast_ln9, i32 23, i32 30)

]]></Node>
<StgValue><ssdm name="tmp"/></StgValue>
</operation>

<operation id="37" st_id="8" stage="1" lat="1">
<core>NULL</core>
<MemPortIdVec></MemPortIdVec>
<condition id="-1">
<or_exp><and_exp></and_exp></or_exp>
</condition>

<Node id="25" bw="23" op_0_bw="32">
<![CDATA[
_ifconv:9  %trunc_ln9 = trunc i32 %bitcast_ln9 to i23

]]></Node>
<StgValue><ssdm name="trunc_ln9"/></StgValue>
</operation>

<operation id="38" st_id="8" stage="1" lat="1">
<core>Cmp</core>
<MemPortIdVec></MemPortIdVec>
<condition id="-1">
<or_exp><and_exp></and_exp></or_exp>
</condition>

<Node id="26" bw="1" op_0_bw="8" op_1_bw="8">
<![CDATA[
_ifconv:10  %icmp_ln9 = icmp ne i8 %tmp, -1

]]></Node>
<StgValue><ssdm name="icmp_ln9"/></StgValue>
</operation>

<operation id="39" st_id="8" stage="1" lat="1">
<core>Cmp</core>
<MemPortIdVec></MemPortIdVec>
<condition id="-1">
<or_exp><and_exp></and_exp></or_exp>
</condition>

<Node id="27" bw="1" op_0_bw="23" op_1_bw="23">
<![CDATA[
_ifconv:11  %icmp_ln9_1 = icmp eq i23 %trunc_ln9, 0

]]></Node>
<StgValue><ssdm name="icmp_ln9_1"/></StgValue>
</operation>

<operation id="40" st_id="8" stage="2" lat="2">
<core>FCmp</core>
<MemPortIdVec></MemPortIdVec>
<condition id="-1">
<or_exp><and_exp></and_exp></or_exp>
</condition>

<Node id="29" bw="1" op_0_bw="32" op_1_bw="32">
<![CDATA[
_ifconv:13  %tmp_1 = fcmp ogt float %diff, 0.000000e+00

]]></Node>
<StgValue><ssdm name="tmp_1"/></StgValue>
</operation>

<operation id="41" st_id="8" stage="4" lat="4">
<core>FAddSub</core>
<MemPortIdVec></MemPortIdVec>
<condition id="-1">
<or_exp><and_exp></and_exp></or_exp>
</condition>

<Node id="31" bw="32" op_0_bw="32" op_1_bw="32">
<![CDATA[
_ifconv:15  %sum = fadd float %sum_0, %diff

]]></Node>
<StgValue><ssdm name="sum"/></StgValue>
</operation>
</state>

<state id="9" st_id="9">

<operation id="42" st_id="9" stage="1" lat="2">
<core>FCmp</core>
<MemPortIdVec></MemPortIdVec>
<condition id="-1">
<or_exp><and_exp></and_exp></or_exp>
</condition>

<Node id="29" bw="1" op_0_bw="32" op_1_bw="32">
<![CDATA[
_ifconv:13  %tmp_1 = fcmp ogt float %diff, 0.000000e+00

]]></Node>
<StgValue><ssdm name="tmp_1"/></StgValue>
</operation>

<operation id="43" st_id="9" stage="3" lat="4">
<core>FAddSub</core>
<MemPortIdVec></MemPortIdVec>
<condition id="-1">
<or_exp><and_exp></and_exp></or_exp>
</condition>

<Node id="31" bw="32" op_0_bw="32" op_1_bw="32">
<![CDATA[
_ifconv:15  %sum = fadd float %sum_0, %diff

]]></Node>
<StgValue><ssdm name="sum"/></StgValue>
</operation>
</state>

<state id="10" st_id="10">

<operation id="44" st_id="10" stage="2" lat="4">
<core>FAddSub</core>
<MemPortIdVec></MemPortIdVec>
<condition id="-1">
<or_exp><and_exp></and_exp></or_exp>
</condition>

<Node id="31" bw="32" op_0_bw="32" op_1_bw="32">
<![CDATA[
_ifconv:15  %sum = fadd float %sum_0, %diff

]]></Node>
<StgValue><ssdm name="sum"/></StgValue>
</operation>
</state>

<state id="11" st_id="11">

<operation id="45" st_id="11" stage="1" lat="1">
<core>NULL</core>
<MemPortIdVec></MemPortIdVec>
<condition id="-1">
<or_exp><and_exp></and_exp></or_exp>
</condition>

<Node id="16" bw="0" op_0_bw="0" op_1_bw="0">
<![CDATA[
_ifconv:0  call void (...)* @_ssdm_op_SpecLoopName([5 x i8]* @p_str) nounwind

]]></Node>
<StgValue><ssdm name="specloopname_ln7"/></StgValue>
</operation>

<operation id="46" st_id="11" stage="1" lat="1">
<core>LogicGate</core>
<MemPortIdVec></MemPortIdVec>
<condition id="-1">
<or_exp><and_exp></and_exp></or_exp>
</condition>

<Node id="28" bw="1" op_0_bw="1" op_1_bw="1">
<![CDATA[
_ifconv:12  %or_ln9 = or i1 %icmp_ln9_1, %icmp_ln9

]]></Node>
<StgValue><ssdm name="or_ln9"/></StgValue>
</operation>

<operation id="47" st_id="11" stage="1" lat="1">
<core>LogicGate</core>
<MemPortIdVec></MemPortIdVec>
<condition id="-1">
<or_exp><and_exp></and_exp></or_exp>
</condition>

<Node id="30" bw="1" op_0_bw="1" op_1_bw="1">
<![CDATA[
_ifconv:14  %and_ln9 = and i1 %or_ln9, %tmp_1

]]></Node>
<StgValue><ssdm name="and_ln9"/></StgValue>
</operation>

<operation id="48" st_id="11" stage="1" lat="4">
<core>FAddSub</core>
<MemPortIdVec></MemPortIdVec>
<condition id="-1">
<or_exp><and_exp></and_exp></or_exp>
</condition>

<Node id="31" bw="32" op_0_bw="32" op_1_bw="32">
<![CDATA[
_ifconv:15  %sum = fadd float %sum_0, %diff

]]></Node>
<StgValue><ssdm name="sum"/></StgValue>
</operation>

<operation id="49" st_id="11" stage="1" lat="1">
<core>Sel</core>
<MemPortIdVec></MemPortIdVec>
<condition id="-1">
<or_exp><and_exp></and_exp></or_exp>
</condition>

<Node id="32" bw="32" op_0_bw="1" op_1_bw="32" op_2_bw="32">
<![CDATA[
_ifconv:16  %sum_1 = select i1 %and_ln9, float %sum, float %sum_0

]]></Node>
<StgValue><ssdm name="sum_1"/></StgValue>
</operation>

<operation id="50" st_id="11" stage="1" lat="1">
<core>NULL</core>
<MemPortIdVec></MemPortIdVec>
<condition id="-1">
<or_exp><and_exp></and_exp></or_exp>
</condition>

<Node id="33" bw="0" op_0_bw="0">
<![CDATA[
_ifconv:17  br label %1

]]></Node>
<StgValue><ssdm name="br_ln6"/></StgValue>
</operation>
</state>
</state_list>


<ports>
<port id="63" name="a" dir="0" iftype="1">
<core>RAM</core><StgValue><ssdm name="a"/><MemPortTyVec>1 3 </MemPortTyVec>
</StgValue>
</port>
<port id="64" name="b" dir="0" iftype="1">
<core>RAM</core><StgValue><ssdm name="b"/><MemPortTyVec>1 3 </MemPortTyVec>
</StgValue>
</port>
</ports>


<dataflows>
<dataflow id="66" from="_ssdm_op_SpecBitsMap" to="specbitsmap_ln0" fromId="65" toId="12">
</dataflow>
<dataflow id="67" from="a" to="specbitsmap_ln0" fromId="63" toId="12">
</dataflow>
<dataflow id="68" from="_ssdm_op_SpecBitsMap" to="specbitsmap_ln0" fromId="65" toId="13">
</dataflow>
<dataflow id="69" from="b" to="specbitsmap_ln0" fromId="64" toId="13">
</dataflow>
<dataflow id="70" from="_ssdm_op_SpecBitsMap" to="specbitsmap_ln0" fromId="65" toId="14">
</dataflow>
<dataflow id="72" from="StgValue_71" to="specbitsmap_ln0" fromId="71" toId="14">
</dataflow>
<dataflow id="74" from="_ssdm_op_SpecTopModule" to="spectopmodule_ln0" fromId="73" toId="15">
</dataflow>
<dataflow id="76" from="kernel7_str" to="spectopmodule_ln0" fromId="75" toId="15">
</dataflow>
<dataflow id="77" from="StgValue_71" to="sum_0" fromId="71" toId="17">
<condition id="-1">
<or_exp><and_exp></and_exp></or_exp>
</condition>
</dataflow>
<dataflow id="78" from="br_ln6" to="sum_0" fromId="16" toId="17">
</dataflow>
<dataflow id="79" from="sum_1" to="sum_0" fromId="49" toId="17">
<BackEdge/>
<condition id="-1">
<or_exp><and_exp></and_exp></or_exp>
</condition>
</dataflow>
<dataflow id="80" from="br_ln6" to="sum_0" fromId="50" toId="17">
<BackEdge/>
</dataflow>
<dataflow id="82" from="StgValue_81" to="i_0" fromId="81" toId="18">
<condition id="-1">
<or_exp><and_exp></and_exp></or_exp>
</condition>
</dataflow>
<dataflow id="83" from="br_ln6" to="i_0" fromId="16" toId="18">
</dataflow>
<dataflow id="84" from="i" to="i_0" fromId="21" toId="18">
<BackEdge/>
<condition id="-1">
<or_exp><and_exp></and_exp></or_exp>
</condition>
</dataflow>
<dataflow id="85" from="br_ln6" to="i_0" fromId="50" toId="18">
<BackEdge/>
</dataflow>
<dataflow id="86" from="i_0" to="icmp_ln6" fromId="18" toId="19">
</dataflow>
<dataflow id="88" from="StgValue_87" to="icmp_ln6" fromId="87" toId="19">
</dataflow>
<dataflow id="90" from="_ssdm_op_SpecLoopTripCount" to="empty" fromId="89" toId="20">
</dataflow>
<dataflow id="92" from="StgValue_91" to="empty" fromId="91" toId="20">
</dataflow>
<dataflow id="93" from="StgValue_91" to="empty" fromId="91" toId="20">
</dataflow>
<dataflow id="94" from="StgValue_91" to="empty" fromId="91" toId="20">
</dataflow>
<dataflow id="95" from="i_0" to="i" fromId="18" toId="21">
</dataflow>
<dataflow id="97" from="StgValue_96" to="i" fromId="96" toId="21">
</dataflow>
<dataflow id="98" from="icmp_ln6" to="br_ln6" fromId="19" toId="22">
</dataflow>
<dataflow id="99" from="i_0" to="zext_ln8" fromId="18" toId="23">
</dataflow>
<dataflow id="100" from="a" to="a_addr" fromId="63" toId="24">
</dataflow>
<dataflow id="102" from="StgValue_101" to="a_addr" fromId="101" toId="24">
</dataflow>
<dataflow id="103" from="zext_ln8" to="a_addr" fromId="23" toId="24">
</dataflow>
<dataflow id="104" from="a_addr" to="a_load" fromId="24" toId="25">
</dataflow>
<dataflow id="105" from="b" to="b_addr" fromId="64" toId="26">
</dataflow>
<dataflow id="106" from="StgValue_101" to="b_addr" fromId="101" toId="26">
</dataflow>
<dataflow id="107" from="zext_ln8" to="b_addr" fromId="23" toId="26">
</dataflow>
<dataflow id="108" from="b_addr" to="b_load" fromId="26" toId="27">
</dataflow>
<dataflow id="109" from="sum_0" to="ret_ln12" fromId="17" toId="28">
</dataflow>
<dataflow id="110" from="a_addr" to="a_load" fromId="24" toId="29">
</dataflow>
<dataflow id="111" from="b_addr" to="b_load" fromId="26" toId="30">
</dataflow>
<dataflow id="112" from="a_load" to="diff" fromId="29" toId="31">
</dataflow>
<dataflow id="113" from="b_load" to="diff" fromId="30" toId="31">
</dataflow>
<dataflow id="114" from="a_load" to="diff" fromId="29" toId="32">
</dataflow>
<dataflow id="115" from="b_load" to="diff" fromId="30" toId="32">
</dataflow>
<dataflow id="116" from="a_load" to="diff" fromId="29" toId="33">
</dataflow>
<dataflow id="117" from="b_load" to="diff" fromId="30" toId="33">
</dataflow>
<dataflow id="118" from="a_load" to="diff" fromId="29" toId="34">
</dataflow>
<dataflow id="119" from="b_load" to="diff" fromId="30" toId="34">
</dataflow>
<dataflow id="120" from="diff" to="bitcast_ln9" fromId="34" toId="35">
</dataflow>
<dataflow id="122" from="_ssdm_op_PartSelect.i8.i32.i32.i32" to="tmp" fromId="121" toId="36">
</dataflow>
<dataflow id="123" from="bitcast_ln9" to="tmp" fromId="35" toId="36">
</dataflow>
<dataflow id="125" from="StgValue_124" to="tmp" fromId="124" toId="36">
</dataflow>
<dataflow id="127" from="StgValue_126" to="tmp" fromId="126" toId="36">
</dataflow>
<dataflow id="128" from="bitcast_ln9" to="trunc_ln9" fromId="35" toId="37">
</dataflow>
<dataflow id="129" from="tmp" to="icmp_ln9" fromId="36" toId="38">
</dataflow>
<dataflow id="131" from="StgValue_130" to="icmp_ln9" fromId="130" toId="38">
</dataflow>
<dataflow id="132" from="trunc_ln9" to="icmp_ln9_1" fromId="37" toId="39">
</dataflow>
<dataflow id="134" from="StgValue_133" to="icmp_ln9_1" fromId="133" toId="39">
</dataflow>
<dataflow id="135" from="diff" to="tmp_1" fromId="34" toId="40">
</dataflow>
<dataflow id="136" from="StgValue_71" to="tmp_1" fromId="71" toId="40">
</dataflow>
<dataflow id="137" from="sum_0" to="sum" fromId="17" toId="41">
</dataflow>
<dataflow id="138" from="diff" to="sum" fromId="34" toId="41">
</dataflow>
<dataflow id="139" from="diff" to="tmp_1" fromId="34" toId="42">
</dataflow>
<dataflow id="140" from="StgValue_71" to="tmp_1" fromId="71" toId="42">
</dataflow>
<dataflow id="141" from="sum_0" to="sum" fromId="17" toId="43">
</dataflow>
<dataflow id="142" from="diff" to="sum" fromId="34" toId="43">
</dataflow>
<dataflow id="143" from="sum_0" to="sum" fromId="17" toId="44">
</dataflow>
<dataflow id="144" from="diff" to="sum" fromId="34" toId="44">
</dataflow>
<dataflow id="146" from="_ssdm_op_SpecLoopName" to="specloopname_ln7" fromId="145" toId="45">
</dataflow>
<dataflow id="148" from="p_str" to="specloopname_ln7" fromId="147" toId="45">
</dataflow>
<dataflow id="149" from="icmp_ln9_1" to="or_ln9" fromId="39" toId="46">
</dataflow>
<dataflow id="150" from="icmp_ln9" to="or_ln9" fromId="38" toId="46">
</dataflow>
<dataflow id="151" from="or_ln9" to="and_ln9" fromId="46" toId="47">
</dataflow>
<dataflow id="152" from="tmp_1" to="and_ln9" fromId="42" toId="47">
</dataflow>
<dataflow id="153" from="sum_0" to="sum" fromId="17" toId="48">
</dataflow>
<dataflow id="154" from="diff" to="sum" fromId="34" toId="48">
</dataflow>
<dataflow id="155" from="and_ln9" to="sum_1" fromId="47" toId="49">
</dataflow>
<dataflow id="156" from="sum" to="sum_1" fromId="48" toId="49">
</dataflow>
<dataflow id="157" from="sum_0" to="sum_1" fromId="17" toId="49">
</dataflow>
<dataflow id="158" from="icmp_ln6" to="StgValue_2" fromId="19" toId="2">
</dataflow>
</dataflows>


</stg>
