<stg><name>kernel5</name>


<trans_list>

<trans id="53" from="1" to="2">
<condition id="-1">
<or_exp><and_exp></and_exp></or_exp>
</condition>
</trans>

<trans id="54" from="2" to="3">
<condition id="-1">
<or_exp><and_exp></and_exp></or_exp>
</condition>
</trans>

<trans id="55" from="3" to="4">
<condition id="-1">
<or_exp><and_exp><literal name="and_ln7" val="1"/>
</and_exp></or_exp>
</condition>
</trans>

<trans id="57" from="4" to="5">
<condition id="-1">
<or_exp><and_exp></and_exp></or_exp>
</condition>
</trans>

<trans id="58" from="5" to="6">
<condition id="-1">
<or_exp><and_exp></and_exp></or_exp>
</condition>
</trans>

<trans id="59" from="6" to="7">
<condition id="-1">
<or_exp><and_exp></and_exp></or_exp>
</condition>
</trans>

<trans id="60" from="7" to="8">
<condition id="-1">
<or_exp><and_exp></and_exp></or_exp>
</condition>
</trans>

<trans id="61" from="8" to="2">
<condition id="-1">
<or_exp><and_exp></and_exp></or_exp>
</condition>
</trans>
</trans_list>



<state_list>

<state id="1" st_id="1">

<operation id="9" st_id="1" stage="1" lat="1">
<core>NULL</core>
<MemPortIdVec></MemPortIdVec>
<condition id="-1">
<or_exp><and_exp></and_exp></or_exp>
</condition>

<Node id="4" bw="0" op_0_bw="0" op_1_bw="32">
<![CDATA[
:0  call void (...)* @_ssdm_op_SpecBitsMap(float %bound) nounwind, !map !7

]]></Node>
<StgValue><ssdm name="specbitsmap_ln0"/></StgValue>
</operation>

<operation id="10" st_id="1" stage="1" lat="1">
<core>NULL</core>
<MemPortIdVec></MemPortIdVec>
<condition id="-1">
<or_exp><and_exp></and_exp></or_exp>
</condition>

<Node id="5" bw="0" op_0_bw="0" op_1_bw="32">
<![CDATA[
:1  call void (...)* @_ssdm_op_SpecBitsMap([1024 x float]* %a) nounwind, !map !13

]]></Node>
<StgValue><ssdm name="specbitsmap_ln0"/></StgValue>
</operation>

<operation id="11" st_id="1" stage="1" lat="1">
<core>NULL</core>
<MemPortIdVec></MemPortIdVec>
<condition id="-1">
<or_exp><and_exp></and_exp></or_exp>
</condition>

<Node id="6" bw="0" op_0_bw="0" op_1_bw="32">
<![CDATA[
:2  call void (...)* @_ssdm_op_SpecBitsMap([1024 x float]* %b) nounwind, !map !19

]]></Node>
<StgValue><ssdm name="specbitsmap_ln0"/></StgValue>
</operation>

<operation id="12" st_id="1" stage="1" lat="1">
<core>NULL</core>
<MemPortIdVec></MemPortIdVec>
<condition id="-1">
<or_exp><and_exp></and_exp></or_exp>
</condition>

<Node id="7" bw="0" op_0_bw="0" op_1_bw="32">
<![CDATA[
:3  call void (...)* @_ssdm_op_SpecBitsMap(float 0.000000e+00) nounwind, !map !23

]]></Node>
<StgValue><ssdm name="specbitsmap_ln0"/></StgValue>
</operation>

<operation id="13" st_id="1" stage="1" lat="1">
<core>NULL</core>
<MemPortIdVec></MemPortIdVec>
<condition id="-1">
<or_exp><and_exp></and_exp></or_exp>
</condition>

<Node id="8" bw="0" op_0_bw="0" op_1_bw="0">
<![CDATA[
:4  call void (...)* @_ssdm_op_SpecTopModule([8 x i8]* @kernel5_str) nounwind

]]></Node>
<StgValue><ssdm name="spectopmodule_ln0"/></StgValue>
</operation>

<operation id="14" st_id="1" stage="1" lat="1">
<core>NULL</core>
<MemPortIdVec></MemPortIdVec>
<condition id="-1">
<or_exp><and_exp></and_exp></or_exp>
</condition>

<Node id="9" bw="32" op_0_bw="32" op_1_bw="32">
<![CDATA[
:5  %bound_read = call float @_ssdm_op_Read.ap_auto.float(float %bound) nounwind

]]></Node>
<StgValue><ssdm name="bound_read"/></StgValue>
</operation>

<operation id="15" st_id="1" stage="1" lat="1">
<core>NULL</core>
<MemPortIdVec></MemPortIdVec>
<condition id="-1">
<or_exp><and_exp></and_exp></or_exp>
</condition>

<Node id="10" bw="32" op_0_bw="32">
<![CDATA[
:6  %bitcast_ln7_1 = bitcast float %bound_read to i32

]]></Node>
<StgValue><ssdm name="bitcast_ln7_1"/></StgValue>
</operation>

<operation id="16" st_id="1" stage="1" lat="1">
<core>NULL</core>
<MemPortIdVec></MemPortIdVec>
<condition id="-1">
<or_exp><and_exp></and_exp></or_exp>
</condition>

<Node id="11" bw="8" op_0_bw="8" op_1_bw="32" op_2_bw="32" op_3_bw="32">
<![CDATA[
:7  %tmp_1 = call i8 @_ssdm_op_PartSelect.i8.i32.i32.i32(i32 %bitcast_ln7_1, i32 23, i32 30)

]]></Node>
<StgValue><ssdm name="tmp_1"/></StgValue>
</operation>

<operation id="17" st_id="1" stage="1" lat="1">
<core>NULL</core>
<MemPortIdVec></MemPortIdVec>
<condition id="-1">
<or_exp><and_exp></and_exp></or_exp>
</condition>

<Node id="12" bw="23" op_0_bw="32">
<![CDATA[
:8  %trunc_ln7 = trunc i32 %bitcast_ln7_1 to i23

]]></Node>
<StgValue><ssdm name="trunc_ln7"/></StgValue>
</operation>

<operation id="18" st_id="1" stage="1" lat="1">
<core>Cmp</core>
<MemPortIdVec></MemPortIdVec>
<condition id="-1">
<or_exp><and_exp></and_exp></or_exp>
</condition>

<Node id="13" bw="1" op_0_bw="8" op_1_bw="8">
<![CDATA[
:9  %icmp_ln7 = icmp ne i8 %tmp_1, -1

]]></Node>
<StgValue><ssdm name="icmp_ln7"/></StgValue>
</operation>

<operation id="19" st_id="1" stage="1" lat="1">
<core>Cmp</core>
<MemPortIdVec></MemPortIdVec>
<condition id="-1">
<or_exp><and_exp></and_exp></or_exp>
</condition>

<Node id="14" bw="1" op_0_bw="23" op_1_bw="23">
<![CDATA[
:10  %icmp_ln7_3 = icmp eq i23 %trunc_ln7, 0

]]></Node>
<StgValue><ssdm name="icmp_ln7_3"/></StgValue>
</operation>

<operation id="20" st_id="1" stage="1" lat="1">
<core>LogicGate</core>
<MemPortIdVec></MemPortIdVec>
<condition id="-1">
<or_exp><and_exp></and_exp></or_exp>
</condition>

<Node id="15" bw="1" op_0_bw="1" op_1_bw="1">
<![CDATA[
:11  %or_ln7_1 = or i1 %icmp_ln7_3, %icmp_ln7

]]></Node>
<StgValue><ssdm name="or_ln7_1"/></StgValue>
</operation>

<operation id="21" st_id="1" stage="1" lat="1">
<core>NULL</core>
<MemPortIdVec></MemPortIdVec>
<condition id="-1">
<or_exp><and_exp></and_exp></or_exp>
</condition>

<Node id="16" bw="0" op_0_bw="0">
<![CDATA[
:12  br label %1

]]></Node>
<StgValue><ssdm name="br_ln7"/></StgValue>
</operation>
</state>

<state id="2" st_id="2">

<operation id="22" st_id="2" stage="1" lat="1">
<core>NULL</core>
<MemPortIdVec></MemPortIdVec>
<condition id="-1">
<or_exp><and_exp></and_exp></or_exp>
</condition>

<Node id="19" bw="32" op_0_bw="32" op_1_bw="0" op_2_bw="32" op_3_bw="0">
<![CDATA[
:1  %sum_01 = phi float [ undef, %0 ], [ %sum, %2 ]

]]></Node>
<StgValue><ssdm name="sum_01"/></StgValue>
</operation>

<operation id="23" st_id="2" stage="2" lat="2">
<core>FCmp</core>
<MemPortIdVec></MemPortIdVec>
<condition id="-1">
<or_exp><and_exp></and_exp></or_exp>
</condition>

<Node id="27" bw="1" op_0_bw="32" op_1_bw="32">
<![CDATA[
:9  %tmp_2 = fcmp olt float %sum_01, %bound_read

]]></Node>
<StgValue><ssdm name="tmp_2"/></StgValue>
</operation>
</state>

<state id="3" st_id="3">

<operation id="24" st_id="3" stage="1" lat="1">
<core>NULL</core>
<MemPortIdVec></MemPortIdVec>
<condition id="-1">
<or_exp><and_exp></and_exp></or_exp>
</condition>

<Node id="18" bw="32" op_0_bw="32" op_1_bw="0" op_2_bw="32" op_3_bw="0">
<![CDATA[
:0  %i_0 = phi i32 [ 0, %0 ], [ %i, %2 ]

]]></Node>
<StgValue><ssdm name="i_0"/></StgValue>
</operation>

<operation id="25" st_id="3" stage="1" lat="1">
<core>NULL</core>
<MemPortIdVec></MemPortIdVec>
<condition id="-1">
<or_exp><and_exp></and_exp></or_exp>
</condition>

<Node id="20" bw="32" op_0_bw="32">
<![CDATA[
:2  %bitcast_ln7 = bitcast float %sum_01 to i32

]]></Node>
<StgValue><ssdm name="bitcast_ln7"/></StgValue>
</operation>

<operation id="26" st_id="3" stage="1" lat="1">
<core>NULL</core>
<MemPortIdVec></MemPortIdVec>
<condition id="-1">
<or_exp><and_exp></and_exp></or_exp>
</condition>

<Node id="21" bw="8" op_0_bw="8" op_1_bw="32" op_2_bw="32" op_3_bw="32">
<![CDATA[
:3  %tmp = call i8 @_ssdm_op_PartSelect.i8.i32.i32.i32(i32 %bitcast_ln7, i32 23, i32 30)

]]></Node>
<StgValue><ssdm name="tmp"/></StgValue>
</operation>

<operation id="27" st_id="3" stage="1" lat="1">
<core>NULL</core>
<MemPortIdVec></MemPortIdVec>
<condition id="-1">
<or_exp><and_exp></and_exp></or_exp>
</condition>

<Node id="22" bw="23" op_0_bw="32">
<![CDATA[
:4  %trunc_ln7_1 = trunc i32 %bitcast_ln7 to i23

]]></Node>
<StgValue><ssdm name="trunc_ln7_1"/></StgValue>
</operation>

<operation id="28" st_id="3" stage="1" lat="1">
<core>Cmp</core>
<MemPortIdVec></MemPortIdVec>
<condition id="-1">
<or_exp><and_exp></and_exp></or_exp>
</condition>

<Node id="23" bw="1" op_0_bw="8" op_1_bw="8">
<![CDATA[
:5  %icmp_ln7_1 = icmp ne i8 %tmp, -1

]]></Node>
<StgValue><ssdm name="icmp_ln7_1"/></StgValue>
</operation>

<operation id="29" st_id="3" stage="1" lat="1">
<core>Cmp</core>
<MemPortIdVec></MemPortIdVec>
<condition id="-1">
<or_exp><and_exp></and_exp></or_exp>
</condition>

<Node id="24" bw="1" op_0_bw="23" op_1_bw="23">
<![CDATA[
:6  %icmp_ln7_2 = icmp eq i23 %trunc_ln7_1, 0

]]></Node>
<StgValue><ssdm name="icmp_ln7_2"/></StgValue>
</operation>

<operation id="30" st_id="3" stage="1" lat="1">
<core>LogicGate</core>
<MemPortIdVec></MemPortIdVec>
<condition id="-1">
<or_exp><and_exp></and_exp></or_exp>
</condition>

<Node id="25" bw="1" op_0_bw="1" op_1_bw="1">
<![CDATA[
:7  %or_ln7 = or i1 %icmp_ln7_2, %icmp_ln7_1

]]></Node>
<StgValue><ssdm name="or_ln7"/></StgValue>
</operation>

<operation id="31" st_id="3" stage="1" lat="1">
<core>LogicGate</core>
<MemPortIdVec></MemPortIdVec>
<condition id="-1">
<or_exp><and_exp></and_exp></or_exp>
</condition>

<Node id="26" bw="1" op_0_bw="1" op_1_bw="1">
<![CDATA[
:8  %and_ln7_1 = and i1 %or_ln7, %or_ln7_1

]]></Node>
<StgValue><ssdm name="and_ln7_1"/></StgValue>
</operation>

<operation id="32" st_id="3" stage="1" lat="2">
<core>FCmp</core>
<MemPortIdVec></MemPortIdVec>
<condition id="-1">
<or_exp><and_exp></and_exp></or_exp>
</condition>

<Node id="27" bw="1" op_0_bw="32" op_1_bw="32">
<![CDATA[
:9  %tmp_2 = fcmp olt float %sum_01, %bound_read

]]></Node>
<StgValue><ssdm name="tmp_2"/></StgValue>
</operation>

<operation id="33" st_id="3" stage="1" lat="1">
<core>LogicGate</core>
<MemPortIdVec></MemPortIdVec>
<condition id="-1">
<or_exp><and_exp></and_exp></or_exp>
</condition>

<Node id="28" bw="1" op_0_bw="1" op_1_bw="1">
<![CDATA[
:10  %and_ln7_2 = and i1 %and_ln7_1, %tmp_2

]]></Node>
<StgValue><ssdm name="and_ln7_2"/></StgValue>
</operation>

<operation id="34" st_id="3" stage="1" lat="1">
<core>NULL</core>
<MemPortIdVec></MemPortIdVec>
<condition id="-1">
<or_exp><and_exp></and_exp></or_exp>
</condition>

<Node id="29" bw="22" op_0_bw="22" op_1_bw="32" op_2_bw="32" op_3_bw="32">
<![CDATA[
:11  %tmp_3 = call i22 @_ssdm_op_PartSelect.i22.i32.i32.i32(i32 %i_0, i32 10, i32 31)

]]></Node>
<StgValue><ssdm name="tmp_3"/></StgValue>
</operation>

<operation id="35" st_id="3" stage="1" lat="1">
<core>Cmp</core>
<MemPortIdVec></MemPortIdVec>
<condition id="-1">
<or_exp><and_exp></and_exp></or_exp>
</condition>

<Node id="30" bw="1" op_0_bw="22" op_1_bw="22">
<![CDATA[
:12  %icmp_ln7_4 = icmp slt i22 %tmp_3, 1

]]></Node>
<StgValue><ssdm name="icmp_ln7_4"/></StgValue>
</operation>

<operation id="36" st_id="3" stage="1" lat="1">
<core>LogicGate</core>
<MemPortIdVec></MemPortIdVec>
<condition id="-1">
<or_exp><and_exp></and_exp></or_exp>
</condition>

<Node id="31" bw="1" op_0_bw="1" op_1_bw="1">
<![CDATA[
:13  %and_ln7 = and i1 %and_ln7_2, %icmp_ln7_4

]]></Node>
<StgValue><ssdm name="and_ln7"/></StgValue>
</operation>

<operation id="37" st_id="3" stage="1" lat="1">
<core>AddSub</core>
<MemPortIdVec></MemPortIdVec>
<condition id="-1">
<or_exp><and_exp></and_exp></or_exp>
</condition>

<Node id="32" bw="32" op_0_bw="32" op_1_bw="32">
<![CDATA[
:14  %i = add nsw i32 1, %i_0

]]></Node>
<StgValue><ssdm name="i"/></StgValue>
</operation>

<operation id="38" st_id="3" stage="1" lat="1">
<core>NULL</core>
<MemPortIdVec></MemPortIdVec>
<condition id="-1">
<or_exp><and_exp></and_exp></or_exp>
</condition>

<Node id="33" bw="0" op_0_bw="1" op_1_bw="0" op_2_bw="0">
<![CDATA[
:15  br i1 %and_ln7, label %2, label %3

]]></Node>
<StgValue><ssdm name="br_ln7"/></StgValue>
</operation>

<operation id="39" st_id="3" stage="1" lat="1">
<core>NULL</core>
<MemPortIdVec></MemPortIdVec>
<condition id="-1">
<or_exp><and_exp><literal name="and_ln7" val="1"/>
</and_exp></or_exp>
</condition>

<Node id="36" bw="64" op_0_bw="32">
<![CDATA[
:1  %sext_ln9 = sext i32 %i_0 to i64

]]></Node>
<StgValue><ssdm name="sext_ln9"/></StgValue>
</operation>

<operation id="40" st_id="3" stage="1" lat="1">
<core>NULL</core>
<MemPortIdVec></MemPortIdVec>
<condition id="-1">
<or_exp><and_exp><literal name="and_ln7" val="1"/>
</and_exp></or_exp>
</condition>

<Node id="37" bw="10" op_0_bw="32" op_1_bw="64" op_2_bw="64">
<![CDATA[
:2  %a_addr = getelementptr [1024 x float]* %a, i64 0, i64 %sext_ln9

]]></Node>
<StgValue><ssdm name="a_addr"/></StgValue>
</operation>

<operation id="41" st_id="3" stage="2" lat="2">
<core>RAM</core>
<MemPortIdVec>0 </MemPortIdVec>
<condition id="-1">
<or_exp><and_exp><literal name="and_ln7" val="1"/>
</and_exp></or_exp>
</condition>

<Node id="38" bw="32" op_0_bw="10">
<![CDATA[
:3  %a_load = load float* %a_addr, align 4

]]></Node>
<StgValue><ssdm name="a_load"/></StgValue>
</operation>

<operation id="42" st_id="3" stage="1" lat="1">
<core>NULL</core>
<MemPortIdVec></MemPortIdVec>
<condition id="-1">
<or_exp><and_exp><literal name="and_ln7" val="1"/>
</and_exp></or_exp>
</condition>

<Node id="39" bw="10" op_0_bw="32" op_1_bw="64" op_2_bw="64">
<![CDATA[
:4  %b_addr = getelementptr [1024 x float]* %b, i64 0, i64 %sext_ln9

]]></Node>
<StgValue><ssdm name="b_addr"/></StgValue>
</operation>

<operation id="43" st_id="3" stage="2" lat="2">
<core>RAM</core>
<MemPortIdVec>0 </MemPortIdVec>
<condition id="-1">
<or_exp><and_exp><literal name="and_ln7" val="1"/>
</and_exp></or_exp>
</condition>

<Node id="40" bw="32" op_0_bw="10">
<![CDATA[
:5  %b_load = load float* %b_addr, align 4

]]></Node>
<StgValue><ssdm name="b_load"/></StgValue>
</operation>

<operation id="44" st_id="3" stage="1" lat="1">
<core>NULL</core>
<MemPortIdVec></MemPortIdVec>
<condition id="-1">
<or_exp><and_exp><literal name="and_ln7" val="0"/>
</and_exp></or_exp>
</condition>

<Node id="44" bw="0" op_0_bw="32">
<![CDATA[
:0  ret float %sum_01

]]></Node>
<StgValue><ssdm name="ret_ln12"/></StgValue>
</operation>
</state>

<state id="4" st_id="4">

<operation id="45" st_id="4" stage="1" lat="2">
<core>RAM</core>
<MemPortIdVec>0 </MemPortIdVec>
<condition id="-1">
<or_exp><and_exp></and_exp></or_exp>
</condition>

<Node id="38" bw="32" op_0_bw="10">
<![CDATA[
:3  %a_load = load float* %a_addr, align 4

]]></Node>
<StgValue><ssdm name="a_load"/></StgValue>
</operation>

<operation id="46" st_id="4" stage="1" lat="2">
<core>RAM</core>
<MemPortIdVec>0 </MemPortIdVec>
<condition id="-1">
<or_exp><and_exp></and_exp></or_exp>
</condition>

<Node id="40" bw="32" op_0_bw="10">
<![CDATA[
:5  %b_load = load float* %b_addr, align 4

]]></Node>
<StgValue><ssdm name="b_load"/></StgValue>
</operation>
</state>

<state id="5" st_id="5">

<operation id="47" st_id="5" stage="4" lat="4">
<core>FAddSub</core>
<MemPortIdVec></MemPortIdVec>
<condition id="-1">
<or_exp><and_exp></and_exp></or_exp>
</condition>

<Node id="41" bw="32" op_0_bw="32" op_1_bw="32">
<![CDATA[
:6  %sum = fadd float %a_load, %b_load

]]></Node>
<StgValue><ssdm name="sum"/></StgValue>
</operation>
</state>

<state id="6" st_id="6">

<operation id="48" st_id="6" stage="3" lat="4">
<core>FAddSub</core>
<MemPortIdVec></MemPortIdVec>
<condition id="-1">
<or_exp><and_exp></and_exp></or_exp>
</condition>

<Node id="41" bw="32" op_0_bw="32" op_1_bw="32">
<![CDATA[
:6  %sum = fadd float %a_load, %b_load

]]></Node>
<StgValue><ssdm name="sum"/></StgValue>
</operation>
</state>

<state id="7" st_id="7">

<operation id="49" st_id="7" stage="2" lat="4">
<core>FAddSub</core>
<MemPortIdVec></MemPortIdVec>
<condition id="-1">
<or_exp><and_exp></and_exp></or_exp>
</condition>

<Node id="41" bw="32" op_0_bw="32" op_1_bw="32">
<![CDATA[
:6  %sum = fadd float %a_load, %b_load

]]></Node>
<StgValue><ssdm name="sum"/></StgValue>
</operation>
</state>

<state id="8" st_id="8">

<operation id="50" st_id="8" stage="1" lat="1">
<core>NULL</core>
<MemPortIdVec></MemPortIdVec>
<condition id="-1">
<or_exp><and_exp></and_exp></or_exp>
</condition>

<Node id="35" bw="0" op_0_bw="0" op_1_bw="0">
<![CDATA[
:0  call void (...)* @_ssdm_op_SpecLoopName([5 x i8]* @p_str) nounwind

]]></Node>
<StgValue><ssdm name="specloopname_ln8"/></StgValue>
</operation>

<operation id="51" st_id="8" stage="1" lat="4">
<core>FAddSub</core>
<MemPortIdVec></MemPortIdVec>
<condition id="-1">
<or_exp><and_exp></and_exp></or_exp>
</condition>

<Node id="41" bw="32" op_0_bw="32" op_1_bw="32">
<![CDATA[
:6  %sum = fadd float %a_load, %b_load

]]></Node>
<StgValue><ssdm name="sum"/></StgValue>
</operation>

<operation id="52" st_id="8" stage="1" lat="1">
<core>NULL</core>
<MemPortIdVec></MemPortIdVec>
<condition id="-1">
<or_exp><and_exp></and_exp></or_exp>
</condition>

<Node id="42" bw="0" op_0_bw="0">
<![CDATA[
:7  br label %1

]]></Node>
<StgValue><ssdm name="br_ln11"/></StgValue>
</operation>
</state>
</state_list>


<ports>
<port id="62" name="bound" dir="0" iftype="0">
<core>NULL</core><StgValue><ssdm name="bound"/></StgValue>
</port>
<port id="63" name="a" dir="0" iftype="1">
<core>RAM</core><StgValue><ssdm name="a"/><MemPortTyVec>1 3 </MemPortTyVec>
</StgValue>
</port>
<port id="64" name="b" dir="0" iftype="1">
<core>RAM</core><StgValue><ssdm name="b"/><MemPortTyVec>1 3 </MemPortTyVec>
</StgValue>
</port>
</ports>


<dataflows>
<dataflow id="66" from="_ssdm_op_SpecBitsMap" to="specbitsmap_ln0" fromId="65" toId="9">
</dataflow>
<dataflow id="67" from="bound" to="specbitsmap_ln0" fromId="62" toId="9">
</dataflow>
<dataflow id="68" from="_ssdm_op_SpecBitsMap" to="specbitsmap_ln0" fromId="65" toId="10">
</dataflow>
<dataflow id="69" from="a" to="specbitsmap_ln0" fromId="63" toId="10">
</dataflow>
<dataflow id="70" from="_ssdm_op_SpecBitsMap" to="specbitsmap_ln0" fromId="65" toId="11">
</dataflow>
<dataflow id="71" from="b" to="specbitsmap_ln0" fromId="64" toId="11">
</dataflow>
<dataflow id="72" from="_ssdm_op_SpecBitsMap" to="specbitsmap_ln0" fromId="65" toId="12">
</dataflow>
<dataflow id="74" from="StgValue_73" to="specbitsmap_ln0" fromId="73" toId="12">
</dataflow>
<dataflow id="76" from="_ssdm_op_SpecTopModule" to="spectopmodule_ln0" fromId="75" toId="13">
</dataflow>
<dataflow id="78" from="kernel5_str" to="spectopmodule_ln0" fromId="77" toId="13">
</dataflow>
<dataflow id="80" from="_ssdm_op_Read.ap_auto.float" to="bound_read" fromId="79" toId="14">
</dataflow>
<dataflow id="81" from="bound" to="bound_read" fromId="62" toId="14">
</dataflow>
<dataflow id="82" from="bound_read" to="bitcast_ln7_1" fromId="14" toId="15">
</dataflow>
<dataflow id="84" from="_ssdm_op_PartSelect.i8.i32.i32.i32" to="tmp_1" fromId="83" toId="16">
</dataflow>
<dataflow id="85" from="bitcast_ln7_1" to="tmp_1" fromId="15" toId="16">
</dataflow>
<dataflow id="87" from="StgValue_86" to="tmp_1" fromId="86" toId="16">
</dataflow>
<dataflow id="89" from="StgValue_88" to="tmp_1" fromId="88" toId="16">
</dataflow>
<dataflow id="90" from="bitcast_ln7_1" to="trunc_ln7" fromId="15" toId="17">
</dataflow>
<dataflow id="91" from="tmp_1" to="icmp_ln7" fromId="16" toId="18">
</dataflow>
<dataflow id="93" from="StgValue_92" to="icmp_ln7" fromId="92" toId="18">
</dataflow>
<dataflow id="94" from="trunc_ln7" to="icmp_ln7_3" fromId="17" toId="19">
</dataflow>
<dataflow id="96" from="StgValue_95" to="icmp_ln7_3" fromId="95" toId="19">
</dataflow>
<dataflow id="97" from="icmp_ln7_3" to="or_ln7_1" fromId="19" toId="20">
</dataflow>
<dataflow id="98" from="icmp_ln7" to="or_ln7_1" fromId="18" toId="20">
</dataflow>
<dataflow id="100" from="StgValue_99" to="sum_01" fromId="99" toId="22">
<condition id="-1">
<or_exp><and_exp></and_exp></or_exp>
</condition>
</dataflow>
<dataflow id="101" from="br_ln7" to="sum_01" fromId="21" toId="22">
</dataflow>
<dataflow id="102" from="sum" to="sum_01" fromId="51" toId="22">
<BackEdge/>
<condition id="-1">
<or_exp><and_exp></and_exp></or_exp>
</condition>
</dataflow>
<dataflow id="103" from="br_ln11" to="sum_01" fromId="52" toId="22">
<BackEdge/>
</dataflow>
<dataflow id="104" from="sum_01" to="tmp_2" fromId="22" toId="23">
</dataflow>
<dataflow id="105" from="bound_read" to="tmp_2" fromId="14" toId="23">
</dataflow>
<dataflow id="107" from="StgValue_106" to="i_0" fromId="106" toId="24">
<condition id="-1">
<or_exp><and_exp></and_exp></or_exp>
</condition>
</dataflow>
<dataflow id="108" from="br_ln7" to="i_0" fromId="21" toId="24">
</dataflow>
<dataflow id="109" from="i" to="i_0" fromId="37" toId="24">
<BackEdge/>
<condition id="-1">
<or_exp><and_exp></and_exp></or_exp>
</condition>
</dataflow>
<dataflow id="110" from="br_ln11" to="i_0" fromId="52" toId="24">
<BackEdge/>
</dataflow>
<dataflow id="111" from="sum_01" to="bitcast_ln7" fromId="22" toId="25">
</dataflow>
<dataflow id="112" from="_ssdm_op_PartSelect.i8.i32.i32.i32" to="tmp" fromId="83" toId="26">
</dataflow>
<dataflow id="113" from="bitcast_ln7" to="tmp" fromId="25" toId="26">
</dataflow>
<dataflow id="114" from="StgValue_86" to="tmp" fromId="86" toId="26">
</dataflow>
<dataflow id="115" from="StgValue_88" to="tmp" fromId="88" toId="26">
</dataflow>
<dataflow id="116" from="bitcast_ln7" to="trunc_ln7_1" fromId="25" toId="27">
</dataflow>
<dataflow id="117" from="tmp" to="icmp_ln7_1" fromId="26" toId="28">
</dataflow>
<dataflow id="118" from="StgValue_92" to="icmp_ln7_1" fromId="92" toId="28">
</dataflow>
<dataflow id="119" from="trunc_ln7_1" to="icmp_ln7_2" fromId="27" toId="29">
</dataflow>
<dataflow id="120" from="StgValue_95" to="icmp_ln7_2" fromId="95" toId="29">
</dataflow>
<dataflow id="121" from="icmp_ln7_2" to="or_ln7" fromId="29" toId="30">
</dataflow>
<dataflow id="122" from="icmp_ln7_1" to="or_ln7" fromId="28" toId="30">
</dataflow>
<dataflow id="123" from="or_ln7" to="and_ln7_1" fromId="30" toId="31">
</dataflow>
<dataflow id="124" from="or_ln7_1" to="and_ln7_1" fromId="20" toId="31">
</dataflow>
<dataflow id="125" from="sum_01" to="tmp_2" fromId="22" toId="32">
</dataflow>
<dataflow id="126" from="bound_read" to="tmp_2" fromId="14" toId="32">
</dataflow>
<dataflow id="127" from="and_ln7_1" to="and_ln7_2" fromId="31" toId="33">
</dataflow>
<dataflow id="128" from="tmp_2" to="and_ln7_2" fromId="32" toId="33">
</dataflow>
<dataflow id="130" from="_ssdm_op_PartSelect.i22.i32.i32.i32" to="tmp_3" fromId="129" toId="34">
</dataflow>
<dataflow id="131" from="i_0" to="tmp_3" fromId="24" toId="34">
</dataflow>
<dataflow id="133" from="StgValue_132" to="tmp_3" fromId="132" toId="34">
</dataflow>
<dataflow id="135" from="StgValue_134" to="tmp_3" fromId="134" toId="34">
</dataflow>
<dataflow id="136" from="tmp_3" to="icmp_ln7_4" fromId="34" toId="35">
</dataflow>
<dataflow id="138" from="StgValue_137" to="icmp_ln7_4" fromId="137" toId="35">
</dataflow>
<dataflow id="139" from="and_ln7_2" to="and_ln7" fromId="33" toId="36">
</dataflow>
<dataflow id="140" from="icmp_ln7_4" to="and_ln7" fromId="35" toId="36">
</dataflow>
<dataflow id="142" from="StgValue_141" to="i" fromId="141" toId="37">
</dataflow>
<dataflow id="143" from="i_0" to="i" fromId="24" toId="37">
</dataflow>
<dataflow id="144" from="and_ln7" to="br_ln7" fromId="36" toId="38">
</dataflow>
<dataflow id="145" from="i_0" to="sext_ln9" fromId="24" toId="39">
</dataflow>
<dataflow id="146" from="a" to="a_addr" fromId="63" toId="40">
</dataflow>
<dataflow id="148" from="StgValue_147" to="a_addr" fromId="147" toId="40">
</dataflow>
<dataflow id="149" from="sext_ln9" to="a_addr" fromId="39" toId="40">
</dataflow>
<dataflow id="150" from="a_addr" to="a_load" fromId="40" toId="41">
</dataflow>
<dataflow id="151" from="b" to="b_addr" fromId="64" toId="42">
</dataflow>
<dataflow id="152" from="StgValue_147" to="b_addr" fromId="147" toId="42">
</dataflow>
<dataflow id="153" from="sext_ln9" to="b_addr" fromId="39" toId="42">
</dataflow>
<dataflow id="154" from="b_addr" to="b_load" fromId="42" toId="43">
</dataflow>
<dataflow id="155" from="sum_01" to="ret_ln12" fromId="22" toId="44">
</dataflow>
<dataflow id="156" from="a_addr" to="a_load" fromId="40" toId="45">
</dataflow>
<dataflow id="157" from="b_addr" to="b_load" fromId="42" toId="46">
</dataflow>
<dataflow id="158" from="a_load" to="sum" fromId="45" toId="47">
</dataflow>
<dataflow id="159" from="b_load" to="sum" fromId="46" toId="47">
</dataflow>
<dataflow id="160" from="a_load" to="sum" fromId="45" toId="48">
</dataflow>
<dataflow id="161" from="b_load" to="sum" fromId="46" toId="48">
</dataflow>
<dataflow id="162" from="a_load" to="sum" fromId="45" toId="49">
</dataflow>
<dataflow id="163" from="b_load" to="sum" fromId="46" toId="49">
</dataflow>
<dataflow id="165" from="_ssdm_op_SpecLoopName" to="specloopname_ln8" fromId="164" toId="50">
</dataflow>
<dataflow id="167" from="p_str" to="specloopname_ln8" fromId="166" toId="50">
</dataflow>
<dataflow id="168" from="a_load" to="sum" fromId="45" toId="51">
</dataflow>
<dataflow id="169" from="b_load" to="sum" fromId="46" toId="51">
</dataflow>
<dataflow id="170" from="and_ln7" to="StgValue_3" fromId="36" toId="3">
</dataflow>
</dataflows>


</stg>
