<annotationInfo>
<annotationInfo>
<item  id="10" filename="kernel5.cpp" linenumber="7" name="bitcast_ln7_1" contextFuncName="kernel5" moduleName="kernel5" rtlName="bitcast_ln7_1_fu_110_p1" latency="0" BRAM="-1" DSP="-1" FF="-1" LUT="-1" fileDirectory="C:\Users\Kushagra\Desktop\EPFL_Sem2\Advanced_Computer_Architecture\Git\HLS\hw3-kernels\kernel5"><\/item>
<item  id="11" filename="kernel5.cpp" linenumber="7" name="tmp_1" contextFuncName="kernel5" moduleName="kernel5" rtlName="tmp_1_fu_114_p4" latency="0" BRAM="-1" DSP="-1" FF="-1" LUT="-1" fileDirectory="C:\Users\Kushagra\Desktop\EPFL_Sem2\Advanced_Computer_Architecture\Git\HLS\hw3-kernels\kernel5"><\/item>
<item  id="12" filename="kernel5.cpp" linenumber="7" name="trunc_ln7" contextFuncName="kernel5" moduleName="kernel5" rtlName="trunc_ln7_fu_124_p1" latency="0" BRAM="-1" DSP="-1" FF="-1" LUT="-1" fileDirectory="C:\Users\Kushagra\Desktop\EPFL_Sem2\Advanced_Computer_Architecture\Git\HLS\hw3-kernels\kernel5"><\/item>
<item  id="13" filename="kernel5.cpp" linenumber="7" name="icmp_ln7" contextFuncName="kernel5" moduleName="kernel5" rtlName="icmp_ln7_fu_128_p2" latency="0" BRAM="-1" DSP="-1" FF="0" LUT="11" fileDirectory="C:\Users\Kushagra\Desktop\EPFL_Sem2\Advanced_Computer_Architecture\Git\HLS\hw3-kernels\kernel5"><\/item>
<item  id="14" filename="kernel5.cpp" linenumber="7" name="icmp_ln7_3" contextFuncName="kernel5" moduleName="kernel5" rtlName="icmp_ln7_3_fu_134_p2" latency="0" BRAM="-1" DSP="-1" FF="0" LUT="18" fileDirectory="C:\Users\Kushagra\Desktop\EPFL_Sem2\Advanced_Computer_Architecture\Git\HLS\hw3-kernels\kernel5"><\/item>
<item  id="15" filename="kernel5.cpp" linenumber="7" name="or_ln7_1" contextFuncName="kernel5" moduleName="kernel5" rtlName="or_ln7_1_fu_140_p2" latency="0" BRAM="-1" DSP="-1" FF="0" LUT="6" fileDirectory="C:\Users\Kushagra\Desktop\EPFL_Sem2\Advanced_Computer_Architecture\Git\HLS\hw3-kernels\kernel5"><\/item>
<item  id="20" filename="kernel5.cpp" linenumber="7" name="bitcast_ln7" contextFuncName="kernel5" moduleName="kernel5" rtlName="bitcast_ln7_fu_146_p1" latency="0" BRAM="-1" DSP="-1" FF="-1" LUT="-1" fileDirectory="C:\Users\Kushagra\Desktop\EPFL_Sem2\Advanced_Computer_Architecture\Git\HLS\hw3-kernels\kernel5"><\/item>
<item  id="21" filename="kernel5.cpp" linenumber="7" name="tmp" contextFuncName="kernel5" moduleName="kernel5" rtlName="tmp_fu_150_p4" latency="0" BRAM="-1" DSP="-1" FF="-1" LUT="-1" fileDirectory="C:\Users\Kushagra\Desktop\EPFL_Sem2\Advanced_Computer_Architecture\Git\HLS\hw3-kernels\kernel5"><\/item>
<item  id="22" filename="kernel5.cpp" linenumber="7" name="trunc_ln7_1" contextFuncName="kernel5" moduleName="kernel5" rtlName="trunc_ln7_1_fu_160_p1" latency="0" BRAM="-1" DSP="-1" FF="-1" LUT="-1" fileDirectory="C:\Users\Kushagra\Desktop\EPFL_Sem2\Advanced_Computer_Architecture\Git\HLS\hw3-kernels\kernel5"><\/item>
<item  id="23" filename="kernel5.cpp" linenumber="7" name="icmp_ln7_1" contextFuncName="kernel5" moduleName="kernel5" rtlName="icmp_ln7_1_fu_164_p2" latency="0" BRAM="-1" DSP="-1" FF="0" LUT="11" fileDirectory="C:\Users\Kushagra\Desktop\EPFL_Sem2\Advanced_Computer_Architecture\Git\HLS\hw3-kernels\kernel5"><\/item>
<item  id="24" filename="kernel5.cpp" linenumber="7" name="icmp_ln7_2" contextFuncName="kernel5" moduleName="kernel5" rtlName="icmp_ln7_2_fu_170_p2" latency="0" BRAM="-1" DSP="-1" FF="0" LUT="18" fileDirectory="C:\Users\Kushagra\Desktop\EPFL_Sem2\Advanced_Computer_Architecture\Git\HLS\hw3-kernels\kernel5"><\/item>
<item  id="25" filename="kernel5.cpp" linenumber="7" name="or_ln7" contextFuncName="kernel5" moduleName="kernel5" rtlName="or_ln7_fu_176_p2" latency="0" BRAM="-1" DSP="-1" FF="0" LUT="6" fileDirectory="C:\Users\Kushagra\Desktop\EPFL_Sem2\Advanced_Computer_Architecture\Git\HLS\hw3-kernels\kernel5"><\/item>
<item  id="26" filename="kernel5.cpp" linenumber="7" name="and_ln7_1" contextFuncName="kernel5" moduleName="kernel5" rtlName="and_ln7_1_fu_182_p2" latency="0" BRAM="-1" DSP="-1" FF="0" LUT="6" fileDirectory="C:\Users\Kushagra\Desktop\EPFL_Sem2\Advanced_Computer_Architecture\Git\HLS\hw3-kernels\kernel5"><\/item>
<item  id="27" filename="kernel5.cpp" linenumber="7" name="tmp_2" contextFuncName="kernel5" moduleName="kernel5" rtlName="kernel5_fcmp_32nscud_U2" latency="1" BRAM="-1" DSP="-1" FF="-1" LUT="-1" fileDirectory="C:\Users\Kushagra\Desktop\EPFL_Sem2\Advanced_Computer_Architecture\Git\HLS\hw3-kernels\kernel5"><\/item>
<item  id="28" filename="kernel5.cpp" linenumber="7" name="and_ln7_2" contextFuncName="kernel5" moduleName="kernel5" rtlName="and_ln7_2_fu_187_p2" latency="0" BRAM="-1" DSP="-1" FF="0" LUT="6" fileDirectory="C:\Users\Kushagra\Desktop\EPFL_Sem2\Advanced_Computer_Architecture\Git\HLS\hw3-kernels\kernel5"><\/item>
<item  id="29" filename="kernel5.cpp" linenumber="7" name="tmp_3" contextFuncName="kernel5" moduleName="kernel5" rtlName="tmp_3_fu_193_p4" latency="0" BRAM="-1" DSP="-1" FF="-1" LUT="-1" fileDirectory="C:\Users\Kushagra\Desktop\EPFL_Sem2\Advanced_Computer_Architecture\Git\HLS\hw3-kernels\kernel5"><\/item>
<item  id="30" filename="kernel5.cpp" linenumber="7" name="icmp_ln7_4" contextFuncName="kernel5" moduleName="kernel5" rtlName="icmp_ln7_4_fu_203_p2" latency="0" BRAM="-1" DSP="-1" FF="0" LUT="18" fileDirectory="C:\Users\Kushagra\Desktop\EPFL_Sem2\Advanced_Computer_Architecture\Git\HLS\hw3-kernels\kernel5"><\/item>
<item  id="31" filename="kernel5.cpp" linenumber="7" name="and_ln7" contextFuncName="kernel5" moduleName="kernel5" rtlName="and_ln7_fu_209_p2" latency="0" BRAM="-1" DSP="-1" FF="0" LUT="6" fileDirectory="C:\Users\Kushagra\Desktop\EPFL_Sem2\Advanced_Computer_Architecture\Git\HLS\hw3-kernels\kernel5"><\/item>
<item  id="32" filename="kernel5.cpp" linenumber="10" name="i" contextFuncName="kernel5" moduleName="kernel5" rtlName="i_fu_215_p2" latency="0" BRAM="-1" DSP="-1" FF="0" LUT="39" fileDirectory="C:\Users\Kushagra\Desktop\EPFL_Sem2\Advanced_Computer_Architecture\Git\HLS\hw3-kernels\kernel5"><\/item>
<item  id="36" filename="kernel5.cpp" linenumber="9" name="sext_ln9" contextFuncName="kernel5" moduleName="kernel5" rtlName="sext_ln9_fu_221_p1" latency="0" BRAM="-1" DSP="-1" FF="-1" LUT="-1" fileDirectory="C:\Users\Kushagra\Desktop\EPFL_Sem2\Advanced_Computer_Architecture\Git\HLS\hw3-kernels\kernel5"><\/item>
<item  id="41" filename="kernel5.cpp" linenumber="9" name="sum" contextFuncName="kernel5" moduleName="kernel5" rtlName="kernel5_fadd_32nsbkb_U1" latency="3" BRAM="-1" DSP="-1" FF="-1" LUT="-1" fileDirectory="C:\Users\Kushagra\Desktop\EPFL_Sem2\Advanced_Computer_Architecture\Git\HLS\hw3-kernels\kernel5"><\/item>
<\/annotationInfo>
</annotationInfo>
