<annotationInfo>
<annotationInfo>
<item  id="9" filename="kernel4.cpp" linenumber="7" name="sext_ln7" contextFuncName="kernel4" moduleName="kernel4" rtlName="sext_ln7_fu_87_p1" latency="0" BRAM="-1" DSP="-1" FF="-1" LUT="-1" fileDirectory="C:\Users\Kushagra\Desktop\EPFL_Sem2\Advanced_Computer_Architecture\Git\HLS\hw3-kernels\kernel4"><\/item>
<item  id="14" filename="kernel4.cpp" linenumber="5" name="i" contextFuncName="kernel4" moduleName="kernel4" rtlName="i_fu_92_p2" latency="0" BRAM="-1" DSP="-1" FF="0" LUT="39" fileDirectory="C:\Users\Kushagra\Desktop\EPFL_Sem2\Advanced_Computer_Architecture\Git\HLS\hw3-kernels\kernel4"><\/item>
<item  id="15" filename="kernel4.cpp" linenumber="5" name="icmp_ln5" contextFuncName="kernel4" moduleName="kernel4" rtlName="icmp_ln5_fu_98_p2" latency="0" BRAM="-1" DSP="-1" FF="0" LUT="18" fileDirectory="C:\Users\Kushagra\Desktop\EPFL_Sem2\Advanced_Computer_Architecture\Git\HLS\hw3-kernels\kernel4"><\/item>
<item  id="20" filename="kernel4.cpp" linenumber="7" name="sext_ln7_1" contextFuncName="kernel4" moduleName="kernel4" rtlName="sext_ln7_1_fu_104_p1" latency="0" BRAM="-1" DSP="-1" FF="-1" LUT="-1" fileDirectory="C:\Users\Kushagra\Desktop\EPFL_Sem2\Advanced_Computer_Architecture\Git\HLS\hw3-kernels\kernel4"><\/item>
<item  id="25" filename="kernel4.cpp" linenumber="7" name="mul_ln7" contextFuncName="kernel4" moduleName="kernel4" rtlName="mul_ln7_fu_120_p2" latency="0" BRAM="-1" DSP="3" FF="0" LUT="21" fileDirectory="C:\Users\Kushagra\Desktop\EPFL_Sem2\Advanced_Computer_Architecture\Git\HLS\hw3-kernels\kernel4"><\/item>
<item  id="26" filename="kernel4.cpp" linenumber="7" name="add_ln7" contextFuncName="kernel4" moduleName="kernel4" rtlName="add_ln7_fu_109_p2" latency="0" BRAM="-1" DSP="-1" FF="0" LUT="39" fileDirectory="C:\Users\Kushagra\Desktop\EPFL_Sem2\Advanced_Computer_Architecture\Git\HLS\hw3-kernels\kernel4"><\/item>
<item  id="27" filename="kernel4.cpp" linenumber="7" name="sext_ln7_2" contextFuncName="kernel4" moduleName="kernel4" rtlName="sext_ln7_2_fu_115_p1" latency="0" BRAM="-1" DSP="-1" FF="-1" LUT="-1" fileDirectory="C:\Users\Kushagra\Desktop\EPFL_Sem2\Advanced_Computer_Architecture\Git\HLS\hw3-kernels\kernel4"><\/item>
<item  id="30" filename="kernel4.cpp" linenumber="7" name="mul_ln7_1" contextFuncName="kernel4" moduleName="kernel4" rtlName="mul_ln7_1_fu_124_p2" latency="0" BRAM="-1" DSP="3" FF="0" LUT="21" fileDirectory="C:\Users\Kushagra\Desktop\EPFL_Sem2\Advanced_Computer_Architecture\Git\HLS\hw3-kernels\kernel4"><\/item>
<item  id="31" filename="kernel4.cpp" linenumber="7" name="sub_ln7" contextFuncName="kernel4" moduleName="kernel4" rtlName="sub_ln7_fu_128_p2" latency="0" BRAM="-1" DSP="-1" FF="0" LUT="32" fileDirectory="C:\Users\Kushagra\Desktop\EPFL_Sem2\Advanced_Computer_Architecture\Git\HLS\hw3-kernels\kernel4"><\/item>
<item  id="32" filename="kernel4.cpp" linenumber="7" name="add_ln7_1" contextFuncName="kernel4" moduleName="kernel4" rtlName="array_r_d1" latency="0" BRAM="-1" DSP="-1" FF="0" LUT="32" fileDirectory="C:\Users\Kushagra\Desktop\EPFL_Sem2\Advanced_Computer_Architecture\Git\HLS\hw3-kernels\kernel4"><\/item>
<\/annotationInfo>
</annotationInfo>
