<profile>

<section name = "Vivado HLS Report for 'kernel7'" level="0">
<item name = "Date">Fri May  7 23:32:26 2021
</item>
<item name = "Version">2019.2 (Build 2704478 on Wed Nov 06 22:10:23 MST 2019)</item>
<item name = "Project">prj_kernel7</item>
<item name = "Solution">original</item>
<item name = "Product family">kintex7</item>
<item name = "Target device">xc7k160t-fbg484-1</item>
</section>

<section name = "Performance Estimates" level="0">
<item name = "Timing">
<section name = "" level="1">
<item name = "Summary"><table name="" hasTotal="0">
<keys size="4">Clock, Target, Estimated, Uncertainty</keys>
<column name="ap_clk">10.00 ns, 8.348 ns, 1.25 ns</column>
</table>
</item>
</section>
</item>
<item name = "Latency">
<section name = "" level="1">
<item name = "Summary"><table name="" hasTotal="0">
<keys size="8">, min, max, min, max, min, max, Type</keys>
<column name="">10241, 10241, 0.102 ms, 0.102 ms, 10241, 10241, none</column>
</table>
</item>
<item name = "Detail">
<section name = "" level="1">
<item name = "Instance"><table name="" hasTotal="0">
<keys size="9">Instance, Module, min, max, min, max, min, max, Type</keys>
</table>
</item>
<item name = "Loop"><table name="" hasTotal="0">
<keys size="8">Loop Name, min, max, Latency, achieved, target, Count, Pipelined</keys>
<column name="- loop">10240, 10240, 10, -, -, 1024, no</column>
</table>
</item>
</section>
</item>
</section>
</item>
</section>

<section name = "Utilization Estimates" level="0">
<item name = "Summary"><table name="" hasTotal="1">
<keys size="6">Name, BRAM_18K, DSP48E, FF, LUT, URAM</keys>
<column name="DSP">-, -, -, -, -</column>
<column name="Expression">-, -, 0, 104, -</column>
<column name="FIFO">-, -, -, -, -</column>
<column name="Instance">-, 2, 293, 280, -</column>
<column name="Memory">-, -, -, -, -</column>
<column name="Multiplexer">-, -, -, 116, -</column>
<column name="Register">-, -, 164, -, -</column>
<specialColumn name="Available">650, 600, 202800, 101400, 0</specialColumn>
<specialColumn name="Utilization (%)">0, ~0, ~0, ~0, 0</specialColumn>
</table>
</item>
<item name = "Detail">
<section name = "" level="1">
<item name = "Instance"><table name="" hasTotal="1">
<keys size="7">Instance, Module, BRAM_18K, DSP48E, FF, LUT, URAM</keys>
<column name="kernel7_faddfsub_bkb_U1">kernel7_faddfsub_bkb, 0, 2, 227, 214, 0</column>
<column name="kernel7_fcmp_32nscud_U2">kernel7_fcmp_32nscud, 0, 0, 66, 66, 0</column>
</table>
</item>
<item name = "DSP48E"><table name="" hasTotal="0">
<keys size="3">Instance, Module, Expression</keys>
</table>
</item>
<item name = "Memory"><table name="" hasTotal="1">
<keys size="10">Memory, Module, BRAM_18K, FF, LUT, URAM, Words, Bits, Banks, W*Bits*Banks</keys>
</table>
</item>
<item name = "FIFO"><table name="" hasTotal="1">
<keys size="8">Name, BRAM_18K, FF, LUT, URAM, Depth, Bits, Size:D*B</keys>
</table>
</item>
<item name = "Expression"><table name="" hasTotal="1">
<keys size="7">Variable Name, Operation, DSP48E, FF, LUT, Bitwidth P0, Bitwidth P1</keys>
<column name="i_fu_103_p2">+, 0, 0, 18, 11, 1</column>
<column name="and_ln9_fu_148_p2">and, 0, 0, 6, 1, 1</column>
<column name="icmp_ln6_fu_97_p2">icmp, 0, 0, 13, 11, 12</column>
<column name="icmp_ln9_1_fu_138_p2">icmp, 0, 0, 18, 23, 1</column>
<column name="icmp_ln9_fu_132_p2">icmp, 0, 0, 11, 8, 2</column>
<column name="or_ln9_fu_144_p2">or, 0, 0, 6, 1, 1</column>
<column name="sum_1_fu_153_p3">select, 0, 0, 32, 1, 32</column>
</table>
</item>
<item name = "Multiplexer"><table name="" hasTotal="1">
<keys size="5">Name, LUT, Input Size, Bits, Total Bits</keys>
<column name="ap_NS_fsm">53, 12, 1, 12</column>
<column name="grp_fu_87_opcode">15, 3, 2, 6</column>
<column name="grp_fu_87_p0">15, 3, 32, 96</column>
<column name="grp_fu_87_p1">15, 3, 32, 96</column>
<column name="i_0_reg_76">9, 2, 11, 22</column>
<column name="sum_0_reg_64">9, 2, 32, 64</column>
</table>
</item>
<item name = "Register"><table name="" hasTotal="1">
<keys size="5">Name, FF, LUT, Bits, Const Bits</keys>
<column name="a_load_reg_179">32, 0, 32, 0</column>
<column name="ap_CS_fsm">11, 0, 11, 0</column>
<column name="b_load_reg_184">32, 0, 32, 0</column>
<column name="diff_reg_189">32, 0, 32, 0</column>
<column name="i_0_reg_76">11, 0, 11, 0</column>
<column name="i_reg_164">11, 0, 11, 0</column>
<column name="icmp_ln9_1_reg_201">1, 0, 1, 0</column>
<column name="icmp_ln9_reg_196">1, 0, 1, 0</column>
<column name="sum_0_reg_64">32, 0, 32, 0</column>
<column name="tmp_1_reg_206">1, 0, 1, 0</column>
</table>
</item>
</section>
</item>
</section>

<section name = "Interface" level="0">
<item name = "Summary"><table name="" hasTotal="0">
<keys size="6">RTL Ports, Dir, Bits, Protocol, Source Object, C Type</keys>
<column name="ap_clk">in, 1, ap_ctrl_hs, kernel7, return value</column>
<column name="ap_rst">in, 1, ap_ctrl_hs, kernel7, return value</column>
<column name="ap_start">in, 1, ap_ctrl_hs, kernel7, return value</column>
<column name="ap_done">out, 1, ap_ctrl_hs, kernel7, return value</column>
<column name="ap_idle">out, 1, ap_ctrl_hs, kernel7, return value</column>
<column name="ap_ready">out, 1, ap_ctrl_hs, kernel7, return value</column>
<column name="ap_return">out, 32, ap_ctrl_hs, kernel7, return value</column>
<column name="a_address0">out, 10, ap_memory, a, array</column>
<column name="a_ce0">out, 1, ap_memory, a, array</column>
<column name="a_q0">in, 32, ap_memory, a, array</column>
<column name="b_address0">out, 10, ap_memory, b, array</column>
<column name="b_ce0">out, 1, ap_memory, b, array</column>
<column name="b_q0">in, 32, ap_memory, b, array</column>
</table>
</item>
</section>
</profile>
