<profile>

<section name = "Vivado HLS Report for 'kernel3'" level="0">
<item name = "Date">Sat May  8 23:17:36 2021
</item>
<item name = "Version">2019.2 (Build 2704478 on Wed Nov 06 22:10:23 MST 2019)</item>
<item name = "Project">prj_kernel3</item>
<item name = "Solution">optimized</item>
<item name = "Product family">kintex7</item>
<item name = "Target device">xc7k160t-fbg484-1</item>
</section>

<section name = "Performance Estimates" level="0">
<item name = "Timing">
<section name = "" level="1">
<item name = "Summary"><table name="" hasTotal="0">
<keys size="4">Clock, Target, Estimated, Uncertainty</keys>
<column name="ap_clk">10.00 ns, 7.717 ns, 1.25 ns</column>
</table>
</item>
</section>
</item>
<item name = "Latency">
<section name = "" level="1">
<item name = "Summary"><table name="" hasTotal="0">
<keys size="8">, min, max, min, max, min, max, Type</keys>
<column name="">7170, 7170, 71.700 us, 71.700 us, 7170, 7170, none</column>
</table>
</item>
<item name = "Detail">
<section name = "" level="1">
<item name = "Instance"><table name="" hasTotal="0">
<keys size="9">Instance, Module, min, max, min, max, min, max, Type</keys>
</table>
</item>
<item name = "Loop"><table name="" hasTotal="0">
<keys size="8">Loop Name, min, max, Latency, achieved, target, Count, Pipelined</keys>
<column name="- loop">7168, 7168, 8, 7, 1, 1024, yes</column>
</table>
</item>
</section>
</item>
</section>
</item>
</section>

<section name = "Utilization Estimates" level="0">
<item name = "Summary"><table name="" hasTotal="1">
<keys size="6">Name, BRAM_18K, DSP48E, FF, LUT, URAM</keys>
<column name="DSP">-, -, -, -, -</column>
<column name="Expression">-, -, 0, 37, -</column>
<column name="FIFO">-, -, -, -, -</column>
<column name="Instance">-, 2, 227, 214, -</column>
<column name="Memory">-, -, -, -, -</column>
<column name="Multiplexer">-, -, -, 89, -</column>
<column name="Register">-, -, 140, -, -</column>
<specialColumn name="Available">650, 600, 202800, 101400, 0</specialColumn>
<specialColumn name="Utilization (%)">0, ~0, ~0, ~0, 0</specialColumn>
</table>
</item>
<item name = "Detail">
<section name = "" level="1">
<item name = "Instance"><table name="" hasTotal="1">
<keys size="7">Instance, Module, BRAM_18K, DSP48E, FF, LUT, URAM</keys>
<column name="kernel3_fadd_32nsbkb_U1">kernel3_fadd_32nsbkb, 0, 2, 227, 214, 0</column>
</table>
</item>
<item name = "DSP48E"><table name="" hasTotal="0">
<keys size="3">Instance, Module, Expression</keys>
</table>
</item>
<item name = "Memory"><table name="" hasTotal="1">
<keys size="10">Memory, Module, BRAM_18K, FF, LUT, URAM, Words, Bits, Banks, W*Bits*Banks</keys>
</table>
</item>
<item name = "FIFO"><table name="" hasTotal="1">
<keys size="8">Name, BRAM_18K, FF, LUT, URAM, Depth, Bits, Size:D*B</keys>
</table>
</item>
<item name = "Expression"><table name="" hasTotal="1">
<keys size="7">Variable Name, Operation, DSP48E, FF, LUT, Bitwidth P0, Bitwidth P1</keys>
<column name="i_fu_102_p2">+, 0, 0, 18, 11, 1</column>
<column name="icmp_ln5_fu_96_p2">icmp, 0, 0, 13, 11, 12</column>
<column name="ap_enable_pp0">xor, 0, 0, 6, 1, 2</column>
</table>
</item>
<item name = "Multiplexer"><table name="" hasTotal="1">
<keys size="5">Name, LUT, Input Size, Bits, Total Bits</keys>
<column name="ap_NS_fsm">47, 10, 1, 10</column>
<column name="ap_enable_reg_pp0_iter1">9, 2, 1, 2</column>
<column name="ap_phi_mux_i_0_phi_fu_85_p4">9, 2, 11, 22</column>
<column name="hist_address0">15, 3, 10, 30</column>
<column name="i_0_reg_81">9, 2, 11, 22</column>
</table>
</item>
<item name = "Register"><table name="" hasTotal="1">
<keys size="5">Name, FF, LUT, Bits, Const Bits</keys>
<column name="ap_CS_fsm">9, 0, 9, 0</column>
<column name="ap_enable_reg_pp0_iter0">1, 0, 1, 0</column>
<column name="ap_enable_reg_pp0_iter1">1, 0, 1, 0</column>
<column name="hist_addr_reg_138">10, 0, 10, 0</column>
<column name="hist_load_reg_148">32, 0, 32, 0</column>
<column name="i_0_reg_81">11, 0, 11, 0</column>
<column name="i_reg_123">11, 0, 11, 0</column>
<column name="icmp_ln5_reg_119">1, 0, 1, 0</column>
<column name="tmp_reg_153">32, 0, 32, 0</column>
<column name="weight_load_reg_143">32, 0, 32, 0</column>
</table>
</item>
</section>
</item>
</section>

<section name = "Interface" level="0">
<item name = "Summary"><table name="" hasTotal="0">
<keys size="6">RTL Ports, Dir, Bits, Protocol, Source Object, C Type</keys>
<column name="ap_clk">in, 1, ap_ctrl_hs, kernel3, return value</column>
<column name="ap_rst">in, 1, ap_ctrl_hs, kernel3, return value</column>
<column name="ap_start">in, 1, ap_ctrl_hs, kernel3, return value</column>
<column name="ap_done">out, 1, ap_ctrl_hs, kernel3, return value</column>
<column name="ap_idle">out, 1, ap_ctrl_hs, kernel3, return value</column>
<column name="ap_ready">out, 1, ap_ctrl_hs, kernel3, return value</column>
<column name="hist_address0">out, 10, ap_memory, hist, array</column>
<column name="hist_ce0">out, 1, ap_memory, hist, array</column>
<column name="hist_we0">out, 1, ap_memory, hist, array</column>
<column name="hist_d0">out, 32, ap_memory, hist, array</column>
<column name="hist_q0">in, 32, ap_memory, hist, array</column>
<column name="weight_address0">out, 10, ap_memory, weight, array</column>
<column name="weight_ce0">out, 1, ap_memory, weight, array</column>
<column name="weight_q0">in, 32, ap_memory, weight, array</column>
<column name="index_address0">out, 10, ap_memory, index, array</column>
<column name="index_ce0">out, 1, ap_memory, index, array</column>
<column name="index_q0">in, 32, ap_memory, index, array</column>
</table>
</item>
</section>
</profile>
