<annotationInfo>
<annotationInfo>
<item  id="10" filename="kernel8.cpp" linenumber="5" name="sub_ln5" contextFuncName="kernel8" moduleName="kernel8" rtlName="sub_ln5_fu_87_p2" latency="0" BRAM="-1" DSP="-1" FF="0" LUT="39" fileDirectory="C:\Users\Kushagra\Desktop\EPFL_Sem2\Advanced_Computer_Architecture\Git\HLS\hw3-kernels-optimized\kernel8"><\/item>
<item  id="14" filename="kernel8.cpp" linenumber="5" name="zext_ln5" contextFuncName="kernel8" moduleName="kernel8" rtlName="zext_ln5_fu_93_p1" latency="0" BRAM="-1" DSP="-1" FF="-1" LUT="-1" fileDirectory="C:\Users\Kushagra\Desktop\EPFL_Sem2\Advanced_Computer_Architecture\Git\HLS\hw3-kernels-optimized\kernel8"><\/item>
<item  id="15" filename="kernel8.cpp" linenumber="5" name="icmp_ln5" contextFuncName="kernel8" moduleName="kernel8" rtlName="icmp_ln5_fu_97_p2" latency="0" BRAM="-1" DSP="-1" FF="0" LUT="18" fileDirectory="C:\Users\Kushagra\Desktop\EPFL_Sem2\Advanced_Computer_Architecture\Git\HLS\hw3-kernels-optimized\kernel8"><\/item>
<item  id="21" filename="kernel8.cpp" linenumber="7" name="add_ln7" contextFuncName="kernel8" moduleName="kernel8" rtlName="add_ln7_fu_102_p2" latency="0" BRAM="-1" DSP="-1" FF="0" LUT="38" fileDirectory="C:\Users\Kushagra\Desktop\EPFL_Sem2\Advanced_Computer_Architecture\Git\HLS\hw3-kernels-optimized\kernel8"><\/item>
<item  id="22" filename="kernel8.cpp" linenumber="7" name="zext_ln7_1" contextFuncName="kernel8" moduleName="kernel8" rtlName="zext_ln7_1_fu_108_p1" latency="0" BRAM="-1" DSP="-1" FF="-1" LUT="-1" fileDirectory="C:\Users\Kushagra\Desktop\EPFL_Sem2\Advanced_Computer_Architecture\Git\HLS\hw3-kernels-optimized\kernel8"><\/item>
<item  id="23" filename="kernel8.cpp" linenumber="7" name="add_ln7_1" contextFuncName="kernel8" moduleName="kernel8" rtlName="add_ln7_1_fu_112_p2" latency="0" BRAM="-1" DSP="-1" FF="0" LUT="39" fileDirectory="C:\Users\Kushagra\Desktop\EPFL_Sem2\Advanced_Computer_Architecture\Git\HLS\hw3-kernels-optimized\kernel8"><\/item>
<item  id="24" filename="kernel8.cpp" linenumber="7" name="sext_ln7" contextFuncName="kernel8" moduleName="kernel8" rtlName="sext_ln7_fu_117_p1" latency="0" BRAM="-1" DSP="-1" FF="-1" LUT="-1" fileDirectory="C:\Users\Kushagra\Desktop\EPFL_Sem2\Advanced_Computer_Architecture\Git\HLS\hw3-kernels-optimized\kernel8"><\/item>
<item  id="27" filename="kernel8.cpp" linenumber="7" name="mul_ln7" contextFuncName="kernel8" moduleName="kernel8" rtlName="mul_ln7_fu_122_p2" latency="0" BRAM="-1" DSP="3" FF="0" LUT="21" fileDirectory="C:\Users\Kushagra\Desktop\EPFL_Sem2\Advanced_Computer_Architecture\Git\HLS\hw3-kernels-optimized\kernel8"><\/item>
<item  id="28" filename="kernel8.cpp" linenumber="7" name="zext_ln7" contextFuncName="kernel8" moduleName="kernel8" rtlName="zext_ln7_fu_126_p1" latency="0" BRAM="-1" DSP="-1" FF="-1" LUT="-1" fileDirectory="C:\Users\Kushagra\Desktop\EPFL_Sem2\Advanced_Computer_Architecture\Git\HLS\hw3-kernels-optimized\kernel8"><\/item>
<item  id="32" filename="kernel8.cpp" linenumber="5" name="i" contextFuncName="kernel8" moduleName="kernel8" rtlName="i_fu_131_p2" latency="0" BRAM="-1" DSP="-1" FF="0" LUT="38" fileDirectory="C:\Users\Kushagra\Desktop\EPFL_Sem2\Advanced_Computer_Architecture\Git\HLS\hw3-kernels-optimized\kernel8"><\/item>
<\/annotationInfo>
</annotationInfo>
