<stg><name>kernel4</name>


<trans_list>

<trans id="45" from="1" to="2">
<condition id="-1">
<or_exp><and_exp></and_exp></or_exp>
</condition>
</trans>

<trans id="55" from="2" to="5">
<condition id="-1">
<or_exp><and_exp><literal name="icmp_ln7" val="0"/>
</and_exp></or_exp>
</condition>
</trans>

<trans id="56" from="2" to="3">
<condition id="-1">
<or_exp><and_exp><literal name="icmp_ln7" val="1"/>
</and_exp></or_exp>
</condition>
</trans>

<trans id="53" from="3" to="4">
<condition id="-1">
<or_exp><and_exp></and_exp></or_exp>
</condition>
</trans>

<trans id="54" from="4" to="2">
<condition id="-1">
<or_exp><and_exp></and_exp></or_exp>
</condition>
</trans>

<trans id="51" from="5" to="6">
<condition id="-1">
<or_exp><and_exp></and_exp></or_exp>
</condition>
</trans>
</trans_list>



<state_list>

<state id="1" st_id="1">

<operation id="7" st_id="1" stage="1" lat="1">
<core>NULL</core>
<MemPortIdVec></MemPortIdVec>
<condition id="-1">
<or_exp><and_exp></and_exp></or_exp>
</condition>

<Node id="4" bw="0" op_0_bw="0" op_1_bw="32">
<![CDATA[
:0  call void (...)* @_ssdm_op_SpecBitsMap([1024 x i32]* %array_r) nounwind, !map !7

]]></Node>
<StgValue><ssdm name="specbitsmap_ln0"/></StgValue>
</operation>

<operation id="8" st_id="1" stage="1" lat="1">
<core>NULL</core>
<MemPortIdVec></MemPortIdVec>
<condition id="-1">
<or_exp><and_exp></and_exp></or_exp>
</condition>

<Node id="5" bw="0" op_0_bw="0" op_1_bw="32">
<![CDATA[
:1  call void (...)* @_ssdm_op_SpecBitsMap([1024 x i32]* %index) nounwind, !map !13

]]></Node>
<StgValue><ssdm name="specbitsmap_ln0"/></StgValue>
</operation>

<operation id="9" st_id="1" stage="1" lat="1">
<core>NULL</core>
<MemPortIdVec></MemPortIdVec>
<condition id="-1">
<or_exp><and_exp></and_exp></or_exp>
</condition>

<Node id="6" bw="0" op_0_bw="0" op_1_bw="32">
<![CDATA[
:2  call void (...)* @_ssdm_op_SpecBitsMap(i32 %offset) nounwind, !map !17

]]></Node>
<StgValue><ssdm name="specbitsmap_ln0"/></StgValue>
</operation>

<operation id="10" st_id="1" stage="1" lat="1">
<core>NULL</core>
<MemPortIdVec></MemPortIdVec>
<condition id="-1">
<or_exp><and_exp></and_exp></or_exp>
</condition>

<Node id="7" bw="0" op_0_bw="0" op_1_bw="0">
<![CDATA[
:3  call void (...)* @_ssdm_op_SpecTopModule([8 x i8]* @kernel4_str) nounwind

]]></Node>
<StgValue><ssdm name="spectopmodule_ln0"/></StgValue>
</operation>

<operation id="11" st_id="1" stage="1" lat="1">
<core>NULL</core>
<MemPortIdVec></MemPortIdVec>
<condition id="-1">
<or_exp><and_exp></and_exp></or_exp>
</condition>

<Node id="8" bw="32" op_0_bw="32" op_1_bw="32">
<![CDATA[
:4  %offset_read = call i32 @_ssdm_op_Read.ap_auto.i32(i32 %offset) nounwind

]]></Node>
<StgValue><ssdm name="offset_read"/></StgValue>
</operation>

<operation id="12" st_id="1" stage="1" lat="1">
<core>NULL</core>
<MemPortIdVec></MemPortIdVec>
<condition id="-1">
<or_exp><and_exp></and_exp></or_exp>
</condition>

<Node id="9" bw="0" op_0_bw="0">
<![CDATA[
:5  br label %1

]]></Node>
<StgValue><ssdm name="br_ln7"/></StgValue>
</operation>
</state>

<state id="2" st_id="2">

<operation id="13" st_id="2" stage="1" lat="1">
<core>NULL</core>
<MemPortIdVec></MemPortIdVec>
<condition id="-1">
<or_exp><and_exp></and_exp></or_exp>
</condition>

<Node id="11" bw="32" op_0_bw="32" op_1_bw="0" op_2_bw="32" op_3_bw="0">
<![CDATA[
:0  %sum_0 = phi i32 [ 0, %0 ], [ %sum, %loop ]

]]></Node>
<StgValue><ssdm name="sum_0"/></StgValue>
</operation>

<operation id="14" st_id="2" stage="1" lat="1">
<core>NULL</core>
<MemPortIdVec></MemPortIdVec>
<condition id="-1">
<or_exp><and_exp></and_exp></or_exp>
</condition>

<Node id="12" bw="32" op_0_bw="32" op_1_bw="0" op_2_bw="32" op_3_bw="0">
<![CDATA[
:1  %i_0_in = phi i32 [ %offset_read, %0 ], [ %i, %loop ]

]]></Node>
<StgValue><ssdm name="i_0_in"/></StgValue>
</operation>

<operation id="15" st_id="2" stage="1" lat="1">
<core>AddSub</core>
<MemPortIdVec></MemPortIdVec>
<condition id="-1">
<or_exp><and_exp></and_exp></or_exp>
</condition>

<Node id="13" bw="32" op_0_bw="32" op_1_bw="32">
<![CDATA[
:2  %i = add nsw i32 %i_0_in, 1

]]></Node>
<StgValue><ssdm name="i"/></StgValue>
</operation>

<operation id="16" st_id="2" stage="1" lat="1">
<core>Cmp</core>
<MemPortIdVec></MemPortIdVec>
<condition id="-1">
<or_exp><and_exp></and_exp></or_exp>
</condition>

<Node id="14" bw="1" op_0_bw="32" op_1_bw="32">
<![CDATA[
:3  %icmp_ln7 = icmp slt i32 %i, 1023

]]></Node>
<StgValue><ssdm name="icmp_ln7"/></StgValue>
</operation>

<operation id="17" st_id="2" stage="1" lat="1">
<core>NULL</core>
<MemPortIdVec></MemPortIdVec>
<condition id="-1">
<or_exp><and_exp></and_exp></or_exp>
</condition>

<Node id="15" bw="0" op_0_bw="1" op_1_bw="0" op_2_bw="0">
<![CDATA[
:4  br i1 %icmp_ln7, label %loop, label %2

]]></Node>
<StgValue><ssdm name="br_ln7"/></StgValue>
</operation>

<operation id="18" st_id="2" stage="1" lat="1">
<core>NULL</core>
<MemPortIdVec></MemPortIdVec>
<condition id="-1">
<or_exp><and_exp><literal name="icmp_ln7" val="1"/>
</and_exp></or_exp>
</condition>

<Node id="20" bw="64" op_0_bw="32">
<![CDATA[
loop:3  %sext_ln9 = sext i32 %i to i64

]]></Node>
<StgValue><ssdm name="sext_ln9"/></StgValue>
</operation>

<operation id="19" st_id="2" stage="1" lat="1">
<core>NULL</core>
<MemPortIdVec></MemPortIdVec>
<condition id="-1">
<or_exp><and_exp><literal name="icmp_ln7" val="1"/>
</and_exp></or_exp>
</condition>

<Node id="21" bw="10" op_0_bw="32" op_1_bw="64" op_2_bw="64">
<![CDATA[
loop:4  %index_addr = getelementptr [1024 x i32]* %index, i64 0, i64 %sext_ln9

]]></Node>
<StgValue><ssdm name="index_addr"/></StgValue>
</operation>

<operation id="20" st_id="2" stage="2" lat="2">
<core>RAM</core>
<MemPortIdVec></MemPortIdVec>
<condition id="-1">
<or_exp><and_exp><literal name="icmp_ln7" val="1"/>
</and_exp></or_exp>
</condition>

<Node id="22" bw="32" op_0_bw="10">
<![CDATA[
loop:5  %index_load = load i32* %index_addr, align 4

]]></Node>
<StgValue><ssdm name="index_load"/></StgValue>
</operation>

<operation id="21" st_id="2" stage="1" lat="1">
<core>AddSub</core>
<MemPortIdVec></MemPortIdVec>
<condition id="-1">
<or_exp><and_exp><literal name="icmp_ln7" val="1"/>
</and_exp></or_exp>
</condition>

<Node id="23" bw="32" op_0_bw="32" op_1_bw="32">
<![CDATA[
loop:6  %add_ln9 = add nsw i32 %i_0_in, 2

]]></Node>
<StgValue><ssdm name="add_ln9"/></StgValue>
</operation>

<operation id="22" st_id="2" stage="1" lat="1">
<core>NULL</core>
<MemPortIdVec></MemPortIdVec>
<condition id="-1">
<or_exp><and_exp><literal name="icmp_ln7" val="1"/>
</and_exp></or_exp>
</condition>

<Node id="24" bw="64" op_0_bw="32">
<![CDATA[
loop:7  %sext_ln9_1 = sext i32 %add_ln9 to i64

]]></Node>
<StgValue><ssdm name="sext_ln9_1"/></StgValue>
</operation>

<operation id="23" st_id="2" stage="1" lat="1">
<core>NULL</core>
<MemPortIdVec></MemPortIdVec>
<condition id="-1">
<or_exp><and_exp><literal name="icmp_ln7" val="1"/>
</and_exp></or_exp>
</condition>

<Node id="25" bw="10" op_0_bw="32" op_1_bw="64" op_2_bw="64">
<![CDATA[
loop:8  %array_addr = getelementptr [1024 x i32]* %array_r, i64 0, i64 %sext_ln9_1

]]></Node>
<StgValue><ssdm name="array_addr"/></StgValue>
</operation>

<operation id="24" st_id="2" stage="2" lat="2">
<core>RAM</core>
<MemPortIdVec></MemPortIdVec>
<condition id="-1">
<or_exp><and_exp><literal name="icmp_ln7" val="1"/>
</and_exp></or_exp>
</condition>

<Node id="26" bw="32" op_0_bw="10">
<![CDATA[
loop:9  %array_load = load i32* %array_addr, align 4

]]></Node>
<StgValue><ssdm name="array_load"/></StgValue>
</operation>

<operation id="25" st_id="2" stage="1" lat="1">
<core>NULL</core>
<MemPortIdVec></MemPortIdVec>
<condition id="-1">
<or_exp><and_exp><literal name="icmp_ln7" val="1"/>
</and_exp></or_exp>
</condition>

<Node id="27" bw="10" op_0_bw="32" op_1_bw="64" op_2_bw="64">
<![CDATA[
loop:10  %array_addr_1 = getelementptr [1024 x i32]* %array_r, i64 0, i64 %sext_ln9

]]></Node>
<StgValue><ssdm name="array_addr_1"/></StgValue>
</operation>

<operation id="26" st_id="2" stage="2" lat="2">
<core>RAM</core>
<MemPortIdVec></MemPortIdVec>
<condition id="-1">
<or_exp><and_exp><literal name="icmp_ln7" val="1"/>
</and_exp></or_exp>
</condition>

<Node id="28" bw="32" op_0_bw="10">
<![CDATA[
loop:11  %array_load_1 = load i32* %array_addr_1, align 4

]]></Node>
<StgValue><ssdm name="array_load_1"/></StgValue>
</operation>
</state>

<state id="3" st_id="3">

<operation id="27" st_id="3" stage="1" lat="2">
<core>RAM</core>
<MemPortIdVec></MemPortIdVec>
<condition id="-1">
<or_exp><and_exp><literal name="icmp_ln7" val="1"/>
</and_exp></or_exp>
</condition>

<Node id="22" bw="32" op_0_bw="10">
<![CDATA[
loop:5  %index_load = load i32* %index_addr, align 4

]]></Node>
<StgValue><ssdm name="index_load"/></StgValue>
</operation>

<operation id="28" st_id="3" stage="1" lat="2">
<core>RAM</core>
<MemPortIdVec></MemPortIdVec>
<condition id="-1">
<or_exp><and_exp><literal name="icmp_ln7" val="1"/>
</and_exp></or_exp>
</condition>

<Node id="26" bw="32" op_0_bw="10">
<![CDATA[
loop:9  %array_load = load i32* %array_addr, align 4

]]></Node>
<StgValue><ssdm name="array_load"/></StgValue>
</operation>

<operation id="29" st_id="3" stage="1" lat="2">
<core>RAM</core>
<MemPortIdVec></MemPortIdVec>
<condition id="-1">
<or_exp><and_exp><literal name="icmp_ln7" val="1"/>
</and_exp></or_exp>
</condition>

<Node id="28" bw="32" op_0_bw="10">
<![CDATA[
loop:11  %array_load_1 = load i32* %array_addr_1, align 4

]]></Node>
<StgValue><ssdm name="array_load_1"/></StgValue>
</operation>

<operation id="30" st_id="3" stage="1" lat="1">
<core>AddSub</core>
<MemPortIdVec></MemPortIdVec>
<condition id="-1">
<or_exp><and_exp><literal name="icmp_ln7" val="1"/>
</and_exp></or_exp>
</condition>

<Node id="29" bw="32" op_0_bw="32" op_1_bw="32">
<![CDATA[
loop:12  %sub_ln9 = sub nsw i32 %array_load, %array_load_1

]]></Node>
<StgValue><ssdm name="sub_ln9"/></StgValue>
</operation>
</state>

<state id="4" st_id="4">

<operation id="31" st_id="4" stage="1" lat="1">
<core>NULL</core>
<MemPortIdVec></MemPortIdVec>
<condition id="-1">
<or_exp><and_exp><literal name="icmp_ln7" val="1"/>
</and_exp></or_exp>
</condition>

<Node id="17" bw="0" op_0_bw="0" op_1_bw="0">
<![CDATA[
loop:0  call void (...)* @_ssdm_op_SpecLoopName([5 x i8]* @p_str) nounwind

]]></Node>
<StgValue><ssdm name="specloopname_ln8"/></StgValue>
</operation>

<operation id="32" st_id="4" stage="1" lat="1">
<core>NULL</core>
<MemPortIdVec></MemPortIdVec>
<condition id="-1">
<or_exp><and_exp><literal name="icmp_ln7" val="1"/>
</and_exp></or_exp>
</condition>

<Node id="18" bw="32" op_0_bw="32" op_1_bw="0">
<![CDATA[
loop:1  %tmp = call i32 (...)* @_ssdm_op_SpecRegionBegin([5 x i8]* @p_str) nounwind

]]></Node>
<StgValue><ssdm name="tmp"/></StgValue>
</operation>

<operation id="33" st_id="4" stage="1" lat="1">
<core>NULL</core>
<MemPortIdVec></MemPortIdVec>
<condition id="-1">
<or_exp><and_exp><literal name="icmp_ln7" val="1"/>
</and_exp></or_exp>
</condition>

<Node id="19" bw="0" op_0_bw="0" op_1_bw="32" op_2_bw="32" op_3_bw="32" op_4_bw="32" op_5_bw="0">
<![CDATA[
loop:2  call void (...)* @_ssdm_op_SpecPipeline(i32 -1, i32 1, i32 1, i32 0, [1 x i8]* @p_str1) nounwind

]]></Node>
<StgValue><ssdm name="specpipeline_ln9"/></StgValue>
</operation>

<operation id="34" st_id="4" stage="1" lat="1">
<core>Mul</core>
<MemPortIdVec></MemPortIdVec>
<condition id="-1">
<or_exp><and_exp><literal name="icmp_ln7" val="1"/>
</and_exp></or_exp>
</condition>

<Node id="30" bw="32" op_0_bw="32" op_1_bw="32">
<![CDATA[
loop:13  %mul_ln9 = mul nsw i32 %index_load, %sub_ln9

]]></Node>
<StgValue><ssdm name="mul_ln9"/></StgValue>
</operation>

<operation id="35" st_id="4" stage="1" lat="1">
<core>AddSub</core>
<MemPortIdVec></MemPortIdVec>
<condition id="-1">
<or_exp><and_exp><literal name="icmp_ln7" val="1"/>
</and_exp></or_exp>
</condition>

<Node id="31" bw="32" op_0_bw="32" op_1_bw="32">
<![CDATA[
loop:14  %sum = add nsw i32 %mul_ln9, %sum_0

]]></Node>
<StgValue><ssdm name="sum"/></StgValue>
</operation>

<operation id="36" st_id="4" stage="1" lat="1">
<core>NULL</core>
<MemPortIdVec></MemPortIdVec>
<condition id="-1">
<or_exp><and_exp><literal name="icmp_ln7" val="1"/>
</and_exp></or_exp>
</condition>

<Node id="32" bw="32" op_0_bw="32" op_1_bw="0" op_2_bw="32">
<![CDATA[
loop:15  %empty = call i32 (...)* @_ssdm_op_SpecRegionEnd([5 x i8]* @p_str, i32 %tmp) nounwind

]]></Node>
<StgValue><ssdm name="empty"/></StgValue>
</operation>

<operation id="37" st_id="4" stage="1" lat="1">
<core>NULL</core>
<MemPortIdVec></MemPortIdVec>
<condition id="-1">
<or_exp><and_exp><literal name="icmp_ln7" val="1"/>
</and_exp></or_exp>
</condition>

<Node id="33" bw="0" op_0_bw="0">
<![CDATA[
loop:16  br label %1

]]></Node>
<StgValue><ssdm name="br_ln7"/></StgValue>
</operation>
</state>

<state id="5" st_id="5">

<operation id="38" st_id="5" stage="1" lat="1">
<core>NULL</core>
<MemPortIdVec></MemPortIdVec>
<condition id="-1">
<or_exp><and_exp></and_exp></or_exp>
</condition>

<Node id="35" bw="64" op_0_bw="32">
<![CDATA[
:0  %sext_ln12 = sext i32 %offset_read to i64

]]></Node>
<StgValue><ssdm name="sext_ln12"/></StgValue>
</operation>

<operation id="39" st_id="5" stage="1" lat="1">
<core>NULL</core>
<MemPortIdVec></MemPortIdVec>
<condition id="-1">
<or_exp><and_exp></and_exp></or_exp>
</condition>

<Node id="36" bw="10" op_0_bw="32" op_1_bw="64" op_2_bw="64">
<![CDATA[
:1  %array_addr_2 = getelementptr [1024 x i32]* %array_r, i64 0, i64 %sext_ln12

]]></Node>
<StgValue><ssdm name="array_addr_2"/></StgValue>
</operation>

<operation id="40" st_id="5" stage="2" lat="2">
<core>RAM</core>
<MemPortIdVec></MemPortIdVec>
<condition id="-1">
<or_exp><and_exp></and_exp></or_exp>
</condition>

<Node id="37" bw="32" op_0_bw="10">
<![CDATA[
:2  %array_load_2 = load i32* %array_addr_2, align 4

]]></Node>
<StgValue><ssdm name="array_load_2"/></StgValue>
</operation>
</state>

<state id="6" st_id="6">

<operation id="41" st_id="6" stage="1" lat="2">
<core>RAM</core>
<MemPortIdVec></MemPortIdVec>
<condition id="-1">
<or_exp><and_exp></and_exp></or_exp>
</condition>

<Node id="37" bw="32" op_0_bw="10">
<![CDATA[
:2  %array_load_2 = load i32* %array_addr_2, align 4

]]></Node>
<StgValue><ssdm name="array_load_2"/></StgValue>
</operation>

<operation id="42" st_id="6" stage="1" lat="1">
<core>AddSub</core>
<MemPortIdVec></MemPortIdVec>
<condition id="-1">
<or_exp><and_exp></and_exp></or_exp>
</condition>

<Node id="38" bw="32" op_0_bw="32" op_1_bw="32">
<![CDATA[
:3  %add_ln12 = add nsw i32 %array_load_2, %sum_0

]]></Node>
<StgValue><ssdm name="add_ln12"/></StgValue>
</operation>

<operation id="43" st_id="6" stage="1" lat="1">
<core>RAM</core>
<MemPortIdVec></MemPortIdVec>
<condition id="-1">
<or_exp><and_exp></and_exp></or_exp>
</condition>

<Node id="39" bw="0" op_0_bw="32" op_1_bw="10" op_2_bw="32">
<![CDATA[
:4  store i32 %add_ln12, i32* %array_addr_2, align 4

]]></Node>
<StgValue><ssdm name="store_ln12"/></StgValue>
</operation>

<operation id="44" st_id="6" stage="1" lat="1">
<core>NULL</core>
<MemPortIdVec></MemPortIdVec>
<condition id="-1">
<or_exp><and_exp></and_exp></or_exp>
</condition>

<Node id="40" bw="0">
<![CDATA[
:5  ret void

]]></Node>
<StgValue><ssdm name="ret_ln13"/></StgValue>
</operation>
</state>
</state_list>


<ports>
</ports>


<dataflows>
</dataflows>


</stg>
