<stg><name>kernel4</name>


<trans_list>

<trans id="45" from="1" to="2">
<condition id="-1">
<or_exp><and_exp></and_exp></or_exp>
</condition>
</trans>

<trans id="55" from="2" to="5">
<condition id="-1">
<or_exp><and_exp><literal name="icmp_ln7" val="0"/>
</and_exp></or_exp>
</condition>
</trans>

<trans id="56" from="2" to="3">
<condition id="-1">
<or_exp><and_exp><literal name="icmp_ln7" val="1"/>
</and_exp></or_exp>
</condition>
</trans>

<trans id="53" from="3" to="4">
<condition id="-1">
<or_exp><and_exp></and_exp></or_exp>
</condition>
</trans>

<trans id="54" from="4" to="2">
<condition id="-1">
<or_exp><and_exp></and_exp></or_exp>
</condition>
</trans>

<trans id="51" from="5" to="6">
<condition id="-1">
<or_exp><and_exp></and_exp></or_exp>
</condition>
</trans>
</trans_list>



<state_list>

<state id="1" st_id="1">

<operation id="7" st_id="1" stage="1" lat="1">
<core>NULL</core>
<MemPortIdVec></MemPortIdVec>
<condition id="-1">
<or_exp><and_exp></and_exp></or_exp>
</condition>

<Node id="4" bw="0" op_0_bw="0" op_1_bw="32">
<![CDATA[
:0  call void (...)* @_ssdm_op_SpecBitsMap([1024 x i32]* %array_r) nounwind, !map !7

]]></Node>
<StgValue><ssdm name="specbitsmap_ln0"/></StgValue>
</operation>

<operation id="8" st_id="1" stage="1" lat="1">
<core>NULL</core>
<MemPortIdVec></MemPortIdVec>
<condition id="-1">
<or_exp><and_exp></and_exp></or_exp>
</condition>

<Node id="5" bw="0" op_0_bw="0" op_1_bw="32">
<![CDATA[
:1  call void (...)* @_ssdm_op_SpecBitsMap([1024 x i32]* %index) nounwind, !map !13

]]></Node>
<StgValue><ssdm name="specbitsmap_ln0"/></StgValue>
</operation>

<operation id="9" st_id="1" stage="1" lat="1">
<core>NULL</core>
<MemPortIdVec></MemPortIdVec>
<condition id="-1">
<or_exp><and_exp></and_exp></or_exp>
</condition>

<Node id="6" bw="0" op_0_bw="0" op_1_bw="32">
<![CDATA[
:2  call void (...)* @_ssdm_op_SpecBitsMap(i32 %offset) nounwind, !map !17

]]></Node>
<StgValue><ssdm name="specbitsmap_ln0"/></StgValue>
</operation>

<operation id="10" st_id="1" stage="1" lat="1">
<core>NULL</core>
<MemPortIdVec></MemPortIdVec>
<condition id="-1">
<or_exp><and_exp></and_exp></or_exp>
</condition>

<Node id="7" bw="0" op_0_bw="0" op_1_bw="0">
<![CDATA[
:3  call void (...)* @_ssdm_op_SpecTopModule([8 x i8]* @kernel4_str) nounwind

]]></Node>
<StgValue><ssdm name="spectopmodule_ln0"/></StgValue>
</operation>

<operation id="11" st_id="1" stage="1" lat="1">
<core>NULL</core>
<MemPortIdVec></MemPortIdVec>
<condition id="-1">
<or_exp><and_exp></and_exp></or_exp>
</condition>

<Node id="8" bw="32" op_0_bw="32" op_1_bw="32">
<![CDATA[
:4  %offset_read = call i32 @_ssdm_op_Read.ap_auto.i32(i32 %offset) nounwind

]]></Node>
<StgValue><ssdm name="offset_read"/></StgValue>
</operation>

<operation id="12" st_id="1" stage="1" lat="1">
<core>NULL</core>
<MemPortIdVec></MemPortIdVec>
<condition id="-1">
<or_exp><and_exp></and_exp></or_exp>
</condition>

<Node id="9" bw="0" op_0_bw="0">
<![CDATA[
:5  br label %1

]]></Node>
<StgValue><ssdm name="br_ln7"/></StgValue>
</operation>
</state>

<state id="2" st_id="2">

<operation id="13" st_id="2" stage="1" lat="1">
<core>NULL</core>
<MemPortIdVec></MemPortIdVec>
<condition id="-1">
<or_exp><and_exp></and_exp></or_exp>
</condition>

<Node id="11" bw="32" op_0_bw="32" op_1_bw="0" op_2_bw="32" op_3_bw="0">
<![CDATA[
:0  %sum_0 = phi i32 [ 0, %0 ], [ %sum, %loop ]

]]></Node>
<StgValue><ssdm name="sum_0"/></StgValue>
</operation>

<operation id="14" st_id="2" stage="1" lat="1">
<core>NULL</core>
<MemPortIdVec></MemPortIdVec>
<condition id="-1">
<or_exp><and_exp></and_exp></or_exp>
</condition>

<Node id="12" bw="32" op_0_bw="32" op_1_bw="0" op_2_bw="32" op_3_bw="0">
<![CDATA[
:1  %i_0_in = phi i32 [ %offset_read, %0 ], [ %i, %loop ]

]]></Node>
<StgValue><ssdm name="i_0_in"/></StgValue>
</operation>

<operation id="15" st_id="2" stage="1" lat="1">
<core>AddSub</core>
<MemPortIdVec></MemPortIdVec>
<condition id="-1">
<or_exp><and_exp></and_exp></or_exp>
</condition>

<Node id="13" bw="32" op_0_bw="32" op_1_bw="32">
<![CDATA[
:2  %i = add nsw i32 %i_0_in, 1

]]></Node>
<StgValue><ssdm name="i"/></StgValue>
</operation>

<operation id="16" st_id="2" stage="1" lat="1">
<core>Cmp</core>
<MemPortIdVec></MemPortIdVec>
<condition id="-1">
<or_exp><and_exp></and_exp></or_exp>
</condition>

<Node id="14" bw="1" op_0_bw="32" op_1_bw="32">
<![CDATA[
:3  %icmp_ln7 = icmp slt i32 %i, 1023

]]></Node>
<StgValue><ssdm name="icmp_ln7"/></StgValue>
</operation>

<operation id="17" st_id="2" stage="1" lat="1">
<core>NULL</core>
<MemPortIdVec></MemPortIdVec>
<condition id="-1">
<or_exp><and_exp></and_exp></or_exp>
</condition>

<Node id="15" bw="0" op_0_bw="1" op_1_bw="0" op_2_bw="0">
<![CDATA[
:4  br i1 %icmp_ln7, label %loop, label %2

]]></Node>
<StgValue><ssdm name="br_ln7"/></StgValue>
</operation>

<operation id="18" st_id="2" stage="1" lat="1">
<core>NULL</core>
<MemPortIdVec></MemPortIdVec>
<condition id="-1">
<or_exp><and_exp><literal name="icmp_ln7" val="1"/>
</and_exp></or_exp>
</condition>

<Node id="20" bw="64" op_0_bw="32">
<![CDATA[
loop:3  %sext_ln9 = sext i32 %i to i64

]]></Node>
<StgValue><ssdm name="sext_ln9"/></StgValue>
</operation>

<operation id="19" st_id="2" stage="1" lat="1">
<core>NULL</core>
<MemPortIdVec></MemPortIdVec>
<condition id="-1">
<or_exp><and_exp><literal name="icmp_ln7" val="1"/>
</and_exp></or_exp>
</condition>

<Node id="21" bw="10" op_0_bw="32" op_1_bw="64" op_2_bw="64">
<![CDATA[
loop:4  %index_addr = getelementptr [1024 x i32]* %index, i64 0, i64 %sext_ln9

]]></Node>
<StgValue><ssdm name="index_addr"/></StgValue>
</operation>

<operation id="20" st_id="2" stage="2" lat="2">
<core>RAM</core>
<MemPortIdVec>0 </MemPortIdVec>
<condition id="-1">
<or_exp><and_exp><literal name="icmp_ln7" val="1"/>
</and_exp></or_exp>
</condition>

<Node id="22" bw="32" op_0_bw="10">
<![CDATA[
loop:5  %index_load = load i32* %index_addr, align 4

]]></Node>
<StgValue><ssdm name="index_load"/></StgValue>
</operation>

<operation id="21" st_id="2" stage="1" lat="1">
<core>AddSub</core>
<MemPortIdVec></MemPortIdVec>
<condition id="-1">
<or_exp><and_exp><literal name="icmp_ln7" val="1"/>
</and_exp></or_exp>
</condition>

<Node id="23" bw="32" op_0_bw="32" op_1_bw="32">
<![CDATA[
loop:6  %add_ln9 = add nsw i32 %i_0_in, 2

]]></Node>
<StgValue><ssdm name="add_ln9"/></StgValue>
</operation>

<operation id="22" st_id="2" stage="1" lat="1">
<core>NULL</core>
<MemPortIdVec></MemPortIdVec>
<condition id="-1">
<or_exp><and_exp><literal name="icmp_ln7" val="1"/>
</and_exp></or_exp>
</condition>

<Node id="24" bw="64" op_0_bw="32">
<![CDATA[
loop:7  %sext_ln9_1 = sext i32 %add_ln9 to i64

]]></Node>
<StgValue><ssdm name="sext_ln9_1"/></StgValue>
</operation>

<operation id="23" st_id="2" stage="1" lat="1">
<core>NULL</core>
<MemPortIdVec></MemPortIdVec>
<condition id="-1">
<or_exp><and_exp><literal name="icmp_ln7" val="1"/>
</and_exp></or_exp>
</condition>

<Node id="25" bw="10" op_0_bw="32" op_1_bw="64" op_2_bw="64">
<![CDATA[
loop:8  %array_addr = getelementptr [1024 x i32]* %array_r, i64 0, i64 %sext_ln9_1

]]></Node>
<StgValue><ssdm name="array_addr"/></StgValue>
</operation>

<operation id="24" st_id="2" stage="2" lat="2">
<core>RAM</core>
<MemPortIdVec>0 </MemPortIdVec>
<condition id="-1">
<or_exp><and_exp><literal name="icmp_ln7" val="1"/>
</and_exp></or_exp>
</condition>

<Node id="26" bw="32" op_0_bw="10">
<![CDATA[
loop:9  %array_load = load i32* %array_addr, align 4

]]></Node>
<StgValue><ssdm name="array_load"/></StgValue>
</operation>

<operation id="25" st_id="2" stage="1" lat="1">
<core>NULL</core>
<MemPortIdVec></MemPortIdVec>
<condition id="-1">
<or_exp><and_exp><literal name="icmp_ln7" val="1"/>
</and_exp></or_exp>
</condition>

<Node id="27" bw="10" op_0_bw="32" op_1_bw="64" op_2_bw="64">
<![CDATA[
loop:10  %array_addr_1 = getelementptr [1024 x i32]* %array_r, i64 0, i64 %sext_ln9

]]></Node>
<StgValue><ssdm name="array_addr_1"/></StgValue>
</operation>

<operation id="26" st_id="2" stage="2" lat="2">
<core>RAM</core>
<MemPortIdVec>1 </MemPortIdVec>
<condition id="-1">
<or_exp><and_exp><literal name="icmp_ln7" val="1"/>
</and_exp></or_exp>
</condition>

<Node id="28" bw="32" op_0_bw="10">
<![CDATA[
loop:11  %array_load_1 = load i32* %array_addr_1, align 4

]]></Node>
<StgValue><ssdm name="array_load_1"/></StgValue>
</operation>
</state>

<state id="3" st_id="3">

<operation id="27" st_id="3" stage="1" lat="2">
<core>RAM</core>
<MemPortIdVec>0 </MemPortIdVec>
<condition id="-1">
<or_exp><and_exp><literal name="icmp_ln7" val="1"/>
</and_exp></or_exp>
</condition>

<Node id="22" bw="32" op_0_bw="10">
<![CDATA[
loop:5  %index_load = load i32* %index_addr, align 4

]]></Node>
<StgValue><ssdm name="index_load"/></StgValue>
</operation>

<operation id="28" st_id="3" stage="1" lat="2">
<core>RAM</core>
<MemPortIdVec>0 </MemPortIdVec>
<condition id="-1">
<or_exp><and_exp><literal name="icmp_ln7" val="1"/>
</and_exp></or_exp>
</condition>

<Node id="26" bw="32" op_0_bw="10">
<![CDATA[
loop:9  %array_load = load i32* %array_addr, align 4

]]></Node>
<StgValue><ssdm name="array_load"/></StgValue>
</operation>

<operation id="29" st_id="3" stage="1" lat="2">
<core>RAM</core>
<MemPortIdVec>1 </MemPortIdVec>
<condition id="-1">
<or_exp><and_exp><literal name="icmp_ln7" val="1"/>
</and_exp></or_exp>
</condition>

<Node id="28" bw="32" op_0_bw="10">
<![CDATA[
loop:11  %array_load_1 = load i32* %array_addr_1, align 4

]]></Node>
<StgValue><ssdm name="array_load_1"/></StgValue>
</operation>

<operation id="30" st_id="3" stage="1" lat="1">
<core>AddSub</core>
<MemPortIdVec></MemPortIdVec>
<condition id="-1">
<or_exp><and_exp><literal name="icmp_ln7" val="1"/>
</and_exp></or_exp>
</condition>

<Node id="29" bw="32" op_0_bw="32" op_1_bw="32">
<![CDATA[
loop:12  %sub_ln9 = sub nsw i32 %array_load, %array_load_1

]]></Node>
<StgValue><ssdm name="sub_ln9"/></StgValue>
</operation>
</state>

<state id="4" st_id="4">

<operation id="31" st_id="4" stage="1" lat="1">
<core>NULL</core>
<MemPortIdVec></MemPortIdVec>
<condition id="-1">
<or_exp><and_exp><literal name="icmp_ln7" val="1"/>
</and_exp></or_exp>
</condition>

<Node id="17" bw="0" op_0_bw="0" op_1_bw="0">
<![CDATA[
loop:0  call void (...)* @_ssdm_op_SpecLoopName([5 x i8]* @p_str) nounwind

]]></Node>
<StgValue><ssdm name="specloopname_ln8"/></StgValue>
</operation>

<operation id="32" st_id="4" stage="1" lat="1">
<core>NULL</core>
<MemPortIdVec></MemPortIdVec>
<condition id="-1">
<or_exp><and_exp><literal name="icmp_ln7" val="1"/>
</and_exp></or_exp>
</condition>

<Node id="18" bw="32" op_0_bw="32" op_1_bw="0">
<![CDATA[
loop:1  %tmp = call i32 (...)* @_ssdm_op_SpecRegionBegin([5 x i8]* @p_str) nounwind

]]></Node>
<StgValue><ssdm name="tmp"/></StgValue>
</operation>

<operation id="33" st_id="4" stage="1" lat="1">
<core>NULL</core>
<MemPortIdVec></MemPortIdVec>
<condition id="-1">
<or_exp><and_exp><literal name="icmp_ln7" val="1"/>
</and_exp></or_exp>
</condition>

<Node id="19" bw="0" op_0_bw="0" op_1_bw="32" op_2_bw="32" op_3_bw="32" op_4_bw="32" op_5_bw="0">
<![CDATA[
loop:2  call void (...)* @_ssdm_op_SpecPipeline(i32 -1, i32 1, i32 1, i32 0, [1 x i8]* @p_str1) nounwind

]]></Node>
<StgValue><ssdm name="specpipeline_ln9"/></StgValue>
</operation>

<operation id="34" st_id="4" stage="1" lat="1">
<core>Mul</core>
<MemPortIdVec></MemPortIdVec>
<condition id="-1">
<or_exp><and_exp><literal name="icmp_ln7" val="1"/>
</and_exp></or_exp>
</condition>

<Node id="30" bw="32" op_0_bw="32" op_1_bw="32">
<![CDATA[
loop:13  %mul_ln9 = mul nsw i32 %index_load, %sub_ln9

]]></Node>
<StgValue><ssdm name="mul_ln9"/></StgValue>
</operation>

<operation id="35" st_id="4" stage="1" lat="1">
<core>AddSub</core>
<MemPortIdVec></MemPortIdVec>
<condition id="-1">
<or_exp><and_exp><literal name="icmp_ln7" val="1"/>
</and_exp></or_exp>
</condition>

<Node id="31" bw="32" op_0_bw="32" op_1_bw="32">
<![CDATA[
loop:14  %sum = add nsw i32 %mul_ln9, %sum_0

]]></Node>
<StgValue><ssdm name="sum"/></StgValue>
</operation>

<operation id="36" st_id="4" stage="1" lat="1">
<core>NULL</core>
<MemPortIdVec></MemPortIdVec>
<condition id="-1">
<or_exp><and_exp><literal name="icmp_ln7" val="1"/>
</and_exp></or_exp>
</condition>

<Node id="32" bw="32" op_0_bw="32" op_1_bw="0" op_2_bw="32">
<![CDATA[
loop:15  %empty = call i32 (...)* @_ssdm_op_SpecRegionEnd([5 x i8]* @p_str, i32 %tmp) nounwind

]]></Node>
<StgValue><ssdm name="empty"/></StgValue>
</operation>

<operation id="37" st_id="4" stage="1" lat="1">
<core>NULL</core>
<MemPortIdVec></MemPortIdVec>
<condition id="-1">
<or_exp><and_exp><literal name="icmp_ln7" val="1"/>
</and_exp></or_exp>
</condition>

<Node id="33" bw="0" op_0_bw="0">
<![CDATA[
loop:16  br label %1

]]></Node>
<StgValue><ssdm name="br_ln7"/></StgValue>
</operation>
</state>

<state id="5" st_id="5">

<operation id="38" st_id="5" stage="1" lat="1">
<core>NULL</core>
<MemPortIdVec></MemPortIdVec>
<condition id="-1">
<or_exp><and_exp></and_exp></or_exp>
</condition>

<Node id="35" bw="64" op_0_bw="32">
<![CDATA[
:0  %sext_ln12 = sext i32 %offset_read to i64

]]></Node>
<StgValue><ssdm name="sext_ln12"/></StgValue>
</operation>

<operation id="39" st_id="5" stage="1" lat="1">
<core>NULL</core>
<MemPortIdVec></MemPortIdVec>
<condition id="-1">
<or_exp><and_exp></and_exp></or_exp>
</condition>

<Node id="36" bw="10" op_0_bw="32" op_1_bw="64" op_2_bw="64">
<![CDATA[
:1  %array_addr_2 = getelementptr [1024 x i32]* %array_r, i64 0, i64 %sext_ln12

]]></Node>
<StgValue><ssdm name="array_addr_2"/></StgValue>
</operation>

<operation id="40" st_id="5" stage="2" lat="2">
<core>RAM</core>
<MemPortIdVec>0 </MemPortIdVec>
<condition id="-1">
<or_exp><and_exp></and_exp></or_exp>
</condition>

<Node id="37" bw="32" op_0_bw="10">
<![CDATA[
:2  %array_load_2 = load i32* %array_addr_2, align 4

]]></Node>
<StgValue><ssdm name="array_load_2"/></StgValue>
</operation>
</state>

<state id="6" st_id="6">

<operation id="41" st_id="6" stage="1" lat="2">
<core>RAM</core>
<MemPortIdVec>0 </MemPortIdVec>
<condition id="-1">
<or_exp><and_exp></and_exp></or_exp>
</condition>

<Node id="37" bw="32" op_0_bw="10">
<![CDATA[
:2  %array_load_2 = load i32* %array_addr_2, align 4

]]></Node>
<StgValue><ssdm name="array_load_2"/></StgValue>
</operation>

<operation id="42" st_id="6" stage="1" lat="1">
<core>AddSub</core>
<MemPortIdVec></MemPortIdVec>
<condition id="-1">
<or_exp><and_exp></and_exp></or_exp>
</condition>

<Node id="38" bw="32" op_0_bw="32" op_1_bw="32">
<![CDATA[
:3  %add_ln12 = add nsw i32 %array_load_2, %sum_0

]]></Node>
<StgValue><ssdm name="add_ln12"/></StgValue>
</operation>

<operation id="43" st_id="6" stage="1" lat="1">
<core>RAM</core>
<MemPortIdVec>1 </MemPortIdVec>
<condition id="-1">
<or_exp><and_exp></and_exp></or_exp>
</condition>

<Node id="39" bw="0" op_0_bw="32" op_1_bw="10" op_2_bw="32">
<![CDATA[
:4  store i32 %add_ln12, i32* %array_addr_2, align 4

]]></Node>
<StgValue><ssdm name="store_ln12"/></StgValue>
</operation>

<operation id="44" st_id="6" stage="1" lat="1">
<core>NULL</core>
<MemPortIdVec></MemPortIdVec>
<condition id="-1">
<or_exp><and_exp></and_exp></or_exp>
</condition>

<Node id="40" bw="0">
<![CDATA[
:5  ret void

]]></Node>
<StgValue><ssdm name="ret_ln13"/></StgValue>
</operation>
</state>
</state_list>


<ports>
<port id="57" name="array_r" dir="2" iftype="1">
<core>RAM</core><StgValue><ssdm name="array_r"/><MemPortTyVec>1 2 </MemPortTyVec>
</StgValue>
</port>
<port id="58" name="index" dir="0" iftype="1">
<core>RAM</core><StgValue><ssdm name="index"/><MemPortTyVec>1 3 </MemPortTyVec>
</StgValue>
</port>
<port id="59" name="offset" dir="0" iftype="0">
<core>NULL</core><StgValue><ssdm name="offset"/></StgValue>
</port>
</ports>


<dataflows>
<dataflow id="61" from="_ssdm_op_SpecBitsMap" to="specbitsmap_ln0" fromId="60" toId="7">
</dataflow>
<dataflow id="62" from="array_r" to="specbitsmap_ln0" fromId="57" toId="7">
</dataflow>
<dataflow id="63" from="_ssdm_op_SpecBitsMap" to="specbitsmap_ln0" fromId="60" toId="8">
</dataflow>
<dataflow id="64" from="index" to="specbitsmap_ln0" fromId="58" toId="8">
</dataflow>
<dataflow id="65" from="_ssdm_op_SpecBitsMap" to="specbitsmap_ln0" fromId="60" toId="9">
</dataflow>
<dataflow id="66" from="offset" to="specbitsmap_ln0" fromId="59" toId="9">
</dataflow>
<dataflow id="68" from="_ssdm_op_SpecTopModule" to="spectopmodule_ln0" fromId="67" toId="10">
</dataflow>
<dataflow id="70" from="kernel4_str" to="spectopmodule_ln0" fromId="69" toId="10">
</dataflow>
<dataflow id="72" from="_ssdm_op_Read.ap_auto.i32" to="offset_read" fromId="71" toId="11">
</dataflow>
<dataflow id="73" from="offset" to="offset_read" fromId="59" toId="11">
</dataflow>
<dataflow id="75" from="StgValue_74" to="sum_0" fromId="74" toId="13">
<condition id="-1">
<or_exp><and_exp></and_exp></or_exp>
</condition>
</dataflow>
<dataflow id="76" from="br_ln7" to="sum_0" fromId="12" toId="13">
</dataflow>
<dataflow id="77" from="sum" to="sum_0" fromId="35" toId="13">
<BackEdge/>
<condition id="-1">
<or_exp><and_exp><literal name="icmp_ln7" val="1"/>
</and_exp></or_exp>
</condition>
</dataflow>
<dataflow id="78" from="br_ln7" to="sum_0" fromId="37" toId="13">
<BackEdge/>
</dataflow>
<dataflow id="79" from="offset_read" to="i_0_in" fromId="11" toId="14">
<condition id="-1">
<or_exp><and_exp></and_exp></or_exp>
</condition>
</dataflow>
<dataflow id="80" from="br_ln7" to="i_0_in" fromId="12" toId="14">
</dataflow>
<dataflow id="81" from="i" to="i_0_in" fromId="15" toId="14">
<BackEdge/>
<condition id="-1">
<or_exp><and_exp><literal name="icmp_ln7" val="1"/>
</and_exp></or_exp>
</condition>
</dataflow>
<dataflow id="82" from="br_ln7" to="i_0_in" fromId="37" toId="14">
<BackEdge/>
</dataflow>
<dataflow id="83" from="i_0_in" to="i" fromId="14" toId="15">
</dataflow>
<dataflow id="85" from="StgValue_84" to="i" fromId="84" toId="15">
</dataflow>
<dataflow id="86" from="i" to="icmp_ln7" fromId="15" toId="16">
</dataflow>
<dataflow id="88" from="StgValue_87" to="icmp_ln7" fromId="87" toId="16">
</dataflow>
<dataflow id="89" from="icmp_ln7" to="br_ln7" fromId="16" toId="17">
</dataflow>
<dataflow id="90" from="i" to="sext_ln9" fromId="15" toId="18">
</dataflow>
<dataflow id="91" from="index" to="index_addr" fromId="58" toId="19">
</dataflow>
<dataflow id="93" from="StgValue_92" to="index_addr" fromId="92" toId="19">
</dataflow>
<dataflow id="94" from="sext_ln9" to="index_addr" fromId="18" toId="19">
</dataflow>
<dataflow id="95" from="index_addr" to="index_load" fromId="19" toId="20">
</dataflow>
<dataflow id="96" from="i_0_in" to="add_ln9" fromId="14" toId="21">
</dataflow>
<dataflow id="98" from="StgValue_97" to="add_ln9" fromId="97" toId="21">
</dataflow>
<dataflow id="99" from="add_ln9" to="sext_ln9_1" fromId="21" toId="22">
</dataflow>
<dataflow id="100" from="array_r" to="array_addr" fromId="57" toId="23">
</dataflow>
<dataflow id="101" from="StgValue_92" to="array_addr" fromId="92" toId="23">
</dataflow>
<dataflow id="102" from="sext_ln9_1" to="array_addr" fromId="22" toId="23">
</dataflow>
<dataflow id="103" from="array_addr" to="array_load" fromId="23" toId="24">
</dataflow>
<dataflow id="104" from="array_r" to="array_addr_1" fromId="57" toId="25">
</dataflow>
<dataflow id="105" from="StgValue_92" to="array_addr_1" fromId="92" toId="25">
</dataflow>
<dataflow id="106" from="sext_ln9" to="array_addr_1" fromId="18" toId="25">
</dataflow>
<dataflow id="107" from="array_addr_1" to="array_load_1" fromId="25" toId="26">
</dataflow>
<dataflow id="108" from="index_addr" to="index_load" fromId="19" toId="27">
</dataflow>
<dataflow id="109" from="array_addr" to="array_load" fromId="23" toId="28">
</dataflow>
<dataflow id="110" from="array_addr_1" to="array_load_1" fromId="25" toId="29">
</dataflow>
<dataflow id="111" from="array_load" to="sub_ln9" fromId="28" toId="30">
</dataflow>
<dataflow id="112" from="array_load_1" to="sub_ln9" fromId="29" toId="30">
</dataflow>
<dataflow id="114" from="_ssdm_op_SpecLoopName" to="specloopname_ln8" fromId="113" toId="31">
</dataflow>
<dataflow id="116" from="p_str" to="specloopname_ln8" fromId="115" toId="31">
</dataflow>
<dataflow id="118" from="_ssdm_op_SpecRegionBegin" to="tmp" fromId="117" toId="32">
</dataflow>
<dataflow id="119" from="p_str" to="tmp" fromId="115" toId="32">
</dataflow>
<dataflow id="121" from="_ssdm_op_SpecPipeline" to="specpipeline_ln9" fromId="120" toId="33">
</dataflow>
<dataflow id="123" from="StgValue_122" to="specpipeline_ln9" fromId="122" toId="33">
</dataflow>
<dataflow id="124" from="StgValue_84" to="specpipeline_ln9" fromId="84" toId="33">
</dataflow>
<dataflow id="125" from="StgValue_84" to="specpipeline_ln9" fromId="84" toId="33">
</dataflow>
<dataflow id="126" from="StgValue_74" to="specpipeline_ln9" fromId="74" toId="33">
</dataflow>
<dataflow id="128" from="p_str1" to="specpipeline_ln9" fromId="127" toId="33">
</dataflow>
<dataflow id="129" from="index_load" to="mul_ln9" fromId="27" toId="34">
</dataflow>
<dataflow id="130" from="sub_ln9" to="mul_ln9" fromId="30" toId="34">
</dataflow>
<dataflow id="131" from="mul_ln9" to="sum" fromId="34" toId="35">
</dataflow>
<dataflow id="132" from="sum_0" to="sum" fromId="13" toId="35">
</dataflow>
<dataflow id="134" from="_ssdm_op_SpecRegionEnd" to="empty" fromId="133" toId="36">
</dataflow>
<dataflow id="135" from="p_str" to="empty" fromId="115" toId="36">
</dataflow>
<dataflow id="136" from="tmp" to="empty" fromId="32" toId="36">
</dataflow>
<dataflow id="137" from="offset_read" to="sext_ln12" fromId="11" toId="38">
</dataflow>
<dataflow id="138" from="array_r" to="array_addr_2" fromId="57" toId="39">
</dataflow>
<dataflow id="139" from="StgValue_92" to="array_addr_2" fromId="92" toId="39">
</dataflow>
<dataflow id="140" from="sext_ln12" to="array_addr_2" fromId="38" toId="39">
</dataflow>
<dataflow id="141" from="array_addr_2" to="array_load_2" fromId="39" toId="40">
</dataflow>
<dataflow id="142" from="array_addr_2" to="array_load_2" fromId="39" toId="41">
</dataflow>
<dataflow id="143" from="array_load_2" to="add_ln12" fromId="41" toId="42">
</dataflow>
<dataflow id="144" from="sum_0" to="add_ln12" fromId="13" toId="42">
</dataflow>
<dataflow id="145" from="add_ln12" to="store_ln12" fromId="42" toId="43">
</dataflow>
<dataflow id="146" from="array_addr_2" to="store_ln12" fromId="39" toId="43">
</dataflow>
<dataflow id="147" from="icmp_ln7" to="StgValue_2" fromId="16" toId="2">
</dataflow>
<dataflow id="148" from="icmp_ln7" to="StgValue_3" fromId="16" toId="3">
</dataflow>
<dataflow id="149" from="icmp_ln7" to="StgValue_4" fromId="16" toId="4">
</dataflow>
</dataflows>


</stg>
