<annotationInfo>
<annotationInfo>
<item  id="13" filename="kernel4.cpp" linenumber="7" name="i" contextFuncName="kernel4" moduleName="kernel4" rtlName="i_fu_111_p2" latency="0" BRAM="-1" DSP="-1" FF="0" LUT="39" fileDirectory="C:\Users\Kushagra\Desktop\EPFL_Sem2\Advanced_Computer_Architecture\Git\HLS\hw3-kernels-optimized\kernel4"><\/item>
<item  id="14" filename="kernel4.cpp" linenumber="7" name="icmp_ln7" contextFuncName="kernel4" moduleName="kernel4" rtlName="icmp_ln7_fu_117_p2" latency="0" BRAM="-1" DSP="-1" FF="0" LUT="18" fileDirectory="C:\Users\Kushagra\Desktop\EPFL_Sem2\Advanced_Computer_Architecture\Git\HLS\hw3-kernels-optimized\kernel4"><\/item>
<item  id="20" filename="kernel4.cpp" linenumber="9" name="sext_ln9" contextFuncName="kernel4" moduleName="kernel4" rtlName="sext_ln9_fu_123_p1" latency="0" BRAM="-1" DSP="-1" FF="-1" LUT="-1" fileDirectory="C:\Users\Kushagra\Desktop\EPFL_Sem2\Advanced_Computer_Architecture\Git\HLS\hw3-kernels-optimized\kernel4"><\/item>
<item  id="23" filename="kernel4.cpp" linenumber="9" name="add_ln9" contextFuncName="kernel4" moduleName="kernel4" rtlName="add_ln9_fu_129_p2" latency="0" BRAM="-1" DSP="-1" FF="0" LUT="39" fileDirectory="C:\Users\Kushagra\Desktop\EPFL_Sem2\Advanced_Computer_Architecture\Git\HLS\hw3-kernels-optimized\kernel4"><\/item>
<item  id="24" filename="kernel4.cpp" linenumber="9" name="sext_ln9_1" contextFuncName="kernel4" moduleName="kernel4" rtlName="sext_ln9_1_fu_135_p1" latency="0" BRAM="-1" DSP="-1" FF="-1" LUT="-1" fileDirectory="C:\Users\Kushagra\Desktop\EPFL_Sem2\Advanced_Computer_Architecture\Git\HLS\hw3-kernels-optimized\kernel4"><\/item>
<item  id="29" filename="kernel4.cpp" linenumber="9" name="sub_ln9" contextFuncName="kernel4" moduleName="kernel4" rtlName="sub_ln9_fu_140_p2" latency="0" BRAM="-1" DSP="-1" FF="0" LUT="39" fileDirectory="C:\Users\Kushagra\Desktop\EPFL_Sem2\Advanced_Computer_Architecture\Git\HLS\hw3-kernels-optimized\kernel4"><\/item>
<item  id="30" filename="kernel4.cpp" linenumber="9" name="mul_ln9" contextFuncName="kernel4" moduleName="kernel4" rtlName="mul_ln9_fu_146_p2" latency="0" BRAM="-1" DSP="3" FF="0" LUT="21" fileDirectory="C:\Users\Kushagra\Desktop\EPFL_Sem2\Advanced_Computer_Architecture\Git\HLS\hw3-kernels-optimized\kernel4"><\/item>
<item  id="31" filename="kernel4.cpp" linenumber="9" name="sum" contextFuncName="kernel4" moduleName="kernel4" rtlName="sum_fu_150_p2" latency="0" BRAM="-1" DSP="-1" FF="0" LUT="39" fileDirectory="C:\Users\Kushagra\Desktop\EPFL_Sem2\Advanced_Computer_Architecture\Git\HLS\hw3-kernels-optimized\kernel4"><\/item>
<item  id="35" filename="kernel4.cpp" linenumber="12" name="sext_ln12" contextFuncName="kernel4" moduleName="kernel4" rtlName="sext_ln12_fu_156_p1" latency="0" BRAM="-1" DSP="-1" FF="-1" LUT="-1" fileDirectory="C:\Users\Kushagra\Desktop\EPFL_Sem2\Advanced_Computer_Architecture\Git\HLS\hw3-kernels-optimized\kernel4"><\/item>
<item  id="38" filename="kernel4.cpp" linenumber="12" name="add_ln12" contextFuncName="kernel4" moduleName="kernel4" rtlName="array_r_d1" latency="0" BRAM="-1" DSP="-1" FF="0" LUT="39" fileDirectory="C:\Users\Kushagra\Desktop\EPFL_Sem2\Advanced_Computer_Architecture\Git\HLS\hw3-kernels-optimized\kernel4"><\/item>
<\/annotationInfo>
</annotationInfo>
