<stg><name>kernel2</name>


<trans_list>

<trans id="38" from="1" to="2">
<condition id="-1">
<or_exp><and_exp></and_exp></or_exp>
</condition>
</trans>

<trans id="39" from="2" to="3">
<condition id="-1">
<or_exp><and_exp><literal name="icmp_ln6" val="0"/>
</and_exp></or_exp>
</condition>
</trans>

<trans id="41" from="3" to="4">
<condition id="-1">
<or_exp><and_exp></and_exp></or_exp>
</condition>
</trans>

<trans id="42" from="4" to="5">
<condition id="-1">
<or_exp><and_exp></and_exp></or_exp>
</condition>
</trans>

<trans id="43" from="5" to="6">
<condition id="-1">
<or_exp><and_exp></and_exp></or_exp>
</condition>
</trans>

<trans id="44" from="6" to="2">
<condition id="-1">
<or_exp><and_exp></and_exp></or_exp>
</condition>
</trans>
</trans_list>



<state_list>

<state id="1" st_id="1">

<operation id="7" st_id="1" stage="1" lat="1">
<core>NULL</core>
<MemPortIdVec></MemPortIdVec>
<condition id="-1">
<or_exp><and_exp></and_exp></or_exp>
</condition>

<Node id="2" bw="0" op_0_bw="0" op_1_bw="32">
<![CDATA[
:0  call void (...)* @_ssdm_op_SpecBitsMap([1024 x i32]* %array_r) nounwind, !map !7

]]></Node>
<StgValue><ssdm name="specbitsmap_ln0"/></StgValue>
</operation>

<operation id="8" st_id="1" stage="1" lat="1">
<core>NULL</core>
<MemPortIdVec></MemPortIdVec>
<condition id="-1">
<or_exp><and_exp></and_exp></or_exp>
</condition>

<Node id="3" bw="0" op_0_bw="0" op_1_bw="0">
<![CDATA[
:1  call void (...)* @_ssdm_op_SpecTopModule([8 x i8]* @kernel2_str) nounwind

]]></Node>
<StgValue><ssdm name="spectopmodule_ln0"/></StgValue>
</operation>

<operation id="9" st_id="1" stage="1" lat="1">
<core>NULL</core>
<MemPortIdVec></MemPortIdVec>
<condition id="-1">
<or_exp><and_exp></and_exp></or_exp>
</condition>

<Node id="4" bw="0" op_0_bw="0">
<![CDATA[
:2  br label %1

]]></Node>
<StgValue><ssdm name="br_ln6"/></StgValue>
</operation>
</state>

<state id="2" st_id="2">

<operation id="10" st_id="2" stage="1" lat="1">
<core>NULL</core>
<MemPortIdVec></MemPortIdVec>
<condition id="-1">
<or_exp><and_exp></and_exp></or_exp>
</condition>

<Node id="6" bw="11" op_0_bw="11" op_1_bw="0" op_2_bw="11" op_3_bw="0">
<![CDATA[
:0  %i_0 = phi i11 [ 3, %0 ], [ %i, %2 ]

]]></Node>
<StgValue><ssdm name="i_0"/></StgValue>
</operation>

<operation id="11" st_id="2" stage="1" lat="1">
<core>Cmp</core>
<MemPortIdVec></MemPortIdVec>
<condition id="-1">
<or_exp><and_exp></and_exp></or_exp>
</condition>

<Node id="7" bw="1" op_0_bw="11" op_1_bw="11">
<![CDATA[
:1  %icmp_ln6 = icmp eq i11 %i_0, -1024

]]></Node>
<StgValue><ssdm name="icmp_ln6"/></StgValue>
</operation>

<operation id="12" st_id="2" stage="1" lat="1">
<core>NULL</core>
<MemPortIdVec></MemPortIdVec>
<condition id="-1">
<or_exp><and_exp></and_exp></or_exp>
</condition>

<Node id="8" bw="32" op_0_bw="32" op_1_bw="64" op_2_bw="64" op_3_bw="64">
<![CDATA[
:2  %empty = call i32 (...)* @_ssdm_op_SpecLoopTripCount(i64 1021, i64 1021, i64 1021) nounwind

]]></Node>
<StgValue><ssdm name="empty"/></StgValue>
</operation>

<operation id="13" st_id="2" stage="1" lat="1">
<core>NULL</core>
<MemPortIdVec></MemPortIdVec>
<condition id="-1">
<or_exp><and_exp></and_exp></or_exp>
</condition>

<Node id="9" bw="0" op_0_bw="1" op_1_bw="0" op_2_bw="0">
<![CDATA[
:3  br i1 %icmp_ln6, label %3, label %2

]]></Node>
<StgValue><ssdm name="br_ln6"/></StgValue>
</operation>

<operation id="14" st_id="2" stage="1" lat="1">
<core>AddSub</core>
<MemPortIdVec></MemPortIdVec>
<condition id="-1">
<or_exp><and_exp><literal name="icmp_ln6" val="0"/>
</and_exp></or_exp>
</condition>

<Node id="12" bw="11" op_0_bw="11" op_1_bw="11">
<![CDATA[
:1  %add_ln7 = add i11 %i_0, -1

]]></Node>
<StgValue><ssdm name="add_ln7"/></StgValue>
</operation>

<operation id="15" st_id="2" stage="1" lat="1">
<core>NULL</core>
<MemPortIdVec></MemPortIdVec>
<condition id="-1">
<or_exp><and_exp><literal name="icmp_ln6" val="0"/>
</and_exp></or_exp>
</condition>

<Node id="13" bw="64" op_0_bw="11">
<![CDATA[
:2  %zext_ln7 = zext i11 %add_ln7 to i64

]]></Node>
<StgValue><ssdm name="zext_ln7"/></StgValue>
</operation>

<operation id="16" st_id="2" stage="1" lat="1">
<core>NULL</core>
<MemPortIdVec></MemPortIdVec>
<condition id="-1">
<or_exp><and_exp><literal name="icmp_ln6" val="0"/>
</and_exp></or_exp>
</condition>

<Node id="14" bw="10" op_0_bw="32" op_1_bw="64" op_2_bw="64">
<![CDATA[
:3  %array_addr = getelementptr [1024 x i32]* %array_r, i64 0, i64 %zext_ln7

]]></Node>
<StgValue><ssdm name="array_addr"/></StgValue>
</operation>

<operation id="17" st_id="2" stage="2" lat="2">
<core>RAM</core>
<MemPortIdVec>0 </MemPortIdVec>
<condition id="-1">
<or_exp><and_exp><literal name="icmp_ln6" val="0"/>
</and_exp></or_exp>
</condition>

<Node id="15" bw="32" op_0_bw="10">
<![CDATA[
:4  %array_load = load i32* %array_addr, align 4

]]></Node>
<StgValue><ssdm name="array_load"/></StgValue>
</operation>

<operation id="18" st_id="2" stage="1" lat="1">
<core>NULL</core>
<MemPortIdVec></MemPortIdVec>
<condition id="-1">
<or_exp><and_exp><literal name="icmp_ln6" val="1"/>
</and_exp></or_exp>
</condition>

<Node id="32" bw="0">
<![CDATA[
:0  ret void

]]></Node>
<StgValue><ssdm name="ret_ln8"/></StgValue>
</operation>
</state>

<state id="3" st_id="3">

<operation id="19" st_id="3" stage="1" lat="2">
<core>RAM</core>
<MemPortIdVec>0 </MemPortIdVec>
<condition id="-1">
<or_exp><and_exp></and_exp></or_exp>
</condition>

<Node id="15" bw="32" op_0_bw="10">
<![CDATA[
:4  %array_load = load i32* %array_addr, align 4

]]></Node>
<StgValue><ssdm name="array_load"/></StgValue>
</operation>

<operation id="20" st_id="3" stage="1" lat="1">
<core>AddSub</core>
<MemPortIdVec></MemPortIdVec>
<condition id="-1">
<or_exp><and_exp></and_exp></or_exp>
</condition>

<Node id="16" bw="11" op_0_bw="11" op_1_bw="11">
<![CDATA[
:5  %add_ln7_1 = add i11 %i_0, -2

]]></Node>
<StgValue><ssdm name="add_ln7_1"/></StgValue>
</operation>

<operation id="21" st_id="3" stage="1" lat="1">
<core>NULL</core>
<MemPortIdVec></MemPortIdVec>
<condition id="-1">
<or_exp><and_exp></and_exp></or_exp>
</condition>

<Node id="17" bw="64" op_0_bw="11">
<![CDATA[
:6  %zext_ln7_1 = zext i11 %add_ln7_1 to i64

]]></Node>
<StgValue><ssdm name="zext_ln7_1"/></StgValue>
</operation>

<operation id="22" st_id="3" stage="1" lat="1">
<core>NULL</core>
<MemPortIdVec></MemPortIdVec>
<condition id="-1">
<or_exp><and_exp></and_exp></or_exp>
</condition>

<Node id="18" bw="10" op_0_bw="32" op_1_bw="64" op_2_bw="64">
<![CDATA[
:7  %array_addr_1 = getelementptr [1024 x i32]* %array_r, i64 0, i64 %zext_ln7_1

]]></Node>
<StgValue><ssdm name="array_addr_1"/></StgValue>
</operation>

<operation id="23" st_id="3" stage="2" lat="2">
<core>RAM</core>
<MemPortIdVec>0 </MemPortIdVec>
<condition id="-1">
<or_exp><and_exp></and_exp></or_exp>
</condition>

<Node id="19" bw="32" op_0_bw="10">
<![CDATA[
:8  %array_load_1 = load i32* %array_addr_1, align 4

]]></Node>
<StgValue><ssdm name="array_load_1"/></StgValue>
</operation>

<operation id="24" st_id="3" stage="1" lat="1">
<core>AddSub</core>
<MemPortIdVec></MemPortIdVec>
<condition id="-1">
<or_exp><and_exp></and_exp></or_exp>
</condition>

<Node id="20" bw="11" op_0_bw="11" op_1_bw="11">
<![CDATA[
:9  %add_ln7_2 = add i11 %i_0, -3

]]></Node>
<StgValue><ssdm name="add_ln7_2"/></StgValue>
</operation>

<operation id="25" st_id="3" stage="1" lat="1">
<core>NULL</core>
<MemPortIdVec></MemPortIdVec>
<condition id="-1">
<or_exp><and_exp></and_exp></or_exp>
</condition>

<Node id="21" bw="64" op_0_bw="11">
<![CDATA[
:10  %zext_ln7_2 = zext i11 %add_ln7_2 to i64

]]></Node>
<StgValue><ssdm name="zext_ln7_2"/></StgValue>
</operation>

<operation id="26" st_id="3" stage="1" lat="1">
<core>NULL</core>
<MemPortIdVec></MemPortIdVec>
<condition id="-1">
<or_exp><and_exp></and_exp></or_exp>
</condition>

<Node id="22" bw="10" op_0_bw="32" op_1_bw="64" op_2_bw="64">
<![CDATA[
:11  %array_addr_2 = getelementptr [1024 x i32]* %array_r, i64 0, i64 %zext_ln7_2

]]></Node>
<StgValue><ssdm name="array_addr_2"/></StgValue>
</operation>

<operation id="27" st_id="3" stage="2" lat="2">
<core>RAM</core>
<MemPortIdVec>1 </MemPortIdVec>
<condition id="-1">
<or_exp><and_exp></and_exp></or_exp>
</condition>

<Node id="23" bw="32" op_0_bw="10">
<![CDATA[
:12  %array_load_2 = load i32* %array_addr_2, align 4

]]></Node>
<StgValue><ssdm name="array_load_2"/></StgValue>
</operation>
</state>

<state id="4" st_id="4">

<operation id="28" st_id="4" stage="1" lat="2">
<core>RAM</core>
<MemPortIdVec>0 </MemPortIdVec>
<condition id="-1">
<or_exp><and_exp></and_exp></or_exp>
</condition>

<Node id="19" bw="32" op_0_bw="10">
<![CDATA[
:8  %array_load_1 = load i32* %array_addr_1, align 4

]]></Node>
<StgValue><ssdm name="array_load_1"/></StgValue>
</operation>

<operation id="29" st_id="4" stage="1" lat="2">
<core>RAM</core>
<MemPortIdVec>1 </MemPortIdVec>
<condition id="-1">
<or_exp><and_exp></and_exp></or_exp>
</condition>

<Node id="23" bw="32" op_0_bw="10">
<![CDATA[
:12  %array_load_2 = load i32* %array_addr_2, align 4

]]></Node>
<StgValue><ssdm name="array_load_2"/></StgValue>
</operation>
</state>

<state id="5" st_id="5">

<operation id="30" st_id="5" stage="1" lat="1">
<core>Mul</core>
<MemPortIdVec></MemPortIdVec>
<condition id="-1">
<or_exp><and_exp></and_exp></or_exp>
</condition>

<Node id="24" bw="32" op_0_bw="32" op_1_bw="32">
<![CDATA[
:13  %mul_ln7 = mul nsw i32 %array_load_1, %array_load_2

]]></Node>
<StgValue><ssdm name="mul_ln7"/></StgValue>
</operation>

<operation id="31" st_id="5" stage="1" lat="1">
<core>AddSub</core>
<MemPortIdVec></MemPortIdVec>
<condition id="-1">
<or_exp><and_exp></and_exp></or_exp>
</condition>

<Node id="25" bw="32" op_0_bw="32" op_1_bw="32">
<![CDATA[
:14  %add_ln7_3 = add nsw i32 %array_load, %mul_ln7

]]></Node>
<StgValue><ssdm name="add_ln7_3"/></StgValue>
</operation>
</state>

<state id="6" st_id="6">

<operation id="32" st_id="6" stage="1" lat="1">
<core>NULL</core>
<MemPortIdVec></MemPortIdVec>
<condition id="-1">
<or_exp><and_exp></and_exp></or_exp>
</condition>

<Node id="11" bw="0" op_0_bw="0" op_1_bw="0">
<![CDATA[
:0  call void (...)* @_ssdm_op_SpecLoopName([5 x i8]* @p_str) nounwind

]]></Node>
<StgValue><ssdm name="specloopname_ln7"/></StgValue>
</operation>

<operation id="33" st_id="6" stage="1" lat="1">
<core>NULL</core>
<MemPortIdVec></MemPortIdVec>
<condition id="-1">
<or_exp><and_exp></and_exp></or_exp>
</condition>

<Node id="26" bw="64" op_0_bw="11">
<![CDATA[
:15  %zext_ln7_3 = zext i11 %i_0 to i64

]]></Node>
<StgValue><ssdm name="zext_ln7_3"/></StgValue>
</operation>

<operation id="34" st_id="6" stage="1" lat="1">
<core>NULL</core>
<MemPortIdVec></MemPortIdVec>
<condition id="-1">
<or_exp><and_exp></and_exp></or_exp>
</condition>

<Node id="27" bw="10" op_0_bw="32" op_1_bw="64" op_2_bw="64">
<![CDATA[
:16  %array_addr_3 = getelementptr [1024 x i32]* %array_r, i64 0, i64 %zext_ln7_3

]]></Node>
<StgValue><ssdm name="array_addr_3"/></StgValue>
</operation>

<operation id="35" st_id="6" stage="1" lat="1">
<core>RAM</core>
<MemPortIdVec>1 </MemPortIdVec>
<condition id="-1">
<or_exp><and_exp></and_exp></or_exp>
</condition>

<Node id="28" bw="0" op_0_bw="32" op_1_bw="10">
<![CDATA[
:17  store i32 %add_ln7_3, i32* %array_addr_3, align 4

]]></Node>
<StgValue><ssdm name="store_ln7"/></StgValue>
</operation>

<operation id="36" st_id="6" stage="1" lat="1">
<core>AddSub</core>
<MemPortIdVec></MemPortIdVec>
<condition id="-1">
<or_exp><and_exp></and_exp></or_exp>
</condition>

<Node id="29" bw="11" op_0_bw="11" op_1_bw="11">
<![CDATA[
:18  %i = add i11 %i_0, 1

]]></Node>
<StgValue><ssdm name="i"/></StgValue>
</operation>

<operation id="37" st_id="6" stage="1" lat="1">
<core>NULL</core>
<MemPortIdVec></MemPortIdVec>
<condition id="-1">
<or_exp><and_exp></and_exp></or_exp>
</condition>

<Node id="30" bw="0" op_0_bw="0">
<![CDATA[
:19  br label %1

]]></Node>
<StgValue><ssdm name="br_ln6"/></StgValue>
</operation>
</state>
</state_list>


<ports>
<port id="45" name="array_r" dir="2" iftype="1">
<core>RAM</core><StgValue><ssdm name="array_r"/><MemPortTyVec>1 2 </MemPortTyVec>
</StgValue>
</port>
</ports>


<dataflows>
<dataflow id="47" from="_ssdm_op_SpecBitsMap" to="specbitsmap_ln0" fromId="46" toId="7">
</dataflow>
<dataflow id="48" from="array_r" to="specbitsmap_ln0" fromId="45" toId="7">
</dataflow>
<dataflow id="50" from="_ssdm_op_SpecTopModule" to="spectopmodule_ln0" fromId="49" toId="8">
</dataflow>
<dataflow id="52" from="kernel2_str" to="spectopmodule_ln0" fromId="51" toId="8">
</dataflow>
<dataflow id="54" from="StgValue_53" to="i_0" fromId="53" toId="10">
<condition id="-1">
<or_exp><and_exp></and_exp></or_exp>
</condition>
</dataflow>
<dataflow id="55" from="br_ln6" to="i_0" fromId="9" toId="10">
</dataflow>
<dataflow id="56" from="i" to="i_0" fromId="36" toId="10">
<BackEdge/>
<condition id="-1">
<or_exp><and_exp></and_exp></or_exp>
</condition>
</dataflow>
<dataflow id="57" from="br_ln6" to="i_0" fromId="37" toId="10">
<BackEdge/>
</dataflow>
<dataflow id="58" from="i_0" to="icmp_ln6" fromId="10" toId="11">
</dataflow>
<dataflow id="60" from="StgValue_59" to="icmp_ln6" fromId="59" toId="11">
</dataflow>
<dataflow id="62" from="_ssdm_op_SpecLoopTripCount" to="empty" fromId="61" toId="12">
</dataflow>
<dataflow id="64" from="StgValue_63" to="empty" fromId="63" toId="12">
</dataflow>
<dataflow id="65" from="StgValue_63" to="empty" fromId="63" toId="12">
</dataflow>
<dataflow id="66" from="StgValue_63" to="empty" fromId="63" toId="12">
</dataflow>
<dataflow id="67" from="icmp_ln6" to="br_ln6" fromId="11" toId="13">
</dataflow>
<dataflow id="68" from="i_0" to="add_ln7" fromId="10" toId="14">
</dataflow>
<dataflow id="70" from="StgValue_69" to="add_ln7" fromId="69" toId="14">
</dataflow>
<dataflow id="71" from="add_ln7" to="zext_ln7" fromId="14" toId="15">
</dataflow>
<dataflow id="72" from="array_r" to="array_addr" fromId="45" toId="16">
</dataflow>
<dataflow id="74" from="StgValue_73" to="array_addr" fromId="73" toId="16">
</dataflow>
<dataflow id="75" from="zext_ln7" to="array_addr" fromId="15" toId="16">
</dataflow>
<dataflow id="76" from="array_addr" to="array_load" fromId="16" toId="17">
</dataflow>
<dataflow id="77" from="array_addr" to="array_load" fromId="16" toId="19">
</dataflow>
<dataflow id="78" from="i_0" to="add_ln7_1" fromId="10" toId="20">
</dataflow>
<dataflow id="80" from="StgValue_79" to="add_ln7_1" fromId="79" toId="20">
</dataflow>
<dataflow id="81" from="add_ln7_1" to="zext_ln7_1" fromId="20" toId="21">
</dataflow>
<dataflow id="82" from="array_r" to="array_addr_1" fromId="45" toId="22">
</dataflow>
<dataflow id="83" from="StgValue_73" to="array_addr_1" fromId="73" toId="22">
</dataflow>
<dataflow id="84" from="zext_ln7_1" to="array_addr_1" fromId="21" toId="22">
</dataflow>
<dataflow id="85" from="array_addr_1" to="array_load_1" fromId="22" toId="23">
</dataflow>
<dataflow id="86" from="i_0" to="add_ln7_2" fromId="10" toId="24">
</dataflow>
<dataflow id="88" from="StgValue_87" to="add_ln7_2" fromId="87" toId="24">
</dataflow>
<dataflow id="89" from="add_ln7_2" to="zext_ln7_2" fromId="24" toId="25">
</dataflow>
<dataflow id="90" from="array_r" to="array_addr_2" fromId="45" toId="26">
</dataflow>
<dataflow id="91" from="StgValue_73" to="array_addr_2" fromId="73" toId="26">
</dataflow>
<dataflow id="92" from="zext_ln7_2" to="array_addr_2" fromId="25" toId="26">
</dataflow>
<dataflow id="93" from="array_addr_2" to="array_load_2" fromId="26" toId="27">
</dataflow>
<dataflow id="94" from="array_addr_1" to="array_load_1" fromId="22" toId="28">
</dataflow>
<dataflow id="95" from="array_addr_2" to="array_load_2" fromId="26" toId="29">
</dataflow>
<dataflow id="96" from="array_load_1" to="mul_ln7" fromId="28" toId="30">
</dataflow>
<dataflow id="97" from="array_load_2" to="mul_ln7" fromId="29" toId="30">
</dataflow>
<dataflow id="98" from="array_load" to="add_ln7_3" fromId="19" toId="31">
</dataflow>
<dataflow id="99" from="mul_ln7" to="add_ln7_3" fromId="30" toId="31">
</dataflow>
<dataflow id="101" from="_ssdm_op_SpecLoopName" to="specloopname_ln7" fromId="100" toId="32">
</dataflow>
<dataflow id="103" from="p_str" to="specloopname_ln7" fromId="102" toId="32">
</dataflow>
<dataflow id="104" from="i_0" to="zext_ln7_3" fromId="10" toId="33">
</dataflow>
<dataflow id="105" from="array_r" to="array_addr_3" fromId="45" toId="34">
</dataflow>
<dataflow id="106" from="StgValue_73" to="array_addr_3" fromId="73" toId="34">
</dataflow>
<dataflow id="107" from="zext_ln7_3" to="array_addr_3" fromId="33" toId="34">
</dataflow>
<dataflow id="108" from="add_ln7_3" to="store_ln7" fromId="31" toId="35">
</dataflow>
<dataflow id="109" from="array_addr_3" to="store_ln7" fromId="34" toId="35">
</dataflow>
<dataflow id="110" from="i_0" to="i" fromId="10" toId="36">
</dataflow>
<dataflow id="112" from="StgValue_111" to="i" fromId="111" toId="36">
</dataflow>
<dataflow id="113" from="icmp_ln6" to="StgValue_2" fromId="11" toId="2">
</dataflow>
</dataflows>


</stg>
