{
  "Top": "kernel5",
  "RtlTop": "kernel5",
  "RtlPrefix": "",
  "SourceLanguage": "cpp",
  "ResetStyle": "control",
  "GenerateBdFiles": "0",
  "HostMachineBits": "64",
  "Target": {
    "Family": "kintex7",
    "Device": "xc7k160t",
    "Package": "-fbg484",
    "Speed": "-1"
  },
  "HlsSolution": {
    "DirectiveTcl": [
      "set_directive_pipeline kernel5\/loop ",
      "set_directive_pipeline kernel5\/fill ",
      "set_directive_unroll kernel5\/shift ",
      "set_directive_array_partition kernel5 ",
      "set_directive_array_partition kernel5 ",
      "set_directive_unroll kernel5\/newsh ",
      "set_directive_unroll kernel5\/shift1 ",
      "set_directive_unroll kernel5\/shift2 ",
      "set_directive_dependence kernel5\/loop "
    ],
    "DirectiveInfo": [
      "pipeline kernel5\/loop {} {}",
      "pipeline kernel5\/fill {} {}",
      "unroll kernel5\/shift {} {}",
      "array_partition kernel5 {{partition positionBooleanCmd} {variable positionBooleanTextRequiredsum} {complete positionBoolean0type} {dim 1}} {}",
      "array_partition kernel5 {{partition positionBooleanCmd} {variable positionBooleanTextRequiredflag} {complete positionBoolean0type} {dim 1}} {}",
      "unroll kernel5\/newsh {} {}",
      "unroll kernel5\/shift1 {} {}",
      "unroll kernel5\/shift2 {} {}",
      "dependence kernel5\/loop {{variable flag} {intra positionBoolean0type} {false positionBoolean0dependent}} {}"
    ]
  },
  "Args": {
    "bound": {
      "index": "0",
      "type": {
        "dataType": "float",
        "dataWidth": "32",
        "interfaceRef": "bound"
      }
    },
    "a": {
      "index": "1",
      "type": {
        "kinds": ["array"],
        "dataType": "float",
        "dataWidth": "32",
        "arraySizes": ["1024"],
        "multiInterfaceRef": [
          "a_address0",
          "a_q0"
        ]
      }
    },
    "b": {
      "index": "2",
      "type": {
        "kinds": ["array"],
        "dataType": "float",
        "dataWidth": "32",
        "arraySizes": ["1024"],
        "multiInterfaceRef": [
          "b_address0",
          "b_q0"
        ]
      }
    }
  },
  "Return": {
    "dataType": "float",
    "dataWidth": "32",
    "interfaceRef": "ap_return"
  },
  "ClockInfo": {
    "ClockName": "ap_clk",
    "ClockPeriod": "10",
    "IsCombLogic": "0",
    "II": "x",
    "Latency": "24",
    "Uncertainty": "1.25"
  },
  "Xdc": {"OocClocks": ["create_clock -name ap_clk -period 10.000 [get_ports ap_clk]"]},
  "Ipx": {
    "Vendor": "xilinx.com",
    "Library": "hls",
    "Name": "kernel5",
    "Version": "1.0",
    "DisplayName": "Kernel5",
    "Revision": "",
    "Description": "An IP generated by Vivado HLS",
    "Taxonomy": "\/VIVADO_HLS_IP",
    "AutoFamilySupport": ""
  },
  "Files": {
    "CSource": ["..\/..\/kernel5.cpp"],
    "Vhdl": [
      "impl\/vhdl\/kernel5_fadd_32nsbkb.vhd",
      "impl\/vhdl\/kernel5_fcmp_32nscud.vhd",
      "impl\/vhdl\/kernel5.vhd"
    ],
    "Verilog": [
      "impl\/verilog\/kernel5_fadd_32nsbkb.v",
      "impl\/verilog\/kernel5_fcmp_32nscud.v",
      "impl\/verilog\/kernel5.v"
    ],
    "Misc": ["impl\/misc\/logo.png"],
    "Subcore": [
      "impl\/misc\/kernel5_ap_fadd_2_full_dsp_32_ip.tcl",
      "impl\/misc\/kernel5_ap_fcmp_0_no_dsp_32_ip.tcl"
    ],
    "DesignXml": "C:\/Users\/Kushagra\/Desktop\/EPFL_Sem2\/Advanced_Computer_Architecture\/Homeworks\/HW3\/Git-repo\/hw3-kernels-optimized\/kernel5\/prj_kernel5\/optimized\/.autopilot\/db\/kernel5.design.xml",
    "DebugDir": "C:\/Users\/Kushagra\/Desktop\/EPFL_Sem2\/Advanced_Computer_Architecture\/Homeworks\/HW3\/Git-repo\/hw3-kernels-optimized\/kernel5\/prj_kernel5\/optimized\/.debug",
    "ProtoInst": ["C:\/Users\/Kushagra\/Desktop\/EPFL_Sem2\/Advanced_Computer_Architecture\/Homeworks\/HW3\/Git-repo\/hw3-kernels-optimized\/kernel5\/prj_kernel5\/optimized\/.debug\/kernel5.protoinst"]
  },
  "SubcoreInfo": {
    "HasXpmMemory": false,
    "HasClockedDsp": false,
    "IP": [
      {
        "name": "kernel5_ap_fadd_2_full_dsp_32",
        "vlnv": "xilinx.com:ip:floating_point:7.1",
        "params": "CONFIG.a_precision_type Single CONFIG.a_tuser_width 1 CONFIG.add_sub_value Add CONFIG.b_tuser_width 1 CONFIG.c_a_exponent_width 8 CONFIG.c_a_fraction_width 24 CONFIG.c_compare_operation Programmable CONFIG.c_has_divide_by_zero false CONFIG.c_has_invalid_op false CONFIG.c_has_overflow false CONFIG.c_has_underflow false CONFIG.c_latency 2 CONFIG.c_mult_usage Full_Usage CONFIG.c_optimization Speed_Optimized CONFIG.c_rate 1 CONFIG.c_result_exponent_width 8 CONFIG.c_result_fraction_width 24 CONFIG.component_name kernel5_ap_fadd_2_full_dsp_32 CONFIG.flow_control NonBlocking CONFIG.has_a_tlast false CONFIG.has_a_tuser false CONFIG.has_aclken true CONFIG.has_aresetn false CONFIG.has_b_tlast false CONFIG.has_b_tuser false CONFIG.has_operation_tlast false CONFIG.has_operation_tuser false CONFIG.has_result_tready false CONFIG.maximum_latency false CONFIG.operation_tuser_width 1 CONFIG.operation_type Add_Subtract CONFIG.result_precision_type Single CONFIG.result_tlast_behv Null"
      },
      {
        "name": "kernel5_ap_fcmp_0_no_dsp_32",
        "vlnv": "xilinx.com:ip:floating_point:7.1",
        "params": "CONFIG.a_precision_type Single CONFIG.a_tuser_width 1 CONFIG.add_sub_value Both CONFIG.b_tuser_width 1 CONFIG.c_a_exponent_width 8 CONFIG.c_a_fraction_width 24 CONFIG.c_compare_operation Programmable CONFIG.c_has_divide_by_zero false CONFIG.c_has_invalid_op false CONFIG.c_has_overflow false CONFIG.c_has_underflow false CONFIG.c_latency 0 CONFIG.c_mult_usage No_Usage CONFIG.c_optimization Speed_Optimized CONFIG.c_rate 1 CONFIG.c_result_exponent_width 1 CONFIG.c_result_fraction_width 0 CONFIG.component_name kernel5_ap_fcmp_0_no_dsp_32 CONFIG.flow_control NonBlocking CONFIG.has_a_tlast false CONFIG.has_a_tuser false CONFIG.has_aclken false CONFIG.has_aresetn false CONFIG.has_b_tlast false CONFIG.has_b_tuser false CONFIG.has_operation_tlast false CONFIG.has_operation_tuser false CONFIG.has_result_tready false CONFIG.maximum_latency false CONFIG.operation_tuser_width 1 CONFIG.operation_type Compare CONFIG.result_precision_type Custom CONFIG.result_tlast_behv Null"
      }
    ]
  },
  "Interfaces": {
    "a_address0": {
      "type": "data",
      "dir": "out",
      "width": "10",
      "ctype": {"DATA": {
          "Type": "null",
          "Width": "10"
        }},
      "bundle_name": "a",
      "bundle_role": "address0"
    },
    "a_q0": {
      "type": "data",
      "dir": "in",
      "width": "32",
      "ctype": {"DATA": {
          "Type": "real float",
          "Width": "32"
        }},
      "bundle_name": "a",
      "bundle_role": "q0"
    },
    "ap_clk": {
      "type": "clock",
      "ctype": {"CLK": {"Type": "bool"}},
      "bundle_name": "ap_clk",
      "bundle_role": "default",
      "reset": "ap_rst"
    },
    "ap_ctrl": {
      "type": "ap_ctrl",
      "ctrl_ports": "ap_start ap_done ap_idle ap_ready",
      "ctype": {
        "start": {"Type": "bool"},
        "done": {"Type": "bool"},
        "idle": {"Type": "bool"},
        "ready": {"Type": "bool"}
      }
    },
    "ap_return": {
      "type": "data",
      "dir": "out",
      "width": "32",
      "ctype": {"DATA": {
          "Type": "real float",
          "Width": "32"
        }},
      "bundle_name": "ap_return",
      "bundle_role": "default"
    },
    "ap_rst": {
      "type": "reset",
      "polarity": "ACTIVE_HIGH",
      "ctype": {"RST": {"Type": "bool"}},
      "bundle_name": "ap_rst",
      "bundle_role": "default"
    },
    "b_address0": {
      "type": "data",
      "dir": "out",
      "width": "10",
      "ctype": {"DATA": {
          "Type": "null",
          "Width": "10"
        }},
      "bundle_name": "b",
      "bundle_role": "address0"
    },
    "b_q0": {
      "type": "data",
      "dir": "in",
      "width": "32",
      "ctype": {"DATA": {
          "Type": "real float",
          "Width": "32"
        }},
      "bundle_name": "b",
      "bundle_role": "q0"
    },
    "bound": {
      "type": "data",
      "dir": "in",
      "width": "32",
      "ctype": {"DATA": {
          "Type": "real float",
          "Width": "32"
        }},
      "bundle_name": "bound",
      "bundle_role": "default"
    }
  },
  "RtlPorts": {
    "ap_clk": {
      "dir": "in",
      "width": "1"
    },
    "ap_rst": {
      "dir": "in",
      "width": "1"
    },
    "ap_start": {
      "dir": "in",
      "width": "1"
    },
    "ap_done": {
      "dir": "out",
      "width": "1"
    },
    "ap_idle": {
      "dir": "out",
      "width": "1"
    },
    "ap_ready": {
      "dir": "out",
      "width": "1"
    },
    "ap_return": {
      "dir": "out",
      "width": "32"
    },
    "bound": {
      "dir": "in",
      "width": "32"
    },
    "a_address0": {
      "dir": "out",
      "width": "10"
    },
    "a_ce0": {
      "dir": "out",
      "width": "1"
    },
    "a_q0": {
      "dir": "in",
      "width": "32"
    },
    "b_address0": {
      "dir": "out",
      "width": "10"
    },
    "b_ce0": {
      "dir": "out",
      "width": "1"
    },
    "b_q0": {
      "dir": "in",
      "width": "32"
    }
  },
  "ModuleInfo": {
    "Hierarchy": {"ModuleName": "kernel5"},
    "Info": {"kernel5": {
        "FunctionProtocol": "ap_ctrl_hs",
        "isTaskLevelControl": "1",
        "isPipelined": "0",
        "isCombinational": "0",
        "isOneStateSeq": "0"
      }},
    "Metrics": {"kernel5": {
        "Latency": {
          "LatencyBest": "24",
          "LatencyAvg": "531",
          "LatencyWorst": "1039",
          "PipelineIIMin": "25",
          "PipelineIIMax": "1040",
          "PipelineII": "25 ~ 1040",
          "PipelineDepth": "",
          "PipelineType": "none"
        },
        "Timing": {
          "Target": "10.00",
          "Uncertainty": "1.25",
          "Estimate": "7.717"
        },
        "Loops": [
          {
            "Name": "fill",
            "TripCount": "8",
            "Latency": "14",
            "PipelineII": "1",
            "PipelineDepth": "8"
          },
          {
            "Name": "loop",
            "TripCount": "",
            "LatencyMin": "6",
            "LatencyMax": "1021",
            "Latency": "6 ~ 1021",
            "PipelineII": "1",
            "PipelineDepth": "7"
          }
        ],
        "Area": {
          "BRAM_18K": "0",
          "DSP48E": "2",
          "FF": "1499",
          "LUT": "1008",
          "URAM": "0"
        }
      }}
  },
  "Sdx": {
    "Target": "none",
    "ProfileOption": "0",
    "ProfileType": "none",
    "XO": "",
    "KernelName": "kernel5",
    "EnableXoSwEmu": "1"
  },
  "GenData": {
    "DataVersion": "0.2",
    "Time": "2021-05-10 12:36:43 +0200",
    "ToolName": "vivado_hls",
    "ToolVersion": "2019.2"
  }
}
