<annotationInfo>
<annotationInfo>
<item  id="10" filename="kernel2.cpp" linenumber="6" name="accum" contextFuncName="kernel2" moduleName="kernel2" rtlName="accum_fu_133_p2" latency="0" BRAM="-1" DSP="3" FF="0" LUT="21" fileDirectory="C:\Users\Kushagra\Desktop\EPFL_Sem2\Advanced_Computer_Architecture\Git\HLS\hw3-kernels-optimized\kernel2"><\/item>
<item  id="16" filename="kernel2.cpp" linenumber="9" name="icmp_ln9" contextFuncName="kernel2" moduleName="kernel2" rtlName="icmp_ln9_fu_138_p2" latency="0" BRAM="-1" DSP="-1" FF="0" LUT="13" fileDirectory="C:\Users\Kushagra\Desktop\EPFL_Sem2\Advanced_Computer_Architecture\Git\HLS\hw3-kernels-optimized\kernel2"><\/item>
<item  id="23" filename="kernel2.cpp" linenumber="11" name="prev_1" contextFuncName="kernel2" moduleName="kernel2" rtlName="prev_1_fu_161_p2" latency="0" BRAM="-1" DSP="-1" FF="-1" LUT="-1" fileDirectory="C:\Users\Kushagra\Desktop\EPFL_Sem2\Advanced_Computer_Architecture\Git\HLS\hw3-kernels-optimized\kernel2"><\/item>
<item  id="24" filename="kernel2.cpp" linenumber="11" name="zext_ln11" contextFuncName="kernel2" moduleName="kernel2" rtlName="zext_ln11_fu_167_p1" latency="0" BRAM="-1" DSP="-1" FF="-1" LUT="-1" fileDirectory="C:\Users\Kushagra\Desktop\EPFL_Sem2\Advanced_Computer_Architecture\Git\HLS\hw3-kernels-optimized\kernel2"><\/item>
<item  id="27" filename="kernel2.cpp" linenumber="12" name="add_ln12" contextFuncName="kernel2" moduleName="kernel2" rtlName="add_ln12_fu_144_p2" latency="0" BRAM="-1" DSP="-1" FF="0" LUT="18" fileDirectory="C:\Users\Kushagra\Desktop\EPFL_Sem2\Advanced_Computer_Architecture\Git\HLS\hw3-kernels-optimized\kernel2"><\/item>
<item  id="28" filename="kernel2.cpp" linenumber="12" name="zext_ln12" contextFuncName="kernel2" moduleName="kernel2" rtlName="zext_ln12_fu_150_p1" latency="0" BRAM="-1" DSP="-1" FF="-1" LUT="-1" fileDirectory="C:\Users\Kushagra\Desktop\EPFL_Sem2\Advanced_Computer_Architecture\Git\HLS\hw3-kernels-optimized\kernel2"><\/item>
<item  id="31" filename="kernel2.cpp" linenumber="12" name="mul_ln12" contextFuncName="kernel2" moduleName="kernel2" rtlName="mul_ln12_fu_172_p2" latency="0" BRAM="-1" DSP="3" FF="0" LUT="21" fileDirectory="C:\Users\Kushagra\Desktop\EPFL_Sem2\Advanced_Computer_Architecture\Git\HLS\hw3-kernels-optimized\kernel2"><\/item>
<item  id="32" filename="kernel2.cpp" linenumber="12" name="accum_1" contextFuncName="kernel2" moduleName="kernel2" rtlName="accum_1_fu_178_p2" latency="0" BRAM="-1" DSP="-1" FF="0" LUT="39" fileDirectory="C:\Users\Kushagra\Desktop\EPFL_Sem2\Advanced_Computer_Architecture\Git\HLS\hw3-kernels-optimized\kernel2"><\/item>
<item  id="34" filename="kernel2.cpp" linenumber="9" name="i" contextFuncName="kernel2" moduleName="kernel2" rtlName="i_fu_155_p2" latency="0" BRAM="-1" DSP="-1" FF="0" LUT="18" fileDirectory="C:\Users\Kushagra\Desktop\EPFL_Sem2\Advanced_Computer_Architecture\Git\HLS\hw3-kernels-optimized\kernel2"><\/item>
<\/annotationInfo>
</annotationInfo>
