<?xml version="1.0" encoding="UTF-8"?>
<vivadoHLSLog:LogRoot xmlns:vivadoHLSLog="www.xilinx.com/vivadoHLSLog">
  <errorLogs>
    <logs>
      <synLog/>
      <simLog/>
      <mgLog/>
      <packageLog/>
      <csimLog/>
    </logs>
  </errorLogs>
  <warningLogs>
    <logs>
      <synLog>
        <logs message="WARNING: [SCHED 204-68] The II Violation in module 'kernel3' (Loop: loop): Unable to enforce a carried dependence constraint (II = 6, distance = 1, offset = 1)&#xD;&#xA;   between 'store' operation ('hist_addr_write_ln6', kernel3.cpp:6) of variable 'tmp', kernel3.cpp:6 on array 'hist' and 'load' operation ('hist_load', kernel3.cpp:6) on array 'hist'." projectName="prj_kernel3" solutionName="optimized" date="2021-05-08T23:17:36.481+0200" type="Warning"/>
        <logs message="WARNING: [SCHED 204-68] The II Violation in module 'kernel3' (Loop: loop): Unable to enforce a carried dependence constraint (II = 5, distance = 1, offset = 1)&#xD;&#xA;   between 'store' operation ('hist_addr_write_ln6', kernel3.cpp:6) of variable 'tmp', kernel3.cpp:6 on array 'hist' and 'load' operation ('hist_load', kernel3.cpp:6) on array 'hist'." projectName="prj_kernel3" solutionName="optimized" date="2021-05-08T23:17:36.465+0200" type="Warning"/>
        <logs message="WARNING: [SCHED 204-68] The II Violation in module 'kernel3' (Loop: loop): Unable to enforce a carried dependence constraint (II = 4, distance = 1, offset = 1)&#xD;&#xA;   between 'store' operation ('hist_addr_write_ln6', kernel3.cpp:6) of variable 'tmp', kernel3.cpp:6 on array 'hist' and 'load' operation ('hist_load', kernel3.cpp:6) on array 'hist'." projectName="prj_kernel3" solutionName="optimized" date="2021-05-08T23:17:36.450+0200" type="Warning"/>
        <logs message="WARNING: [SCHED 204-68] The II Violation in module 'kernel3' (Loop: loop): Unable to enforce a carried dependence constraint (II = 3, distance = 1, offset = 1)&#xD;&#xA;   between 'store' operation ('hist_addr_write_ln6', kernel3.cpp:6) of variable 'tmp', kernel3.cpp:6 on array 'hist' and 'load' operation ('hist_load', kernel3.cpp:6) on array 'hist'." projectName="prj_kernel3" solutionName="optimized" date="2021-05-08T23:17:36.434+0200" type="Warning"/>
        <logs message="WARNING: [SCHED 204-68] The II Violation in module 'kernel3' (Loop: loop): Unable to enforce a carried dependence constraint (II = 2, distance = 1, offset = 1)&#xD;&#xA;   between 'store' operation ('hist_addr_write_ln6', kernel3.cpp:6) of variable 'tmp', kernel3.cpp:6 on array 'hist' and 'load' operation ('hist_load', kernel3.cpp:6) on array 'hist'." projectName="prj_kernel3" solutionName="optimized" date="2021-05-08T23:17:36.419+0200" type="Warning"/>
        <logs message="WARNING: [SCHED 204-68] The II Violation in module 'kernel3' (Loop: loop): Unable to enforce a carried dependence constraint (II = 1, distance = 1, offset = 1)&#xD;&#xA;   between 'store' operation ('hist_addr_write_ln6', kernel3.cpp:6) of variable 'tmp', kernel3.cpp:6 on array 'hist' and 'load' operation ('hist_load', kernel3.cpp:6) on array 'hist'." projectName="prj_kernel3" solutionName="optimized" date="2021-05-08T23:17:36.403+0200" type="Warning"/>
      </synLog>
      <simLog/>
      <mgLog/>
      <packageLog/>
      <csimLog/>
    </logs>
  </warningLogs>
</vivadoHLSLog:LogRoot>
