<?xml version="1.0" encoding="utf-8"?>
<Messages>
	<Message severity="INFO" prefix="[SCHED 204-61]" key="SCHED_PIPELINING_STATUS_631" tag="SCHEDULE" content="Option &apos;relax_ii_for_timing&apos; is enabled, will increase II to preserve clock frequency constraints."/>
	<Message severity="INFO" prefix="[HLS 200-10]" key="HLS_10_1312" tag="" content="Analyzing design file &apos;kernel5.cpp&apos; ..."/>
	<Message severity="INFO" prefix="[HLS 200-111]" key="HLS_111_965" tag="" content="Finished Linking Time (s): cpu = 00:00:01 ; elapsed = 00:00:06 . Memory (MB): peak = 186.457 ; gain = 97.125"/>
	<Message severity="INFO" prefix="[HLS 200-111]" key="HLS_111_965" tag="" content="Finished Checking Pragmas Time (s): cpu = 00:00:01 ; elapsed = 00:00:06 . Memory (MB): peak = 186.457 ; gain = 97.125"/>
	<Message severity="INFO" prefix="[HLS 200-10]" key="HLS_10_1467" tag="" content="Starting code transformations ..."/>
	<Message severity="INFO" prefix="[HLS 200-111]" key="HLS_111_965" tag="" content="Finished Standard Transforms Time (s): cpu = 00:00:01 ; elapsed = 00:00:06 . Memory (MB): peak = 186.457 ; gain = 97.125"/>
	<Message severity="INFO" prefix="[HLS 200-10]" key="HLS_10_1472" tag="" content="Checking synthesizability ..."/>
	<Message severity="INFO" prefix="[HLS 200-111]" key="HLS_111_965" tag="" content="Finished Checking Synthesizability Time (s): cpu = 00:00:01 ; elapsed = 00:00:06 . Memory (MB): peak = 186.457 ; gain = 97.125"/>
	<Message severity="INFO" prefix="[XFORM 203-502]" key="XFORM_AUTO_UNROLL_STATUS_246" tag="" content="Unrolling all sub-loops inside loop &apos;loop&apos; (kernel5.cpp:16) in function &apos;kernel5&apos; for pipelining."/>
	<Message severity="INFO" prefix="[HLS 200-489]" key="HLS 200-489" tag="" content="Unrolling loop &apos;shift1&apos; (kernel5.cpp:21) in function &apos;kernel5&apos; completely with a factor of 7."/>
	<Message severity="INFO" prefix="[HLS 200-489]" key="HLS 200-489" tag="" content="Unrolling loop &apos;shift2&apos; (kernel5.cpp:24) in function &apos;kernel5&apos; completely with a factor of 5."/>
	<Message severity="INFO" prefix="[XFORM 203-101]" key="XFORM_PARTITION_STATUS_116" tag="" content="Partitioning array &apos;sum&apos; (kernel5.cpp:6) in dimension 1 completely."/>
	<Message severity="INFO" prefix="[XFORM 203-101]" key="XFORM_PARTITION_STATUS_116" tag="" content="Partitioning array &apos;flag&apos; (kernel5.cpp:7) in dimension 1 completely."/>
	<Message severity="INFO" prefix="[HLS 200-111]" key="HLS_111_965" tag="" content="Finished Pre-synthesis Time (s): cpu = 00:00:01 ; elapsed = 00:00:07 . Memory (MB): peak = 186.457 ; gain = 97.125"/>
	<Message severity="WARNING" prefix="[ANALYSIS 214-52]" key="ANALYSIS_USER_SET_DEP_242" tag="" content="Found false intra dependency for variable &apos;flag[4]&apos; (kernel5.cpp:7)."/>
	<Message severity="WARNING" prefix="[ANALYSIS 214-52]" key="ANALYSIS_USER_SET_DEP_242" tag="" content="Found false intra dependency for variable &apos;flag[5]&apos; (kernel5.cpp:7)."/>
	<Message severity="WARNING" prefix="[ANALYSIS 214-52]" key="ANALYSIS_USER_SET_DEP_242" tag="" content="Found false intra dependency for variable &apos;flag[0]&apos; (kernel5.cpp:7)."/>
	<Message severity="WARNING" prefix="[ANALYSIS 214-52]" key="ANALYSIS_USER_SET_DEP_242" tag="" content="Found false intra dependency for variable &apos;flag[6]&apos; (kernel5.cpp:7)."/>
	<Message severity="WARNING" prefix="[ANALYSIS 214-52]" key="ANALYSIS_USER_SET_DEP_242" tag="" content="Found false intra dependency for variable &apos;flag[1]&apos; (kernel5.cpp:7)."/>
	<Message severity="WARNING" prefix="[ANALYSIS 214-52]" key="ANALYSIS_USER_SET_DEP_242" tag="" content="Found false intra dependency for variable &apos;flag[3]&apos; (kernel5.cpp:7)."/>
	<Message severity="WARNING" prefix="[ANALYSIS 214-52]" key="ANALYSIS_USER_SET_DEP_242" tag="" content="Found false intra dependency for variable &apos;flag[2]&apos; (kernel5.cpp:7)."/>
	<Message severity="WARNING" prefix="[ANALYSIS 214-52]" key="ANALYSIS_USER_SET_DEP_242" tag="" content="Found false intra dependency for variable &apos;flag[7]&apos; (kernel5.cpp:7)."/>
	<Message severity="INFO" prefix="[HLS 200-111]" key="HLS_111_965" tag="" content="Finished Architecture Synthesis Time (s): cpu = 00:00:01 ; elapsed = 00:00:07 . Memory (MB): peak = 186.457 ; gain = 97.125"/>
	<Message severity="INFO" prefix="[HLS 200-10]" key="HLS_10_1317" tag="" content="Starting hardware synthesis ..."/>
	<Message severity="INFO" prefix="[HLS 200-10]" key="HLS_10_1385" tag="" content="Synthesizing &apos;kernel5&apos; ..."/>
	<Message severity="INFO" prefix="[HLS 200-10]" key="HLS_10_1477" tag="" content="----------------------------------------------------------------"/>
	<Message severity="INFO" prefix="[HLS 200-42]" key="HLS_42_1438" tag="" content="-- Implementing module &apos;kernel5&apos;"/>
	<Message severity="INFO" prefix="[HLS 200-10]" key="HLS_10_1478" tag="" content="----------------------------------------------------------------"/>
	<Message severity="INFO" prefix="[SCHED 204-11]" key="SCHED_SCHED_STATUS_597" tag="" content="Starting scheduling ..."/>
	<Message severity="INFO" prefix="[SCHED 204-61]" key="SCHED_PIPELINING_STATUS_41" tag="" content="Pipelining loop &apos;fill&apos;."/>
	<Message severity="INFO" prefix="[SCHED 204-61]" key="SCHED_PIPELINING_STATUS_44" tag="" content="Pipelining result : Target II = 1, Final II = 1, Depth = 8."/>
	<Message severity="INFO" prefix="[SCHED 204-61]" key="SCHED_PIPELINING_STATUS_41" tag="" content="Pipelining loop &apos;loop&apos;."/>
	<Message severity="INFO" prefix="[SCHED 204-61]" key="SCHED_PIPELINING_STATUS_44" tag="" content="Pipelining result : Target II = 1, Final II = 1, Depth = 7."/>
	<Message severity="INFO" prefix="[SCHED 204-11]" key="SCHED_SCHED_STATUS_596" tag="" content="Finished scheduling."/>
	<Message severity="INFO" prefix="[HLS 200-111]" key="HLS_111_966" tag="" content=" Elapsed time: 6.92 seconds; current allocated memory: 103.284 MB."/>
	<Message severity="INFO" prefix="[BIND 205-100]" key="BIND_100_926" tag="" content="Starting micro-architecture generation ..."/>
	<Message severity="INFO" prefix="[BIND 205-101]" key="BIND_101_698" tag="" content="Performing variable lifetime analysis."/>
	<Message severity="INFO" prefix="[BIND 205-101]" key="BIND_101_697" tag="" content="Exploring resource sharing."/>
	<Message severity="INFO" prefix="[BIND 205-101]" key="BIND_101_693" tag="" content="Binding ..."/>
	<Message severity="INFO" prefix="[BIND 205-100]" key="BIND_100_925" tag="" content="Finished micro-architecture generation."/>
	<Message severity="INFO" prefix="[HLS 200-111]" key="HLS_111_966" tag="" content=" Elapsed time: 0.101 seconds; current allocated memory: 103.793 MB."/>
	<Message severity="INFO" prefix="[HLS 200-10]" key="HLS_10_1483" tag="" content="----------------------------------------------------------------"/>
	<Message severity="INFO" prefix="[HLS 200-10]" key="HLS_10_1484" tag="" content="-- Generating RTL for module &apos;kernel5&apos;"/>
	<Message severity="INFO" prefix="[HLS 200-10]" key="HLS_10_1485" tag="" content="----------------------------------------------------------------"/>
	<Message severity="INFO" prefix="[RTGEN 206-500]" key="PREPROC_IO_COMP_CONFLICT_1950" tag="" content="Setting interface mode on port &apos;kernel5/bound&apos; to &apos;ap_none&apos;."/>
	<Message severity="INFO" prefix="[RTGEN 206-500]" key="PREPROC_IO_COMP_CONFLICT_1950" tag="" content="Setting interface mode on port &apos;kernel5/a&apos; to &apos;ap_memory&apos;."/>
	<Message severity="INFO" prefix="[RTGEN 206-500]" key="PREPROC_IO_COMP_CONFLICT_1950" tag="" content="Setting interface mode on port &apos;kernel5/b&apos; to &apos;ap_memory&apos;."/>
	<Message severity="INFO" prefix="[RTGEN 206-500]" key="PREPROC_IO_COMP_CONFLICT_1950" tag="" content="Setting interface mode on function &apos;kernel5&apos; to &apos;ap_ctrl_hs&apos;."/>
	<Message severity="INFO" prefix="[SYN 201-210]" key="SYN_210_889" tag="" content="Renamed object name &apos;kernel5_fadd_32ns_32ns_32_4_full_dsp_1&apos; to &apos;kernel5_fadd_32nsbkb&apos; due to the length limit 20"/>
	<Message severity="INFO" prefix="[SYN 201-210]" key="SYN_210_889" tag="" content="Renamed object name &apos;kernel5_fcmp_32ns_32ns_1_2_1&apos; to &apos;kernel5_fcmp_32nscud&apos; due to the length limit 20"/>
	<Message severity="INFO" prefix="[RTGEN 206-100]" key="RTGEN_100_855" tag="" content="Generating core module &apos;kernel5_fadd_32nsbkb&apos;: 1 instance(s)."/>
	<Message severity="INFO" prefix="[RTGEN 206-100]" key="RTGEN_100_855" tag="" content="Generating core module &apos;kernel5_fcmp_32nscud&apos;: 1 instance(s)."/>
	<Message severity="INFO" prefix="[RTGEN 206-100]" key="RTGEN_100_856" tag="" content="Finished creating RTL model for &apos;kernel5&apos;."/>
	<Message severity="INFO" prefix="[HLS 200-111]" key="HLS_111_966" tag="" content=" Elapsed time: 0.182 seconds; current allocated memory: 104.702 MB."/>
	<Message severity="INFO" prefix="[HLS 200-790]" key="HLS 200-790" tag="LOOP,SDX_LOOP" content="**** Loop Constraint Status: All loop constraints were satisfied."/>
	<Message severity="INFO" prefix="[HLS 200-789]" key="HLS 200-789" tag="THROUGHPUT,SDX_KERNEL" content="**** Estimated Fmax: 129.58 MHz"/>
	<Message severity="INFO" prefix="[HLS 200-111]" key="HLS_111_965" tag="" content="Finished generating all RTL models Time (s): cpu = 00:00:03 ; elapsed = 00:00:09 . Memory (MB): peak = 186.457 ; gain = 97.125"/>
	<Message severity="INFO" prefix="[VHDL 208-304]" key="VHDL_304_1066" tag="" content="Generating VHDL RTL for kernel5."/>
	<Message severity="INFO" prefix="[VLOG 209-307]" key="VLOG_307_1067" tag="" content="Generating Verilog RTL for kernel5."/>
</Messages>
