<annotationInfo>
<annotationInfo>
<item  id="26" filename="kernel5.cpp" linenumber="12" name="bitcast_ln12_1" contextFuncName="kernel5" moduleName="kernel5" rtlName="bitcast_ln12_1_fu_349_p1" latency="0" BRAM="-1" DSP="-1" FF="-1" LUT="-1" fileDirectory="C:\Users\Kushagra\Desktop\EPFL_Sem2\Advanced_Computer_Architecture\Homeworks\HW3\Git-repo\hw3-kernels-optimized\kernel5"><\/item>
<item  id="27" filename="kernel5.cpp" linenumber="12" name="trunc_ln12" contextFuncName="kernel5" moduleName="kernel5" rtlName="trunc_ln12_fu_353_p1" latency="0" BRAM="-1" DSP="-1" FF="-1" LUT="-1" fileDirectory="C:\Users\Kushagra\Desktop\EPFL_Sem2\Advanced_Computer_Architecture\Homeworks\HW3\Git-repo\hw3-kernels-optimized\kernel5"><\/item>
<item  id="28" filename="kernel5.cpp" linenumber="12" name="icmp_ln12_3" contextFuncName="kernel5" moduleName="kernel5" rtlName="icmp_ln12_3_fu_357_p2" latency="0" BRAM="-1" DSP="-1" FF="0" LUT="18" fileDirectory="C:\Users\Kushagra\Desktop\EPFL_Sem2\Advanced_Computer_Architecture\Homeworks\HW3\Git-repo\hw3-kernels-optimized\kernel5"><\/item>
<item  id="40" filename="kernel5.cpp" linenumber="8" name="icmp_ln8" contextFuncName="kernel5" moduleName="kernel5" rtlName="icmp_ln8_fu_363_p2" latency="0" BRAM="-1" DSP="-1" FF="0" LUT="11" fileDirectory="C:\Users\Kushagra\Desktop\EPFL_Sem2\Advanced_Computer_Architecture\Homeworks\HW3\Git-repo\hw3-kernels-optimized\kernel5"><\/item>
<item  id="42" filename="kernel5.cpp" linenumber="8" name="i_1" contextFuncName="kernel5" moduleName="kernel5" rtlName="i_1_fu_369_p2" latency="0" BRAM="-1" DSP="-1" FF="0" LUT="13" fileDirectory="C:\Users\Kushagra\Desktop\EPFL_Sem2\Advanced_Computer_Architecture\Homeworks\HW3\Git-repo\hw3-kernels-optimized\kernel5"><\/item>
<item  id="48" filename="kernel5.cpp" linenumber="10" name="trunc_ln10" contextFuncName="kernel5" moduleName="kernel5" rtlName="trunc_ln10_fu_375_p1" latency="0" BRAM="-1" DSP="-1" FF="-1" LUT="-1" fileDirectory="C:\Users\Kushagra\Desktop\EPFL_Sem2\Advanced_Computer_Architecture\Homeworks\HW3\Git-repo\hw3-kernels-optimized\kernel5"><\/item>
<item  id="49" filename="kernel5.cpp" linenumber="11" name="zext_ln11" contextFuncName="kernel5" moduleName="kernel5" rtlName="zext_ln11_fu_379_p1" latency="0" BRAM="-1" DSP="-1" FF="-1" LUT="-1" fileDirectory="C:\Users\Kushagra\Desktop\EPFL_Sem2\Advanced_Computer_Architecture\Homeworks\HW3\Git-repo\hw3-kernels-optimized\kernel5"><\/item>
<item  id="54" filename="kernel5.cpp" linenumber="11" name="sum_0_2" contextFuncName="kernel5" moduleName="kernel5" rtlName="kernel5_fadd_32nsbkb_U1" latency="3" BRAM="-1" DSP="-1" FF="-1" LUT="-1" fileDirectory="C:\Users\Kushagra\Desktop\EPFL_Sem2\Advanced_Computer_Architecture\Homeworks\HW3\Git-repo\hw3-kernels-optimized\kernel5"><\/item>
<item  id="55" filename="kernel5.cpp" linenumber="11" name="xor_ln11" contextFuncName="kernel5" moduleName="kernel5" rtlName="xor_ln11_fu_385_p2" latency="0" BRAM="-1" DSP="-1" FF="0" LUT="6" fileDirectory="C:\Users\Kushagra\Desktop\EPFL_Sem2\Advanced_Computer_Architecture\Homeworks\HW3\Git-repo\hw3-kernels-optimized\kernel5"><\/item>
<item  id="82" filename="kernel5.cpp" linenumber="12" name="bitcast_ln12" contextFuncName="kernel5" moduleName="kernel5" rtlName="bitcast_ln12_fu_455_p1" latency="0" BRAM="-1" DSP="-1" FF="-1" LUT="-1" fileDirectory="C:\Users\Kushagra\Desktop\EPFL_Sem2\Advanced_Computer_Architecture\Homeworks\HW3\Git-repo\hw3-kernels-optimized\kernel5"><\/item>
<item  id="83" filename="kernel5.cpp" linenumber="12" name="tmp_1" contextFuncName="kernel5" moduleName="kernel5" rtlName="tmp_1_fu_459_p4" latency="0" BRAM="-1" DSP="-1" FF="-1" LUT="-1" fileDirectory="C:\Users\Kushagra\Desktop\EPFL_Sem2\Advanced_Computer_Architecture\Homeworks\HW3\Git-repo\hw3-kernels-optimized\kernel5"><\/item>
<item  id="84" filename="kernel5.cpp" linenumber="12" name="trunc_ln12_1" contextFuncName="kernel5" moduleName="kernel5" rtlName="trunc_ln12_1_fu_469_p1" latency="0" BRAM="-1" DSP="-1" FF="-1" LUT="-1" fileDirectory="C:\Users\Kushagra\Desktop\EPFL_Sem2\Advanced_Computer_Architecture\Homeworks\HW3\Git-repo\hw3-kernels-optimized\kernel5"><\/item>
<item  id="85" filename="kernel5.cpp" linenumber="12" name="tmp_2" contextFuncName="kernel5" moduleName="kernel5" rtlName="grp_fu_318_p4" latency="0" BRAM="-1" DSP="-1" FF="-1" LUT="-1" fileDirectory="C:\Users\Kushagra\Desktop\EPFL_Sem2\Advanced_Computer_Architecture\Homeworks\HW3\Git-repo\hw3-kernels-optimized\kernel5"><\/item>
<item  id="86" filename="kernel5.cpp" linenumber="12" name="icmp_ln12" contextFuncName="kernel5" moduleName="kernel5" rtlName="icmp_ln12_fu_473_p2" latency="0" BRAM="-1" DSP="-1" FF="0" LUT="11" fileDirectory="C:\Users\Kushagra\Desktop\EPFL_Sem2\Advanced_Computer_Architecture\Homeworks\HW3\Git-repo\hw3-kernels-optimized\kernel5"><\/item>
<item  id="87" filename="kernel5.cpp" linenumber="12" name="icmp_ln12_1" contextFuncName="kernel5" moduleName="kernel5" rtlName="icmp_ln12_1_fu_479_p2" latency="0" BRAM="-1" DSP="-1" FF="0" LUT="18" fileDirectory="C:\Users\Kushagra\Desktop\EPFL_Sem2\Advanced_Computer_Architecture\Homeworks\HW3\Git-repo\hw3-kernels-optimized\kernel5"><\/item>
<item  id="88" filename="kernel5.cpp" linenumber="12" name="or_ln12" contextFuncName="kernel5" moduleName="kernel5" rtlName="or_ln12_fu_485_p2" latency="0" BRAM="-1" DSP="-1" FF="0" LUT="6" fileDirectory="C:\Users\Kushagra\Desktop\EPFL_Sem2\Advanced_Computer_Architecture\Homeworks\HW3\Git-repo\hw3-kernels-optimized\kernel5"><\/item>
<item  id="89" filename="kernel5.cpp" linenumber="12" name="icmp_ln12_2" contextFuncName="kernel5" moduleName="kernel5" rtlName="grp_fu_327_p2" latency="0" BRAM="-1" DSP="-1" FF="0" LUT="11" fileDirectory="C:\Users\Kushagra\Desktop\EPFL_Sem2\Advanced_Computer_Architecture\Homeworks\HW3\Git-repo\hw3-kernels-optimized\kernel5"><\/item>
<item  id="90" filename="kernel5.cpp" linenumber="12" name="or_ln12_1" contextFuncName="kernel5" moduleName="kernel5" rtlName="or_ln12_1_fu_489_p2" latency="0" BRAM="-1" DSP="-1" FF="0" LUT="6" fileDirectory="C:\Users\Kushagra\Desktop\EPFL_Sem2\Advanced_Computer_Architecture\Homeworks\HW3\Git-repo\hw3-kernels-optimized\kernel5"><\/item>
<item  id="91" filename="kernel5.cpp" linenumber="12" name="and_ln12" contextFuncName="kernel5" moduleName="kernel5" rtlName="and_ln12_fu_493_p2" latency="0" BRAM="-1" DSP="-1" FF="0" LUT="6" fileDirectory="C:\Users\Kushagra\Desktop\EPFL_Sem2\Advanced_Computer_Architecture\Homeworks\HW3\Git-repo\hw3-kernels-optimized\kernel5"><\/item>
<item  id="92" filename="kernel5.cpp" linenumber="12" name="tmp_3" contextFuncName="kernel5" moduleName="kernel5" rtlName="kernel5_fcmp_32nscud_U2" latency="1" BRAM="-1" DSP="-1" FF="-1" LUT="-1" fileDirectory="C:\Users\Kushagra\Desktop\EPFL_Sem2\Advanced_Computer_Architecture\Homeworks\HW3\Git-repo\hw3-kernels-optimized\kernel5"><\/item>
<item  id="93" filename="kernel5.cpp" linenumber="12" name="flag_0_2" contextFuncName="kernel5" moduleName="kernel5" rtlName="flag_0_2_fu_499_p2" latency="0" BRAM="-1" DSP="-1" FF="0" LUT="6" fileDirectory="C:\Users\Kushagra\Desktop\EPFL_Sem2\Advanced_Computer_Architecture\Homeworks\HW3\Git-repo\hw3-kernels-optimized\kernel5"><\/item>
<item  id="134" filename="kernel5.cpp" linenumber="15" name="tmp_8" contextFuncName="kernel5" moduleName="kernel5" rtlName="tmp_8_reg_857" latency="0" BRAM="-1" DSP="-1" FF="-1" LUT="-1" fileDirectory="C:\Users\Kushagra\Desktop\EPFL_Sem2\Advanced_Computer_Architecture\Homeworks\HW3\Git-repo\hw3-kernels-optimized\kernel5"><\/item>
<item  id="154" filename="kernel5.cpp" linenumber="26" name="zext_ln26" contextFuncName="kernel5" moduleName="kernel5" rtlName="zext_ln26_fu_556_p1" latency="0" BRAM="-1" DSP="-1" FF="-1" LUT="-1" fileDirectory="C:\Users\Kushagra\Desktop\EPFL_Sem2\Advanced_Computer_Architecture\Homeworks\HW3\Git-repo\hw3-kernels-optimized\kernel5"><\/item>
<item  id="159" filename="kernel5.cpp" linenumber="26" name="sum_0" contextFuncName="kernel5" moduleName="kernel5" rtlName="kernel5_fadd_32nsbkb_U1" latency="3" BRAM="-1" DSP="-1" FF="-1" LUT="-1" fileDirectory="C:\Users\Kushagra\Desktop\EPFL_Sem2\Advanced_Computer_Architecture\Homeworks\HW3\Git-repo\hw3-kernels-optimized\kernel5"><\/item>
<item  id="160" filename="kernel5.cpp" linenumber="27" name="bitcast_ln27" contextFuncName="kernel5" moduleName="kernel5" rtlName="bitcast_ln27_fu_608_p1" latency="0" BRAM="-1" DSP="-1" FF="-1" LUT="-1" fileDirectory="C:\Users\Kushagra\Desktop\EPFL_Sem2\Advanced_Computer_Architecture\Homeworks\HW3\Git-repo\hw3-kernels-optimized\kernel5"><\/item>
<item  id="161" filename="kernel5.cpp" linenumber="27" name="tmp_5" contextFuncName="kernel5" moduleName="kernel5" rtlName="tmp_5_fu_612_p4" latency="0" BRAM="-1" DSP="-1" FF="-1" LUT="-1" fileDirectory="C:\Users\Kushagra\Desktop\EPFL_Sem2\Advanced_Computer_Architecture\Homeworks\HW3\Git-repo\hw3-kernels-optimized\kernel5"><\/item>
<item  id="162" filename="kernel5.cpp" linenumber="27" name="trunc_ln27" contextFuncName="kernel5" moduleName="kernel5" rtlName="trunc_ln27_fu_622_p1" latency="0" BRAM="-1" DSP="-1" FF="-1" LUT="-1" fileDirectory="C:\Users\Kushagra\Desktop\EPFL_Sem2\Advanced_Computer_Architecture\Homeworks\HW3\Git-repo\hw3-kernels-optimized\kernel5"><\/item>
<item  id="163" filename="kernel5.cpp" linenumber="27" name="tmp_6" contextFuncName="kernel5" moduleName="kernel5" rtlName="grp_fu_318_p4" latency="0" BRAM="-1" DSP="-1" FF="-1" LUT="-1" fileDirectory="C:\Users\Kushagra\Desktop\EPFL_Sem2\Advanced_Computer_Architecture\Homeworks\HW3\Git-repo\hw3-kernels-optimized\kernel5"><\/item>
<item  id="164" filename="kernel5.cpp" linenumber="27" name="icmp_ln27" contextFuncName="kernel5" moduleName="kernel5" rtlName="icmp_ln27_fu_626_p2" latency="0" BRAM="-1" DSP="-1" FF="0" LUT="11" fileDirectory="C:\Users\Kushagra\Desktop\EPFL_Sem2\Advanced_Computer_Architecture\Homeworks\HW3\Git-repo\hw3-kernels-optimized\kernel5"><\/item>
<item  id="165" filename="kernel5.cpp" linenumber="27" name="icmp_ln27_1" contextFuncName="kernel5" moduleName="kernel5" rtlName="icmp_ln27_1_fu_632_p2" latency="0" BRAM="-1" DSP="-1" FF="0" LUT="18" fileDirectory="C:\Users\Kushagra\Desktop\EPFL_Sem2\Advanced_Computer_Architecture\Homeworks\HW3\Git-repo\hw3-kernels-optimized\kernel5"><\/item>
<item  id="166" filename="kernel5.cpp" linenumber="27" name="or_ln27" contextFuncName="kernel5" moduleName="kernel5" rtlName="or_ln27_fu_638_p2" latency="0" BRAM="-1" DSP="-1" FF="0" LUT="6" fileDirectory="C:\Users\Kushagra\Desktop\EPFL_Sem2\Advanced_Computer_Architecture\Homeworks\HW3\Git-repo\hw3-kernels-optimized\kernel5"><\/item>
<item  id="167" filename="kernel5.cpp" linenumber="27" name="icmp_ln27_2" contextFuncName="kernel5" moduleName="kernel5" rtlName="grp_fu_327_p2" latency="0" BRAM="-1" DSP="-1" FF="0" LUT="11" fileDirectory="C:\Users\Kushagra\Desktop\EPFL_Sem2\Advanced_Computer_Architecture\Homeworks\HW3\Git-repo\hw3-kernels-optimized\kernel5"><\/item>
<item  id="168" filename="kernel5.cpp" linenumber="27" name="or_ln27_1" contextFuncName="kernel5" moduleName="kernel5" rtlName="or_ln27_1_fu_642_p2" latency="0" BRAM="-1" DSP="-1" FF="0" LUT="6" fileDirectory="C:\Users\Kushagra\Desktop\EPFL_Sem2\Advanced_Computer_Architecture\Homeworks\HW3\Git-repo\hw3-kernels-optimized\kernel5"><\/item>
<item  id="169" filename="kernel5.cpp" linenumber="27" name="and_ln27" contextFuncName="kernel5" moduleName="kernel5" rtlName="and_ln27_fu_646_p2" latency="0" BRAM="-1" DSP="-1" FF="0" LUT="6" fileDirectory="C:\Users\Kushagra\Desktop\EPFL_Sem2\Advanced_Computer_Architecture\Homeworks\HW3\Git-repo\hw3-kernels-optimized\kernel5"><\/item>
<item  id="170" filename="kernel5.cpp" linenumber="27" name="tmp_7" contextFuncName="kernel5" moduleName="kernel5" rtlName="kernel5_fcmp_32nscud_U2" latency="1" BRAM="-1" DSP="-1" FF="-1" LUT="-1" fileDirectory="C:\Users\Kushagra\Desktop\EPFL_Sem2\Advanced_Computer_Architecture\Homeworks\HW3\Git-repo\hw3-kernels-optimized\kernel5"><\/item>
<item  id="171" filename="kernel5.cpp" linenumber="27" name="flag_2_1" contextFuncName="kernel5" moduleName="kernel5" rtlName="flag_2_1_fu_652_p2" latency="0" BRAM="-1" DSP="-1" FF="0" LUT="6" fileDirectory="C:\Users\Kushagra\Desktop\EPFL_Sem2\Advanced_Computer_Architecture\Homeworks\HW3\Git-repo\hw3-kernels-optimized\kernel5"><\/item>
<item  id="174" filename="kernel5.cpp" linenumber="15" name="i" contextFuncName="kernel5" moduleName="kernel5" rtlName="i_fu_562_p2" latency="0" BRAM="-1" DSP="-1" FF="0" LUT="18" fileDirectory="C:\Users\Kushagra\Desktop\EPFL_Sem2\Advanced_Computer_Architecture\Homeworks\HW3\Git-repo\hw3-kernels-optimized\kernel5"><\/item>
<\/annotationInfo>
</annotationInfo>
