<profile>

<section name = "Vivado HLS Report for 'kernel5'" level="0">
<item name = "Date">Mon May 10 12:36:41 2021
</item>
<item name = "Version">2019.2 (Build 2704478 on Wed Nov 06 22:10:23 MST 2019)</item>
<item name = "Project">prj_kernel5</item>
<item name = "Solution">optimized</item>
<item name = "Product family">kintex7</item>
<item name = "Target device">xc7k160t-fbg484-1</item>
</section>

<section name = "Performance Estimates" level="0">
<item name = "Timing">
<section name = "" level="1">
<item name = "Summary"><table name="" hasTotal="0">
<keys size="4">Clock, Target, Estimated, Uncertainty</keys>
<column name="ap_clk">10.00 ns, 7.717 ns, 1.25 ns</column>
</table>
</item>
</section>
</item>
<item name = "Latency">
<section name = "" level="1">
<item name = "Summary"><table name="" hasTotal="0">
<keys size="8">, min, max, min, max, min, max, Type</keys>
<column name="">24, 1039, 0.240 us, 10.390 us, 24, 1039, none</column>
</table>
</item>
<item name = "Detail">
<section name = "" level="1">
<item name = "Instance"><table name="" hasTotal="0">
<keys size="9">Instance, Module, min, max, min, max, min, max, Type</keys>
</table>
</item>
<item name = "Loop"><table name="" hasTotal="0">
<keys size="8">Loop Name, min, max, Latency, achieved, target, Count, Pipelined</keys>
<column name="- fill">14, 14, 8, 1, 1, 8, yes</column>
<column name="- loop">6, 1021, 7, 1, 1, 1 ~ 1016, yes</column>
</table>
</item>
</section>
</item>
</section>
</item>
</section>

<section name = "Utilization Estimates" level="0">
<item name = "Summary"><table name="" hasTotal="1">
<keys size="6">Name, BRAM_18K, DSP48E, FF, LUT, URAM</keys>
<column name="DSP">-, -, -, -, -</column>
<column name="Expression">-, -, 0, 201, -</column>
<column name="FIFO">-, -, -, -, -</column>
<column name="Instance">-, 2, 293, 280, -</column>
<column name="Memory">-, -, -, -, -</column>
<column name="Multiplexer">-, -, -, 399, -</column>
<column name="Register">0, -, 1206, 128, -</column>
<specialColumn name="Available">650, 600, 202800, 101400, 0</specialColumn>
<specialColumn name="Utilization (%)">0, ~0, ~0, ~0, 0</specialColumn>
</table>
</item>
<item name = "Detail">
<section name = "" level="1">
<item name = "Instance"><table name="" hasTotal="1">
<keys size="7">Instance, Module, BRAM_18K, DSP48E, FF, LUT, URAM</keys>
<column name="kernel5_fadd_32nsbkb_U1">kernel5_fadd_32nsbkb, 0, 2, 227, 214, 0</column>
<column name="kernel5_fcmp_32nscud_U2">kernel5_fcmp_32nscud, 0, 0, 66, 66, 0</column>
</table>
</item>
<item name = "DSP48E"><table name="" hasTotal="0">
<keys size="3">Instance, Module, Expression</keys>
</table>
</item>
<item name = "Memory"><table name="" hasTotal="1">
<keys size="10">Memory, Module, BRAM_18K, FF, LUT, URAM, Words, Bits, Banks, W*Bits*Banks</keys>
</table>
</item>
<item name = "FIFO"><table name="" hasTotal="1">
<keys size="8">Name, BRAM_18K, FF, LUT, URAM, Depth, Bits, Size:D*B</keys>
</table>
</item>
<item name = "Expression"><table name="" hasTotal="1">
<keys size="7">Variable Name, Operation, DSP48E, FF, LUT, Bitwidth P0, Bitwidth P1</keys>
<column name="i_1_fu_369_p2">+, 0, 0, 13, 4, 1</column>
<column name="i_fu_562_p2">+, 0, 0, 18, 1, 11</column>
<column name="and_ln12_fu_493_p2">and, 0, 0, 6, 1, 1</column>
<column name="and_ln27_fu_646_p2">and, 0, 0, 6, 1, 1</column>
<column name="flag_0_2_fu_499_p2">and, 0, 0, 6, 1, 1</column>
<column name="flag_2_1_fu_652_p2">and, 0, 0, 6, 1, 1</column>
<column name="grp_fu_327_p2">icmp, 0, 0, 11, 8, 2</column>
<column name="icmp_ln12_1_fu_479_p2">icmp, 0, 0, 18, 23, 1</column>
<column name="icmp_ln12_3_fu_357_p2">icmp, 0, 0, 18, 23, 1</column>
<column name="icmp_ln12_fu_473_p2">icmp, 0, 0, 11, 8, 2</column>
<column name="icmp_ln27_1_fu_632_p2">icmp, 0, 0, 18, 23, 1</column>
<column name="icmp_ln27_fu_626_p2">icmp, 0, 0, 11, 8, 2</column>
<column name="icmp_ln8_fu_363_p2">icmp, 0, 0, 11, 4, 5</column>
<column name="ap_predicate_tran16to18_state11">or, 0, 0, 6, 1, 1</column>
<column name="or_ln12_1_fu_489_p2">or, 0, 0, 6, 1, 1</column>
<column name="or_ln12_fu_485_p2">or, 0, 0, 6, 1, 1</column>
<column name="or_ln27_1_fu_642_p2">or, 0, 0, 6, 1, 1</column>
<column name="or_ln27_fu_638_p2">or, 0, 0, 6, 1, 1</column>
<column name="ap_enable_pp0">xor, 0, 0, 6, 1, 2</column>
<column name="ap_enable_pp1">xor, 0, 0, 6, 1, 2</column>
<column name="xor_ln11_fu_385_p2">xor, 0, 0, 6, 3, 2</column>
</table>
</item>
<item name = "Multiplexer"><table name="" hasTotal="1">
<keys size="5">Name, LUT, Input Size, Bits, Total Bits</keys>
<column name="a_address0">15, 3, 10, 30</column>
<column name="ap_NS_fsm">33, 6, 1, 6</column>
<column name="ap_enable_reg_pp0_iter5">9, 2, 1, 2</column>
<column name="ap_enable_reg_pp0_iter7">9, 2, 1, 2</column>
<column name="ap_enable_reg_pp1_iter5">9, 2, 1, 2</column>
<column name="ap_enable_reg_pp1_iter6">15, 3, 1, 3</column>
<column name="ap_phi_mux_sum_2_phi_fu_291_p4">9, 2, 32, 64</column>
<column name="ap_sig_allocacmp_flag_3_1">9, 2, 1, 2</column>
<column name="ap_sig_allocacmp_flag_4_1">9, 2, 1, 2</column>
<column name="ap_sig_allocacmp_flag_5_1">9, 2, 1, 2</column>
<column name="ap_sig_allocacmp_flag_6_1">9, 2, 1, 2</column>
<column name="ap_sig_allocacmp_flag_7_1">9, 2, 1, 2</column>
<column name="ap_sig_allocacmp_flag_7_load">9, 2, 1, 2</column>
<column name="ap_sig_allocacmp_sum_7_1_load">9, 2, 32, 64</column>
<column name="ap_sig_allocacmp_sum_7_2_load">9, 2, 32, 64</column>
<column name="ap_sig_allocacmp_sum_7_3_load">9, 2, 32, 64</column>
<column name="ap_sig_allocacmp_sum_7_4_load">9, 2, 32, 64</column>
<column name="ap_sig_allocacmp_sum_7_5_load">9, 2, 32, 64</column>
<column name="ap_sig_allocacmp_sum_7_6_load">9, 2, 32, 64</column>
<column name="ap_sig_allocacmp_sum_7_7_load">9, 2, 32, 64</column>
<column name="ap_sig_allocacmp_sum_7_8_load">9, 2, 32, 64</column>
<column name="b_address0">15, 3, 10, 30</column>
<column name="flag_2_fu_128">9, 2, 1, 2</column>
<column name="flag_3_fu_132">9, 2, 1, 2</column>
<column name="flag_4_fu_136">9, 2, 1, 2</column>
<column name="flag_5_fu_140">9, 2, 1, 2</column>
<column name="flag_6_fu_144">9, 2, 1, 2</column>
<column name="flag_7_fu_148">9, 2, 1, 2</column>
<column name="grp_fu_313_p0">15, 3, 32, 96</column>
<column name="i1_0_reg_211">9, 2, 11, 22</column>
<column name="i_0_reg_200">9, 2, 4, 8</column>
<column name="sum_1_reg_298">9, 2, 32, 64</column>
<column name="sum_2_reg_287">9, 2, 32, 64</column>
<column name="sum_3_reg_276">9, 2, 32, 64</column>
<column name="sum_4_reg_265">9, 2, 32, 64</column>
<column name="sum_5_reg_254">9, 2, 32, 64</column>
<column name="sum_6_1_reg_243">9, 2, 32, 64</column>
<column name="sum_7_2_6_reg_222">9, 2, 32, 64</column>
<column name="sum_7_reg_232">9, 2, 32, 64</column>
</table>
</item>
<item name = "Register"><table name="" hasTotal="1">
<keys size="5">Name, FF, LUT, Bits, Const Bits</keys>
<column name="ap_CS_fsm">5, 0, 5, 0</column>
<column name="ap_enable_reg_pp0_iter0">1, 0, 1, 0</column>
<column name="ap_enable_reg_pp0_iter1">1, 0, 1, 0</column>
<column name="ap_enable_reg_pp0_iter2">1, 0, 1, 0</column>
<column name="ap_enable_reg_pp0_iter3">1, 0, 1, 0</column>
<column name="ap_enable_reg_pp0_iter4">1, 0, 1, 0</column>
<column name="ap_enable_reg_pp0_iter5">1, 0, 1, 0</column>
<column name="ap_enable_reg_pp0_iter6">1, 0, 1, 0</column>
<column name="ap_enable_reg_pp0_iter7">1, 0, 1, 0</column>
<column name="ap_enable_reg_pp1_iter0">1, 0, 1, 0</column>
<column name="ap_enable_reg_pp1_iter1">1, 0, 1, 0</column>
<column name="ap_enable_reg_pp1_iter2">1, 0, 1, 0</column>
<column name="ap_enable_reg_pp1_iter3">1, 0, 1, 0</column>
<column name="ap_enable_reg_pp1_iter4">1, 0, 1, 0</column>
<column name="ap_enable_reg_pp1_iter5">1, 0, 1, 0</column>
<column name="ap_enable_reg_pp1_iter6">1, 0, 1, 0</column>
<column name="bitcast_ln12_1_reg_768">32, 0, 32, 0</column>
<column name="flag_2_fu_128">1, 0, 1, 0</column>
<column name="flag_3_fu_132">1, 0, 1, 0</column>
<column name="flag_4_fu_136">1, 0, 1, 0</column>
<column name="flag_5_fu_140">1, 0, 1, 0</column>
<column name="flag_6_fu_144">1, 0, 1, 0</column>
<column name="flag_7_fu_148">1, 0, 1, 0</column>
<column name="flag_7_load_reg_861">1, 0, 1, 0</column>
<column name="i1_0_reg_211">11, 0, 11, 0</column>
<column name="i_0_reg_200">4, 0, 4, 0</column>
<column name="icmp_ln12_1_reg_847">1, 0, 1, 0</column>
<column name="icmp_ln12_2_reg_852">1, 0, 1, 0</column>
<column name="icmp_ln12_3_reg_773">1, 0, 1, 0</column>
<column name="icmp_ln12_reg_842">1, 0, 1, 0</column>
<column name="icmp_ln27_1_reg_890">1, 0, 1, 0</column>
<column name="icmp_ln27_2_reg_875">1, 0, 1, 0</column>
<column name="icmp_ln27_reg_885">1, 0, 1, 0</column>
<column name="icmp_ln8_reg_779">1, 0, 1, 0</column>
<column name="reg_333">32, 0, 32, 0</column>
<column name="reg_338">32, 0, 32, 0</column>
<column name="reg_343">32, 0, 32, 0</column>
<column name="sum_1_reg_298">32, 0, 32, 0</column>
<column name="sum_2_reg_287">32, 0, 32, 0</column>
<column name="sum_3_reg_276">32, 0, 32, 0</column>
<column name="sum_4_reg_265">32, 0, 32, 0</column>
<column name="sum_5_reg_254">32, 0, 32, 0</column>
<column name="sum_6_1_reg_243">32, 0, 32, 0</column>
<column name="sum_7_1_fu_88">32, 0, 32, 0</column>
<column name="sum_7_1_load_reg_802">32, 0, 32, 0</column>
<column name="sum_7_2_6_reg_222">32, 0, 32, 0</column>
<column name="sum_7_2_fu_92">32, 0, 32, 0</column>
<column name="sum_7_2_load_reg_807">32, 0, 32, 0</column>
<column name="sum_7_3_fu_96">32, 0, 32, 0</column>
<column name="sum_7_3_load_reg_812">32, 0, 32, 0</column>
<column name="sum_7_4_fu_100">32, 0, 32, 0</column>
<column name="sum_7_4_load_reg_817">32, 0, 32, 0</column>
<column name="sum_7_5_fu_104">32, 0, 32, 0</column>
<column name="sum_7_5_load_reg_822">32, 0, 32, 0</column>
<column name="sum_7_6_fu_108">32, 0, 32, 0</column>
<column name="sum_7_6_load_reg_827">32, 0, 32, 0</column>
<column name="sum_7_7_fu_112">32, 0, 32, 0</column>
<column name="sum_7_7_load_reg_832">32, 0, 32, 0</column>
<column name="sum_7_8_fu_116">32, 0, 32, 0</column>
<column name="sum_7_8_load_reg_837">32, 0, 32, 0</column>
<column name="sum_7_reg_232">32, 0, 32, 0</column>
<column name="tmp_8_reg_857">1, 0, 1, 0</column>
<column name="xor_ln11_reg_798">3, 0, 3, 0</column>
<column name="flag_7_load_reg_861">64, 32, 1, 0</column>
<column name="icmp_ln27_2_reg_875">64, 32, 1, 0</column>
<column name="tmp_8_reg_857">64, 32, 1, 0</column>
<column name="xor_ln11_reg_798">64, 32, 3, 0</column>
</table>
</item>
</section>
</item>
</section>

<section name = "Interface" level="0">
<item name = "Summary"><table name="" hasTotal="0">
<keys size="6">RTL Ports, Dir, Bits, Protocol, Source Object, C Type</keys>
<column name="ap_clk">in, 1, ap_ctrl_hs, kernel5, return value</column>
<column name="ap_rst">in, 1, ap_ctrl_hs, kernel5, return value</column>
<column name="ap_start">in, 1, ap_ctrl_hs, kernel5, return value</column>
<column name="ap_done">out, 1, ap_ctrl_hs, kernel5, return value</column>
<column name="ap_idle">out, 1, ap_ctrl_hs, kernel5, return value</column>
<column name="ap_ready">out, 1, ap_ctrl_hs, kernel5, return value</column>
<column name="ap_return">out, 32, ap_ctrl_hs, kernel5, return value</column>
<column name="bound">in, 32, ap_none, bound, scalar</column>
<column name="a_address0">out, 10, ap_memory, a, array</column>
<column name="a_ce0">out, 1, ap_memory, a, array</column>
<column name="a_q0">in, 32, ap_memory, a, array</column>
<column name="b_address0">out, 10, ap_memory, b, array</column>
<column name="b_ce0">out, 1, ap_memory, b, array</column>
<column name="b_q0">in, 32, ap_memory, b, array</column>
</table>
</item>
</section>
</profile>
