<profile>

<section name = "Vivado HLS Report for 'kernel5'" level="0">
<item name = "Date">Sat May  8 23:32:57 2021
</item>
<item name = "Version">2019.2 (Build 2704478 on Wed Nov 06 22:10:23 MST 2019)</item>
<item name = "Project">prj_kernel5</item>
<item name = "Solution">optimized</item>
<item name = "Product family">kintex7</item>
<item name = "Target device">xc7k160t-fbg484-1</item>
</section>

<section name = "Performance Estimates" level="0">
<item name = "Timing">
<section name = "" level="1">
<item name = "Summary"><table name="" hasTotal="0">
<keys size="4">Clock, Target, Estimated, Uncertainty</keys>
<column name="ap_clk">10.00 ns, 7.717 ns, 1.25 ns</column>
</table>
</item>
</section>
</item>
<item name = "Latency">
<section name = "" level="1">
<item name = "Summary"><table name="" hasTotal="0">
<keys size="8">, min, max, min, max, min, max, Type</keys>
<column name="">?, ?, ?, ?, ?, ?, none</column>
</table>
</item>
<item name = "Detail">
<section name = "" level="1">
<item name = "Instance"><table name="" hasTotal="0">
<keys size="9">Instance, Module, min, max, min, max, min, max, Type</keys>
</table>
</item>
<item name = "Loop"><table name="" hasTotal="0">
<keys size="8">Loop Name, min, max, Latency, achieved, target, Count, Pipelined</keys>
<column name="- loop">?, ?, 7, 7, 1, ?, yes</column>
</table>
</item>
</section>
</item>
</section>
</item>
</section>

<section name = "Utilization Estimates" level="0">
<item name = "Summary"><table name="" hasTotal="1">
<keys size="6">Name, BRAM_18K, DSP48E, FF, LUT, URAM</keys>
<column name="DSP">-, -, -, -, -</column>
<column name="Expression">-, -, 0, 145, -</column>
<column name="FIFO">-, -, -, -, -</column>
<column name="Instance">-, 2, 293, 280, -</column>
<column name="Memory">-, -, -, -, -</column>
<column name="Multiplexer">-, -, -, 56, -</column>
<column name="Register">-, -, 172, -, -</column>
<specialColumn name="Available">650, 600, 202800, 101400, 0</specialColumn>
<specialColumn name="Utilization (%)">0, ~0, ~0, ~0, 0</specialColumn>
</table>
</item>
<item name = "Detail">
<section name = "" level="1">
<item name = "Instance"><table name="" hasTotal="1">
<keys size="7">Instance, Module, BRAM_18K, DSP48E, FF, LUT, URAM</keys>
<column name="kernel5_fadd_32nsbkb_U1">kernel5_fadd_32nsbkb, 0, 2, 227, 214, 0</column>
<column name="kernel5_fcmp_32nscud_U2">kernel5_fcmp_32nscud, 0, 0, 66, 66, 0</column>
</table>
</item>
<item name = "DSP48E"><table name="" hasTotal="0">
<keys size="3">Instance, Module, Expression</keys>
</table>
</item>
<item name = "Memory"><table name="" hasTotal="1">
<keys size="10">Memory, Module, BRAM_18K, FF, LUT, URAM, Words, Bits, Banks, W*Bits*Banks</keys>
</table>
</item>
<item name = "FIFO"><table name="" hasTotal="1">
<keys size="8">Name, BRAM_18K, FF, LUT, URAM, Depth, Bits, Size:D*B</keys>
</table>
</item>
<item name = "Expression"><table name="" hasTotal="1">
<keys size="7">Variable Name, Operation, DSP48E, FF, LUT, Bitwidth P0, Bitwidth P1</keys>
<column name="i_fu_223_p2">+, 0, 0, 39, 1, 32</column>
<column name="and_ln7_1_fu_190_p2">and, 0, 0, 6, 1, 1</column>
<column name="and_ln7_2_fu_195_p2">and, 0, 0, 6, 1, 1</column>
<column name="and_ln7_fu_217_p2">and, 0, 0, 6, 1, 1</column>
<column name="icmp_ln7_1_fu_174_p2">icmp, 0, 0, 11, 8, 2</column>
<column name="icmp_ln7_2_fu_180_p2">icmp, 0, 0, 18, 23, 1</column>
<column name="icmp_ln7_3_fu_144_p2">icmp, 0, 0, 18, 23, 1</column>
<column name="icmp_ln7_4_fu_211_p2">icmp, 0, 0, 18, 22, 1</column>
<column name="icmp_ln7_fu_138_p2">icmp, 0, 0, 11, 8, 2</column>
<column name="or_ln7_1_fu_150_p2">or, 0, 0, 6, 1, 1</column>
<column name="or_ln7_fu_186_p2">or, 0, 0, 6, 1, 1</column>
</table>
</item>
<item name = "Multiplexer"><table name="" hasTotal="1">
<keys size="5">Name, LUT, Input Size, Bits, Total Bits</keys>
<column name="ap_NS_fsm">47, 10, 1, 10</column>
<column name="i_0_reg_100">9, 2, 32, 64</column>
</table>
</item>
<item name = "Register"><table name="" hasTotal="1">
<keys size="5">Name, FF, LUT, Bits, Const Bits</keys>
<column name="a_load_reg_273">32, 0, 32, 0</column>
<column name="ap_CS_fsm">9, 0, 9, 0</column>
<column name="b_load_reg_278">32, 0, 32, 0</column>
<column name="i_0_reg_100">32, 0, 32, 0</column>
<column name="i_reg_258">32, 0, 32, 0</column>
<column name="icmp_ln7_1_reg_245">1, 0, 1, 0</column>
<column name="icmp_ln7_2_reg_250">1, 0, 1, 0</column>
<column name="or_ln7_1_reg_240">1, 0, 1, 0</column>
<column name="sum_01_reg_88">32, 0, 32, 0</column>
</table>
</item>
</section>
</item>
</section>

<section name = "Interface" level="0">
<item name = "Summary"><table name="" hasTotal="0">
<keys size="6">RTL Ports, Dir, Bits, Protocol, Source Object, C Type</keys>
<column name="ap_clk">in, 1, ap_ctrl_hs, kernel5, return value</column>
<column name="ap_rst">in, 1, ap_ctrl_hs, kernel5, return value</column>
<column name="ap_start">in, 1, ap_ctrl_hs, kernel5, return value</column>
<column name="ap_done">out, 1, ap_ctrl_hs, kernel5, return value</column>
<column name="ap_idle">out, 1, ap_ctrl_hs, kernel5, return value</column>
<column name="ap_ready">out, 1, ap_ctrl_hs, kernel5, return value</column>
<column name="ap_return">out, 32, ap_ctrl_hs, kernel5, return value</column>
<column name="bound">in, 32, ap_none, bound, scalar</column>
<column name="a_address0">out, 10, ap_memory, a, array</column>
<column name="a_ce0">out, 1, ap_memory, a, array</column>
<column name="a_q0">in, 32, ap_memory, a, array</column>
<column name="b_address0">out, 10, ap_memory, b, array</column>
<column name="b_ce0">out, 1, ap_memory, b, array</column>
<column name="b_q0">in, 32, ap_memory, b, array</column>
</table>
</item>
</section>
</profile>
