{
  "Top": "kernel4",
  "RtlTop": "kernel4",
  "RtlPrefix": "",
  "SourceLanguage": "cpp",
  "ResetStyle": "control",
  "GenerateBdFiles": "0",
  "HostMachineBits": "64",
  "Target": {
    "Family": "kintex7",
    "Device": "xc7k160t",
    "Package": "-fbg484",
    "Speed": "-1"
  },
  "HlsSolution": {
    "DirectiveTcl": ["set_directive_pipeline kernel4\/loop "],
    "DirectiveInfo": ["pipeline kernel4\/loop {} {}"]
  },
  "Args": {
    "array": {
      "index": "0",
      "type": {
        "kinds": ["array"],
        "dataType": "int",
        "dataWidth": "32",
        "arraySizes": ["1024"],
        "multiInterfaceRef": [
          "array_r_address0",
          "array_r_address1",
          "array_r_d1",
          "array_r_q0",
          "array_r_q1"
        ]
      }
    },
    "index": {
      "index": "1",
      "type": {
        "kinds": ["array"],
        "dataType": "int",
        "dataWidth": "32",
        "arraySizes": ["1024"],
        "multiInterfaceRef": [
          "index_address0",
          "index_q0"
        ]
      }
    },
    "offset": {
      "index": "2",
      "type": {
        "dataType": "int",
        "dataWidth": "32",
        "interfaceRef": "offset"
      }
    }
  },
  "Return": {
    
  },
  "ClockInfo": {
    "ClockName": "ap_clk",
    "ClockPeriod": "10",
    "IsCombLogic": "0",
    "II": "x",
    "Latency": "undef",
    "Uncertainty": "1.25"
  },
  "Xdc": {"OocClocks": ["create_clock -name ap_clk -period 10.000 [get_ports ap_clk]"]},
  "Ipx": {
    "Vendor": "xilinx.com",
    "Library": "hls",
    "Name": "kernel4",
    "Version": "1.0",
    "DisplayName": "Kernel4",
    "Revision": "",
    "Description": "An IP generated by Vivado HLS",
    "Taxonomy": "\/VIVADO_HLS_IP",
    "AutoFamilySupport": ""
  },
  "Files": {
    "CSource": ["..\/..\/kernel4.cpp"],
    "Vhdl": ["impl\/vhdl\/kernel4.vhd"],
    "Verilog": ["impl\/verilog\/kernel4.v"],
    "Misc": ["impl\/misc\/logo.png"],
    "DesignXml": "C:\/Users\/Kushagra\/Desktop\/EPFL_Sem2\/Advanced_Computer_Architecture\/Git\/HLS\/hw3-kernels-optimized\/kernel4\/prj_kernel4\/optimized\/.autopilot\/db\/kernel4.design.xml",
    "DebugDir": "C:\/Users\/Kushagra\/Desktop\/EPFL_Sem2\/Advanced_Computer_Architecture\/Git\/HLS\/hw3-kernels-optimized\/kernel4\/prj_kernel4\/optimized\/.debug",
    "ProtoInst": ["C:\/Users\/Kushagra\/Desktop\/EPFL_Sem2\/Advanced_Computer_Architecture\/Git\/HLS\/hw3-kernels-optimized\/kernel4\/prj_kernel4\/optimized\/.debug\/kernel4.protoinst"]
  },
  "SubcoreInfo": {
    "HasXpmMemory": false,
    "HasClockedDsp": false,
    "IP": []
  },
  "Interfaces": {
    "ap_clk": {
      "type": "clock",
      "ctype": {"CLK": {"Type": "bool"}},
      "bundle_name": "ap_clk",
      "bundle_role": "default",
      "reset": "ap_rst"
    },
    "ap_ctrl": {
      "type": "ap_ctrl",
      "ctrl_ports": "ap_start ap_done ap_idle ap_ready",
      "ctype": {
        "start": {"Type": "bool"},
        "done": {"Type": "bool"},
        "idle": {"Type": "bool"},
        "ready": {"Type": "bool"}
      }
    },
    "ap_rst": {
      "type": "reset",
      "polarity": "ACTIVE_HIGH",
      "ctype": {"RST": {"Type": "bool"}},
      "bundle_name": "ap_rst",
      "bundle_role": "default"
    },
    "array_r_address0": {
      "type": "data",
      "dir": "out",
      "width": "10",
      "ctype": {"DATA": {
          "Type": "null",
          "Width": "10"
        }},
      "bundle_name": "array_r",
      "bundle_role": "address0"
    },
    "array_r_address1": {
      "type": "data",
      "dir": "out",
      "width": "10",
      "ctype": {"DATA": {
          "Type": "null",
          "Width": "10"
        }},
      "bundle_name": "array_r",
      "bundle_role": "address1"
    },
    "array_r_d1": {
      "type": "data",
      "dir": "out",
      "width": "32",
      "ctype": {"DATA": {
          "Type": "integer signed",
          "Width": "32"
        }},
      "bundle_name": "array_r",
      "bundle_role": "d1"
    },
    "array_r_q0": {
      "type": "data",
      "dir": "in",
      "width": "32",
      "ctype": {"DATA": {
          "Type": "integer signed",
          "Width": "32"
        }},
      "bundle_name": "array_r",
      "bundle_role": "q0"
    },
    "array_r_q1": {
      "type": "data",
      "dir": "in",
      "width": "32",
      "ctype": {"DATA": {
          "Type": "integer signed",
          "Width": "32"
        }},
      "bundle_name": "array_r",
      "bundle_role": "q1"
    },
    "index_address0": {
      "type": "data",
      "dir": "out",
      "width": "10",
      "ctype": {"DATA": {
          "Type": "null",
          "Width": "10"
        }},
      "bundle_name": "index",
      "bundle_role": "address0"
    },
    "index_q0": {
      "type": "data",
      "dir": "in",
      "width": "32",
      "ctype": {"DATA": {
          "Type": "integer signed",
          "Width": "32"
        }},
      "bundle_name": "index",
      "bundle_role": "q0"
    },
    "offset": {
      "type": "data",
      "dir": "in",
      "width": "32",
      "ctype": {"DATA": {
          "Type": "integer signed",
          "Width": "32"
        }},
      "bundle_name": "offset",
      "bundle_role": "default"
    }
  },
  "RtlPorts": {
    "ap_clk": {
      "dir": "in",
      "width": "1"
    },
    "ap_rst": {
      "dir": "in",
      "width": "1"
    },
    "ap_start": {
      "dir": "in",
      "width": "1"
    },
    "ap_done": {
      "dir": "out",
      "width": "1"
    },
    "ap_idle": {
      "dir": "out",
      "width": "1"
    },
    "ap_ready": {
      "dir": "out",
      "width": "1"
    },
    "array_r_address0": {
      "dir": "out",
      "width": "10"
    },
    "array_r_ce0": {
      "dir": "out",
      "width": "1"
    },
    "array_r_q0": {
      "dir": "in",
      "width": "32"
    },
    "array_r_address1": {
      "dir": "out",
      "width": "10"
    },
    "array_r_ce1": {
      "dir": "out",
      "width": "1"
    },
    "array_r_we1": {
      "dir": "out",
      "width": "1"
    },
    "array_r_d1": {
      "dir": "out",
      "width": "32"
    },
    "array_r_q1": {
      "dir": "in",
      "width": "32"
    },
    "index_address0": {
      "dir": "out",
      "width": "10"
    },
    "index_ce0": {
      "dir": "out",
      "width": "1"
    },
    "index_q0": {
      "dir": "in",
      "width": "32"
    },
    "offset": {
      "dir": "in",
      "width": "32"
    }
  },
  "ModuleInfo": {
    "Hierarchy": {"ModuleName": "kernel4"},
    "Info": {"kernel4": {
        "FunctionProtocol": "ap_ctrl_hs",
        "isTaskLevelControl": "1",
        "isPipelined": "0",
        "isCombinational": "0",
        "isOneStateSeq": "0"
      }},
    "Metrics": {"kernel4": {
        "Latency": {
          "LatencyBest": "",
          "LatencyAvg": "",
          "LatencyWorst": "",
          "PipelineII": "",
          "PipelineDepth": "",
          "PipelineType": "none"
        },
        "Timing": {
          "Target": "10.00",
          "Uncertainty": "1.25",
          "Estimate": "8.365"
        },
        "Loops": [{
            "Name": "loop",
            "TripCount": "",
            "Latency": "",
            "PipelineII": "1",
            "PipelineDepth": "3"
          }],
        "Area": {
          "DSP48E": "3",
          "FF": "179",
          "LUT": "348",
          "BRAM_18K": "0",
          "URAM": "0"
        }
      }}
  },
  "Sdx": {
    "Target": "none",
    "ProfileOption": "0",
    "ProfileType": "none",
    "XO": "",
    "KernelName": "kernel4",
    "EnableXoSwEmu": "1"
  },
  "GenData": {
    "DataVersion": "0.2",
    "Time": "2021-05-08 23:22:03 +0200",
    "ToolName": "vivado_hls",
    "ToolVersion": "2019.2"
  }
}
