<stg><name>kernel5</name>


<trans_list>

<trans id="57" from="1" to="2">
<condition id="-1">
<or_exp><and_exp></and_exp></or_exp>
</condition>
</trans>

<trans id="68" from="2" to="3">
<condition id="-1">
<or_exp><and_exp></and_exp></or_exp>
</condition>
</trans>

<trans id="74" from="3" to="9">
<condition id="-1">
<or_exp><and_exp><literal name="and_ln7" val="0"/>
</and_exp></or_exp>
</condition>
</trans>

<trans id="75" from="3" to="4">
<condition id="-1">
<or_exp><and_exp><literal name="and_ln7" val="1"/>
</and_exp></or_exp>
</condition>
</trans>

<trans id="69" from="4" to="5">
<condition id="-1">
<or_exp><and_exp></and_exp></or_exp>
</condition>
</trans>

<trans id="70" from="5" to="6">
<condition id="-1">
<or_exp><and_exp></and_exp></or_exp>
</condition>
</trans>

<trans id="71" from="6" to="7">
<condition id="-1">
<or_exp><and_exp></and_exp></or_exp>
</condition>
</trans>

<trans id="72" from="7" to="8">
<condition id="-1">
<or_exp><and_exp></and_exp></or_exp>
</condition>
</trans>

<trans id="73" from="8" to="2">
<condition id="-1">
<or_exp><and_exp></and_exp></or_exp>
</condition>
</trans>
</trans_list>



<state_list>

<state id="1" st_id="1">

<operation id="10" st_id="1" stage="1" lat="1">
<core>NULL</core>
<MemPortIdVec></MemPortIdVec>
<condition id="-1">
<or_exp><and_exp></and_exp></or_exp>
</condition>

<Node id="4" bw="0" op_0_bw="0" op_1_bw="32">
<![CDATA[
:0  call void (...)* @_ssdm_op_SpecBitsMap(float %bound) nounwind, !map !7

]]></Node>
<StgValue><ssdm name="specbitsmap_ln0"/></StgValue>
</operation>

<operation id="11" st_id="1" stage="1" lat="1">
<core>NULL</core>
<MemPortIdVec></MemPortIdVec>
<condition id="-1">
<or_exp><and_exp></and_exp></or_exp>
</condition>

<Node id="5" bw="0" op_0_bw="0" op_1_bw="32">
<![CDATA[
:1  call void (...)* @_ssdm_op_SpecBitsMap([1024 x float]* %a) nounwind, !map !13

]]></Node>
<StgValue><ssdm name="specbitsmap_ln0"/></StgValue>
</operation>

<operation id="12" st_id="1" stage="1" lat="1">
<core>NULL</core>
<MemPortIdVec></MemPortIdVec>
<condition id="-1">
<or_exp><and_exp></and_exp></or_exp>
</condition>

<Node id="6" bw="0" op_0_bw="0" op_1_bw="32">
<![CDATA[
:2  call void (...)* @_ssdm_op_SpecBitsMap([1024 x float]* %b) nounwind, !map !19

]]></Node>
<StgValue><ssdm name="specbitsmap_ln0"/></StgValue>
</operation>

<operation id="13" st_id="1" stage="1" lat="1">
<core>NULL</core>
<MemPortIdVec></MemPortIdVec>
<condition id="-1">
<or_exp><and_exp></and_exp></or_exp>
</condition>

<Node id="7" bw="0" op_0_bw="0" op_1_bw="32">
<![CDATA[
:3  call void (...)* @_ssdm_op_SpecBitsMap(float 0.000000e+00) nounwind, !map !23

]]></Node>
<StgValue><ssdm name="specbitsmap_ln0"/></StgValue>
</operation>

<operation id="14" st_id="1" stage="1" lat="1">
<core>NULL</core>
<MemPortIdVec></MemPortIdVec>
<condition id="-1">
<or_exp><and_exp></and_exp></or_exp>
</condition>

<Node id="8" bw="0" op_0_bw="0" op_1_bw="0">
<![CDATA[
:4  call void (...)* @_ssdm_op_SpecTopModule([8 x i8]* @kernel5_str) nounwind

]]></Node>
<StgValue><ssdm name="spectopmodule_ln0"/></StgValue>
</operation>

<operation id="15" st_id="1" stage="1" lat="1">
<core>NULL</core>
<MemPortIdVec></MemPortIdVec>
<condition id="-1">
<or_exp><and_exp></and_exp></or_exp>
</condition>

<Node id="9" bw="32" op_0_bw="32" op_1_bw="32">
<![CDATA[
:5  %bound_read = call float @_ssdm_op_Read.ap_auto.float(float %bound) nounwind

]]></Node>
<StgValue><ssdm name="bound_read"/></StgValue>
</operation>

<operation id="16" st_id="1" stage="1" lat="1">
<core>NULL</core>
<MemPortIdVec></MemPortIdVec>
<condition id="-1">
<or_exp><and_exp></and_exp></or_exp>
</condition>

<Node id="10" bw="32" op_0_bw="32">
<![CDATA[
:6  %bitcast_ln7_1 = bitcast float %bound_read to i32

]]></Node>
<StgValue><ssdm name="bitcast_ln7_1"/></StgValue>
</operation>

<operation id="17" st_id="1" stage="1" lat="1">
<core>NULL</core>
<MemPortIdVec></MemPortIdVec>
<condition id="-1">
<or_exp><and_exp></and_exp></or_exp>
</condition>

<Node id="11" bw="8" op_0_bw="8" op_1_bw="32" op_2_bw="32" op_3_bw="32">
<![CDATA[
:7  %tmp_2 = call i8 @_ssdm_op_PartSelect.i8.i32.i32.i32(i32 %bitcast_ln7_1, i32 23, i32 30)

]]></Node>
<StgValue><ssdm name="tmp_2"/></StgValue>
</operation>

<operation id="18" st_id="1" stage="1" lat="1">
<core>NULL</core>
<MemPortIdVec></MemPortIdVec>
<condition id="-1">
<or_exp><and_exp></and_exp></or_exp>
</condition>

<Node id="12" bw="23" op_0_bw="32">
<![CDATA[
:8  %trunc_ln7 = trunc i32 %bitcast_ln7_1 to i23

]]></Node>
<StgValue><ssdm name="trunc_ln7"/></StgValue>
</operation>

<operation id="19" st_id="1" stage="1" lat="1">
<core>Cmp</core>
<MemPortIdVec></MemPortIdVec>
<condition id="-1">
<or_exp><and_exp></and_exp></or_exp>
</condition>

<Node id="13" bw="1" op_0_bw="8" op_1_bw="8">
<![CDATA[
:9  %icmp_ln7 = icmp ne i8 %tmp_2, -1

]]></Node>
<StgValue><ssdm name="icmp_ln7"/></StgValue>
</operation>

<operation id="20" st_id="1" stage="1" lat="1">
<core>Cmp</core>
<MemPortIdVec></MemPortIdVec>
<condition id="-1">
<or_exp><and_exp></and_exp></or_exp>
</condition>

<Node id="14" bw="1" op_0_bw="23" op_1_bw="23">
<![CDATA[
:10  %icmp_ln7_3 = icmp eq i23 %trunc_ln7, 0

]]></Node>
<StgValue><ssdm name="icmp_ln7_3"/></StgValue>
</operation>

<operation id="21" st_id="1" stage="1" lat="1">
<core>LogicGate</core>
<MemPortIdVec></MemPortIdVec>
<condition id="-1">
<or_exp><and_exp></and_exp></or_exp>
</condition>

<Node id="15" bw="1" op_0_bw="1" op_1_bw="1">
<![CDATA[
:11  %or_ln7_1 = or i1 %icmp_ln7_3, %icmp_ln7

]]></Node>
<StgValue><ssdm name="or_ln7_1"/></StgValue>
</operation>

<operation id="22" st_id="1" stage="1" lat="1">
<core>NULL</core>
<MemPortIdVec></MemPortIdVec>
<condition id="-1">
<or_exp><and_exp></and_exp></or_exp>
</condition>

<Node id="16" bw="0" op_0_bw="0">
<![CDATA[
:12  br label %1

]]></Node>
<StgValue><ssdm name="br_ln7"/></StgValue>
</operation>
</state>

<state id="2" st_id="2">

<operation id="23" st_id="2" stage="1" lat="1">
<core>NULL</core>
<MemPortIdVec></MemPortIdVec>
<condition id="-1">
<or_exp><and_exp></and_exp></or_exp>
</condition>

<Node id="19" bw="32" op_0_bw="32" op_1_bw="0" op_2_bw="32" op_3_bw="0">
<![CDATA[
:1  %sum_01 = phi float [ undef, %0 ], [ %sum, %loop ]

]]></Node>
<StgValue><ssdm name="sum_01"/></StgValue>
</operation>

<operation id="24" st_id="2" stage="1" lat="1">
<core>NULL</core>
<MemPortIdVec></MemPortIdVec>
<condition id="-1">
<or_exp><and_exp></and_exp></or_exp>
</condition>

<Node id="20" bw="32" op_0_bw="32">
<![CDATA[
:2  %bitcast_ln7 = bitcast float %sum_01 to i32

]]></Node>
<StgValue><ssdm name="bitcast_ln7"/></StgValue>
</operation>

<operation id="25" st_id="2" stage="1" lat="1">
<core>NULL</core>
<MemPortIdVec></MemPortIdVec>
<condition id="-1">
<or_exp><and_exp></and_exp></or_exp>
</condition>

<Node id="21" bw="8" op_0_bw="8" op_1_bw="32" op_2_bw="32" op_3_bw="32">
<![CDATA[
:3  %tmp = call i8 @_ssdm_op_PartSelect.i8.i32.i32.i32(i32 %bitcast_ln7, i32 23, i32 30)

]]></Node>
<StgValue><ssdm name="tmp"/></StgValue>
</operation>

<operation id="26" st_id="2" stage="1" lat="1">
<core>NULL</core>
<MemPortIdVec></MemPortIdVec>
<condition id="-1">
<or_exp><and_exp></and_exp></or_exp>
</condition>

<Node id="22" bw="23" op_0_bw="32">
<![CDATA[
:4  %trunc_ln7_1 = trunc i32 %bitcast_ln7 to i23

]]></Node>
<StgValue><ssdm name="trunc_ln7_1"/></StgValue>
</operation>

<operation id="27" st_id="2" stage="1" lat="1">
<core>Cmp</core>
<MemPortIdVec></MemPortIdVec>
<condition id="-1">
<or_exp><and_exp></and_exp></or_exp>
</condition>

<Node id="23" bw="1" op_0_bw="8" op_1_bw="8">
<![CDATA[
:5  %icmp_ln7_1 = icmp ne i8 %tmp, -1

]]></Node>
<StgValue><ssdm name="icmp_ln7_1"/></StgValue>
</operation>

<operation id="28" st_id="2" stage="1" lat="1">
<core>Cmp</core>
<MemPortIdVec></MemPortIdVec>
<condition id="-1">
<or_exp><and_exp></and_exp></or_exp>
</condition>

<Node id="24" bw="1" op_0_bw="23" op_1_bw="23">
<![CDATA[
:6  %icmp_ln7_2 = icmp eq i23 %trunc_ln7_1, 0

]]></Node>
<StgValue><ssdm name="icmp_ln7_2"/></StgValue>
</operation>

<operation id="29" st_id="2" stage="2" lat="2">
<core>FCmp</core>
<MemPortIdVec></MemPortIdVec>
<condition id="-1">
<or_exp><and_exp></and_exp></or_exp>
</condition>

<Node id="27" bw="1" op_0_bw="32" op_1_bw="32">
<![CDATA[
:9  %tmp_3 = fcmp olt float %sum_01, %bound_read

]]></Node>
<StgValue><ssdm name="tmp_3"/></StgValue>
</operation>
</state>

<state id="3" st_id="3">

<operation id="30" st_id="3" stage="1" lat="1">
<core>NULL</core>
<MemPortIdVec></MemPortIdVec>
<condition id="-1">
<or_exp><and_exp></and_exp></or_exp>
</condition>

<Node id="18" bw="32" op_0_bw="32" op_1_bw="0" op_2_bw="32" op_3_bw="0">
<![CDATA[
:0  %i_0 = phi i32 [ 0, %0 ], [ %i, %loop ]

]]></Node>
<StgValue><ssdm name="i_0"/></StgValue>
</operation>

<operation id="31" st_id="3" stage="1" lat="1">
<core>LogicGate</core>
<MemPortIdVec></MemPortIdVec>
<condition id="-1">
<or_exp><and_exp></and_exp></or_exp>
</condition>

<Node id="25" bw="1" op_0_bw="1" op_1_bw="1">
<![CDATA[
:7  %or_ln7 = or i1 %icmp_ln7_2, %icmp_ln7_1

]]></Node>
<StgValue><ssdm name="or_ln7"/></StgValue>
</operation>

<operation id="32" st_id="3" stage="1" lat="1">
<core>LogicGate</core>
<MemPortIdVec></MemPortIdVec>
<condition id="-1">
<or_exp><and_exp></and_exp></or_exp>
</condition>

<Node id="26" bw="1" op_0_bw="1" op_1_bw="1">
<![CDATA[
:8  %and_ln7_1 = and i1 %or_ln7, %or_ln7_1

]]></Node>
<StgValue><ssdm name="and_ln7_1"/></StgValue>
</operation>

<operation id="33" st_id="3" stage="1" lat="2">
<core>FCmp</core>
<MemPortIdVec></MemPortIdVec>
<condition id="-1">
<or_exp><and_exp></and_exp></or_exp>
</condition>

<Node id="27" bw="1" op_0_bw="32" op_1_bw="32">
<![CDATA[
:9  %tmp_3 = fcmp olt float %sum_01, %bound_read

]]></Node>
<StgValue><ssdm name="tmp_3"/></StgValue>
</operation>

<operation id="34" st_id="3" stage="1" lat="1">
<core>LogicGate</core>
<MemPortIdVec></MemPortIdVec>
<condition id="-1">
<or_exp><and_exp></and_exp></or_exp>
</condition>

<Node id="28" bw="1" op_0_bw="1" op_1_bw="1">
<![CDATA[
:10  %and_ln7_2 = and i1 %and_ln7_1, %tmp_3

]]></Node>
<StgValue><ssdm name="and_ln7_2"/></StgValue>
</operation>

<operation id="35" st_id="3" stage="1" lat="1">
<core>NULL</core>
<MemPortIdVec></MemPortIdVec>
<condition id="-1">
<or_exp><and_exp></and_exp></or_exp>
</condition>

<Node id="29" bw="22" op_0_bw="22" op_1_bw="32" op_2_bw="32" op_3_bw="32">
<![CDATA[
:11  %tmp_4 = call i22 @_ssdm_op_PartSelect.i22.i32.i32.i32(i32 %i_0, i32 10, i32 31)

]]></Node>
<StgValue><ssdm name="tmp_4"/></StgValue>
</operation>

<operation id="36" st_id="3" stage="1" lat="1">
<core>Cmp</core>
<MemPortIdVec></MemPortIdVec>
<condition id="-1">
<or_exp><and_exp></and_exp></or_exp>
</condition>

<Node id="30" bw="1" op_0_bw="22" op_1_bw="22">
<![CDATA[
:12  %icmp_ln7_4 = icmp slt i22 %tmp_4, 1

]]></Node>
<StgValue><ssdm name="icmp_ln7_4"/></StgValue>
</operation>

<operation id="37" st_id="3" stage="1" lat="1">
<core>LogicGate</core>
<MemPortIdVec></MemPortIdVec>
<condition id="-1">
<or_exp><and_exp></and_exp></or_exp>
</condition>

<Node id="31" bw="1" op_0_bw="1" op_1_bw="1">
<![CDATA[
:13  %and_ln7 = and i1 %and_ln7_2, %icmp_ln7_4

]]></Node>
<StgValue><ssdm name="and_ln7"/></StgValue>
</operation>

<operation id="38" st_id="3" stage="1" lat="1">
<core>AddSub</core>
<MemPortIdVec></MemPortIdVec>
<condition id="-1">
<or_exp><and_exp></and_exp></or_exp>
</condition>

<Node id="32" bw="32" op_0_bw="32" op_1_bw="32">
<![CDATA[
:14  %i = add nsw i32 1, %i_0

]]></Node>
<StgValue><ssdm name="i"/></StgValue>
</operation>

<operation id="39" st_id="3" stage="1" lat="1">
<core>NULL</core>
<MemPortIdVec></MemPortIdVec>
<condition id="-1">
<or_exp><and_exp></and_exp></or_exp>
</condition>

<Node id="33" bw="0" op_0_bw="1" op_1_bw="0" op_2_bw="0">
<![CDATA[
:15  br i1 %and_ln7, label %loop, label %2

]]></Node>
<StgValue><ssdm name="br_ln7"/></StgValue>
</operation>

<operation id="40" st_id="3" stage="1" lat="1">
<core>NULL</core>
<MemPortIdVec></MemPortIdVec>
<condition id="-1">
<or_exp><and_exp><literal name="and_ln7" val="1"/>
</and_exp></or_exp>
</condition>

<Node id="38" bw="64" op_0_bw="32">
<![CDATA[
loop:3  %sext_ln9 = sext i32 %i_0 to i64

]]></Node>
<StgValue><ssdm name="sext_ln9"/></StgValue>
</operation>

<operation id="41" st_id="3" stage="1" lat="1">
<core>NULL</core>
<MemPortIdVec></MemPortIdVec>
<condition id="-1">
<or_exp><and_exp><literal name="and_ln7" val="1"/>
</and_exp></or_exp>
</condition>

<Node id="39" bw="10" op_0_bw="32" op_1_bw="64" op_2_bw="64">
<![CDATA[
loop:4  %a_addr = getelementptr [1024 x float]* %a, i64 0, i64 %sext_ln9

]]></Node>
<StgValue><ssdm name="a_addr"/></StgValue>
</operation>

<operation id="42" st_id="3" stage="2" lat="2">
<core>RAM</core>
<MemPortIdVec>0 </MemPortIdVec>
<condition id="-1">
<or_exp><and_exp><literal name="and_ln7" val="1"/>
</and_exp></or_exp>
</condition>

<Node id="40" bw="32" op_0_bw="10">
<![CDATA[
loop:5  %a_load = load float* %a_addr, align 4

]]></Node>
<StgValue><ssdm name="a_load"/></StgValue>
</operation>

<operation id="43" st_id="3" stage="1" lat="1">
<core>NULL</core>
<MemPortIdVec></MemPortIdVec>
<condition id="-1">
<or_exp><and_exp><literal name="and_ln7" val="1"/>
</and_exp></or_exp>
</condition>

<Node id="41" bw="10" op_0_bw="32" op_1_bw="64" op_2_bw="64">
<![CDATA[
loop:6  %b_addr = getelementptr [1024 x float]* %b, i64 0, i64 %sext_ln9

]]></Node>
<StgValue><ssdm name="b_addr"/></StgValue>
</operation>

<operation id="44" st_id="3" stage="2" lat="2">
<core>RAM</core>
<MemPortIdVec>0 </MemPortIdVec>
<condition id="-1">
<or_exp><and_exp><literal name="and_ln7" val="1"/>
</and_exp></or_exp>
</condition>

<Node id="42" bw="32" op_0_bw="10">
<![CDATA[
loop:7  %b_load = load float* %b_addr, align 4

]]></Node>
<StgValue><ssdm name="b_load"/></StgValue>
</operation>
</state>

<state id="4" st_id="4">

<operation id="45" st_id="4" stage="1" lat="2">
<core>RAM</core>
<MemPortIdVec>0 </MemPortIdVec>
<condition id="-1">
<or_exp><and_exp></and_exp></or_exp>
</condition>

<Node id="40" bw="32" op_0_bw="10">
<![CDATA[
loop:5  %a_load = load float* %a_addr, align 4

]]></Node>
<StgValue><ssdm name="a_load"/></StgValue>
</operation>

<operation id="46" st_id="4" stage="1" lat="2">
<core>RAM</core>
<MemPortIdVec>0 </MemPortIdVec>
<condition id="-1">
<or_exp><and_exp></and_exp></or_exp>
</condition>

<Node id="42" bw="32" op_0_bw="10">
<![CDATA[
loop:7  %b_load = load float* %b_addr, align 4

]]></Node>
<StgValue><ssdm name="b_load"/></StgValue>
</operation>
</state>

<state id="5" st_id="5">

<operation id="47" st_id="5" stage="4" lat="4">
<core>FAddSub</core>
<MemPortIdVec></MemPortIdVec>
<condition id="-1">
<or_exp><and_exp></and_exp></or_exp>
</condition>

<Node id="43" bw="32" op_0_bw="32" op_1_bw="32">
<![CDATA[
loop:8  %sum = fadd float %a_load, %b_load

]]></Node>
<StgValue><ssdm name="sum"/></StgValue>
</operation>
</state>

<state id="6" st_id="6">

<operation id="48" st_id="6" stage="3" lat="4">
<core>FAddSub</core>
<MemPortIdVec></MemPortIdVec>
<condition id="-1">
<or_exp><and_exp></and_exp></or_exp>
</condition>

<Node id="43" bw="32" op_0_bw="32" op_1_bw="32">
<![CDATA[
loop:8  %sum = fadd float %a_load, %b_load

]]></Node>
<StgValue><ssdm name="sum"/></StgValue>
</operation>
</state>

<state id="7" st_id="7">

<operation id="49" st_id="7" stage="2" lat="4">
<core>FAddSub</core>
<MemPortIdVec></MemPortIdVec>
<condition id="-1">
<or_exp><and_exp></and_exp></or_exp>
</condition>

<Node id="43" bw="32" op_0_bw="32" op_1_bw="32">
<![CDATA[
loop:8  %sum = fadd float %a_load, %b_load

]]></Node>
<StgValue><ssdm name="sum"/></StgValue>
</operation>
</state>

<state id="8" st_id="8">

<operation id="50" st_id="8" stage="1" lat="1">
<core>NULL</core>
<MemPortIdVec></MemPortIdVec>
<condition id="-1">
<or_exp><and_exp></and_exp></or_exp>
</condition>

<Node id="35" bw="0" op_0_bw="0" op_1_bw="0">
<![CDATA[
loop:0  call void (...)* @_ssdm_op_SpecLoopName([5 x i8]* @p_str) nounwind

]]></Node>
<StgValue><ssdm name="specloopname_ln8"/></StgValue>
</operation>

<operation id="51" st_id="8" stage="1" lat="1">
<core>NULL</core>
<MemPortIdVec></MemPortIdVec>
<condition id="-1">
<or_exp><and_exp></and_exp></or_exp>
</condition>

<Node id="36" bw="32" op_0_bw="32" op_1_bw="0">
<![CDATA[
loop:1  %tmp_1 = call i32 (...)* @_ssdm_op_SpecRegionBegin([5 x i8]* @p_str) nounwind

]]></Node>
<StgValue><ssdm name="tmp_1"/></StgValue>
</operation>

<operation id="52" st_id="8" stage="1" lat="1">
<core>NULL</core>
<MemPortIdVec></MemPortIdVec>
<condition id="-1">
<or_exp><and_exp></and_exp></or_exp>
</condition>

<Node id="37" bw="0" op_0_bw="0" op_1_bw="32" op_2_bw="32" op_3_bw="32" op_4_bw="32" op_5_bw="0">
<![CDATA[
loop:2  call void (...)* @_ssdm_op_SpecPipeline(i32 -1, i32 1, i32 1, i32 0, [1 x i8]* @p_str1) nounwind

]]></Node>
<StgValue><ssdm name="specpipeline_ln9"/></StgValue>
</operation>

<operation id="53" st_id="8" stage="1" lat="4">
<core>FAddSub</core>
<MemPortIdVec></MemPortIdVec>
<condition id="-1">
<or_exp><and_exp></and_exp></or_exp>
</condition>

<Node id="43" bw="32" op_0_bw="32" op_1_bw="32">
<![CDATA[
loop:8  %sum = fadd float %a_load, %b_load

]]></Node>
<StgValue><ssdm name="sum"/></StgValue>
</operation>

<operation id="54" st_id="8" stage="1" lat="1">
<core>NULL</core>
<MemPortIdVec></MemPortIdVec>
<condition id="-1">
<or_exp><and_exp></and_exp></or_exp>
</condition>

<Node id="44" bw="32" op_0_bw="32" op_1_bw="0" op_2_bw="32">
<![CDATA[
loop:9  %empty = call i32 (...)* @_ssdm_op_SpecRegionEnd([5 x i8]* @p_str, i32 %tmp_1) nounwind

]]></Node>
<StgValue><ssdm name="empty"/></StgValue>
</operation>

<operation id="55" st_id="8" stage="1" lat="1">
<core>NULL</core>
<MemPortIdVec></MemPortIdVec>
<condition id="-1">
<or_exp><and_exp></and_exp></or_exp>
</condition>

<Node id="45" bw="0" op_0_bw="0">
<![CDATA[
loop:10  br label %1

]]></Node>
<StgValue><ssdm name="br_ln11"/></StgValue>
</operation>
</state>

<state id="9" st_id="9">

<operation id="56" st_id="9" stage="1" lat="1">
<core>NULL</core>
<MemPortIdVec></MemPortIdVec>
<condition id="-1">
<or_exp><and_exp></and_exp></or_exp>
</condition>

<Node id="47" bw="0" op_0_bw="32">
<![CDATA[
:0  ret float %sum_01

]]></Node>
<StgValue><ssdm name="ret_ln12"/></StgValue>
</operation>
</state>
</state_list>


<ports>
<port id="76" name="bound" dir="0" iftype="0">
<core>NULL</core><StgValue><ssdm name="bound"/></StgValue>
</port>
<port id="77" name="a" dir="0" iftype="1">
<core>RAM</core><StgValue><ssdm name="a"/><MemPortTyVec>1 3 </MemPortTyVec>
</StgValue>
</port>
<port id="78" name="b" dir="0" iftype="1">
<core>RAM</core><StgValue><ssdm name="b"/><MemPortTyVec>1 3 </MemPortTyVec>
</StgValue>
</port>
</ports>


<dataflows>
<dataflow id="80" from="_ssdm_op_SpecBitsMap" to="specbitsmap_ln0" fromId="79" toId="10">
</dataflow>
<dataflow id="81" from="bound" to="specbitsmap_ln0" fromId="76" toId="10">
</dataflow>
<dataflow id="82" from="_ssdm_op_SpecBitsMap" to="specbitsmap_ln0" fromId="79" toId="11">
</dataflow>
<dataflow id="83" from="a" to="specbitsmap_ln0" fromId="77" toId="11">
</dataflow>
<dataflow id="84" from="_ssdm_op_SpecBitsMap" to="specbitsmap_ln0" fromId="79" toId="12">
</dataflow>
<dataflow id="85" from="b" to="specbitsmap_ln0" fromId="78" toId="12">
</dataflow>
<dataflow id="86" from="_ssdm_op_SpecBitsMap" to="specbitsmap_ln0" fromId="79" toId="13">
</dataflow>
<dataflow id="88" from="StgValue_87" to="specbitsmap_ln0" fromId="87" toId="13">
</dataflow>
<dataflow id="90" from="_ssdm_op_SpecTopModule" to="spectopmodule_ln0" fromId="89" toId="14">
</dataflow>
<dataflow id="92" from="kernel5_str" to="spectopmodule_ln0" fromId="91" toId="14">
</dataflow>
<dataflow id="94" from="_ssdm_op_Read.ap_auto.float" to="bound_read" fromId="93" toId="15">
</dataflow>
<dataflow id="95" from="bound" to="bound_read" fromId="76" toId="15">
</dataflow>
<dataflow id="96" from="bound_read" to="bitcast_ln7_1" fromId="15" toId="16">
</dataflow>
<dataflow id="98" from="_ssdm_op_PartSelect.i8.i32.i32.i32" to="tmp_2" fromId="97" toId="17">
</dataflow>
<dataflow id="99" from="bitcast_ln7_1" to="tmp_2" fromId="16" toId="17">
</dataflow>
<dataflow id="101" from="StgValue_100" to="tmp_2" fromId="100" toId="17">
</dataflow>
<dataflow id="103" from="StgValue_102" to="tmp_2" fromId="102" toId="17">
</dataflow>
<dataflow id="104" from="bitcast_ln7_1" to="trunc_ln7" fromId="16" toId="18">
</dataflow>
<dataflow id="105" from="tmp_2" to="icmp_ln7" fromId="17" toId="19">
</dataflow>
<dataflow id="107" from="StgValue_106" to="icmp_ln7" fromId="106" toId="19">
</dataflow>
<dataflow id="108" from="trunc_ln7" to="icmp_ln7_3" fromId="18" toId="20">
</dataflow>
<dataflow id="110" from="StgValue_109" to="icmp_ln7_3" fromId="109" toId="20">
</dataflow>
<dataflow id="111" from="icmp_ln7_3" to="or_ln7_1" fromId="20" toId="21">
</dataflow>
<dataflow id="112" from="icmp_ln7" to="or_ln7_1" fromId="19" toId="21">
</dataflow>
<dataflow id="114" from="StgValue_113" to="sum_01" fromId="113" toId="23">
<condition id="-1">
<or_exp><and_exp></and_exp></or_exp>
</condition>
</dataflow>
<dataflow id="115" from="br_ln7" to="sum_01" fromId="22" toId="23">
</dataflow>
<dataflow id="116" from="sum" to="sum_01" fromId="53" toId="23">
<BackEdge/>
<condition id="-1">
<or_exp><and_exp></and_exp></or_exp>
</condition>
</dataflow>
<dataflow id="117" from="br_ln11" to="sum_01" fromId="55" toId="23">
<BackEdge/>
</dataflow>
<dataflow id="118" from="sum_01" to="bitcast_ln7" fromId="23" toId="24">
</dataflow>
<dataflow id="119" from="_ssdm_op_PartSelect.i8.i32.i32.i32" to="tmp" fromId="97" toId="25">
</dataflow>
<dataflow id="120" from="bitcast_ln7" to="tmp" fromId="24" toId="25">
</dataflow>
<dataflow id="121" from="StgValue_100" to="tmp" fromId="100" toId="25">
</dataflow>
<dataflow id="122" from="StgValue_102" to="tmp" fromId="102" toId="25">
</dataflow>
<dataflow id="123" from="bitcast_ln7" to="trunc_ln7_1" fromId="24" toId="26">
</dataflow>
<dataflow id="124" from="tmp" to="icmp_ln7_1" fromId="25" toId="27">
</dataflow>
<dataflow id="125" from="StgValue_106" to="icmp_ln7_1" fromId="106" toId="27">
</dataflow>
<dataflow id="126" from="trunc_ln7_1" to="icmp_ln7_2" fromId="26" toId="28">
</dataflow>
<dataflow id="127" from="StgValue_109" to="icmp_ln7_2" fromId="109" toId="28">
</dataflow>
<dataflow id="128" from="sum_01" to="tmp_3" fromId="23" toId="29">
</dataflow>
<dataflow id="129" from="bound_read" to="tmp_3" fromId="15" toId="29">
</dataflow>
<dataflow id="131" from="StgValue_130" to="i_0" fromId="130" toId="30">
<condition id="-1">
<or_exp><and_exp></and_exp></or_exp>
</condition>
</dataflow>
<dataflow id="132" from="br_ln7" to="i_0" fromId="22" toId="30">
</dataflow>
<dataflow id="133" from="i" to="i_0" fromId="38" toId="30">
<BackEdge/>
<condition id="-1">
<or_exp><and_exp></and_exp></or_exp>
</condition>
</dataflow>
<dataflow id="134" from="br_ln11" to="i_0" fromId="55" toId="30">
<BackEdge/>
</dataflow>
<dataflow id="135" from="icmp_ln7_2" to="or_ln7" fromId="28" toId="31">
</dataflow>
<dataflow id="136" from="icmp_ln7_1" to="or_ln7" fromId="27" toId="31">
</dataflow>
<dataflow id="137" from="or_ln7" to="and_ln7_1" fromId="31" toId="32">
</dataflow>
<dataflow id="138" from="or_ln7_1" to="and_ln7_1" fromId="21" toId="32">
</dataflow>
<dataflow id="139" from="sum_01" to="tmp_3" fromId="23" toId="33">
</dataflow>
<dataflow id="140" from="bound_read" to="tmp_3" fromId="15" toId="33">
</dataflow>
<dataflow id="141" from="and_ln7_1" to="and_ln7_2" fromId="32" toId="34">
</dataflow>
<dataflow id="142" from="tmp_3" to="and_ln7_2" fromId="33" toId="34">
</dataflow>
<dataflow id="144" from="_ssdm_op_PartSelect.i22.i32.i32.i32" to="tmp_4" fromId="143" toId="35">
</dataflow>
<dataflow id="145" from="i_0" to="tmp_4" fromId="30" toId="35">
</dataflow>
<dataflow id="147" from="StgValue_146" to="tmp_4" fromId="146" toId="35">
</dataflow>
<dataflow id="149" from="StgValue_148" to="tmp_4" fromId="148" toId="35">
</dataflow>
<dataflow id="150" from="tmp_4" to="icmp_ln7_4" fromId="35" toId="36">
</dataflow>
<dataflow id="152" from="StgValue_151" to="icmp_ln7_4" fromId="151" toId="36">
</dataflow>
<dataflow id="153" from="and_ln7_2" to="and_ln7" fromId="34" toId="37">
</dataflow>
<dataflow id="154" from="icmp_ln7_4" to="and_ln7" fromId="36" toId="37">
</dataflow>
<dataflow id="156" from="StgValue_155" to="i" fromId="155" toId="38">
</dataflow>
<dataflow id="157" from="i_0" to="i" fromId="30" toId="38">
</dataflow>
<dataflow id="158" from="and_ln7" to="br_ln7" fromId="37" toId="39">
</dataflow>
<dataflow id="159" from="i_0" to="sext_ln9" fromId="30" toId="40">
</dataflow>
<dataflow id="160" from="a" to="a_addr" fromId="77" toId="41">
</dataflow>
<dataflow id="162" from="StgValue_161" to="a_addr" fromId="161" toId="41">
</dataflow>
<dataflow id="163" from="sext_ln9" to="a_addr" fromId="40" toId="41">
</dataflow>
<dataflow id="164" from="a_addr" to="a_load" fromId="41" toId="42">
</dataflow>
<dataflow id="165" from="b" to="b_addr" fromId="78" toId="43">
</dataflow>
<dataflow id="166" from="StgValue_161" to="b_addr" fromId="161" toId="43">
</dataflow>
<dataflow id="167" from="sext_ln9" to="b_addr" fromId="40" toId="43">
</dataflow>
<dataflow id="168" from="b_addr" to="b_load" fromId="43" toId="44">
</dataflow>
<dataflow id="169" from="a_addr" to="a_load" fromId="41" toId="45">
</dataflow>
<dataflow id="170" from="b_addr" to="b_load" fromId="43" toId="46">
</dataflow>
<dataflow id="171" from="a_load" to="sum" fromId="45" toId="47">
</dataflow>
<dataflow id="172" from="b_load" to="sum" fromId="46" toId="47">
</dataflow>
<dataflow id="173" from="a_load" to="sum" fromId="45" toId="48">
</dataflow>
<dataflow id="174" from="b_load" to="sum" fromId="46" toId="48">
</dataflow>
<dataflow id="175" from="a_load" to="sum" fromId="45" toId="49">
</dataflow>
<dataflow id="176" from="b_load" to="sum" fromId="46" toId="49">
</dataflow>
<dataflow id="178" from="_ssdm_op_SpecLoopName" to="specloopname_ln8" fromId="177" toId="50">
</dataflow>
<dataflow id="180" from="p_str" to="specloopname_ln8" fromId="179" toId="50">
</dataflow>
<dataflow id="182" from="_ssdm_op_SpecRegionBegin" to="tmp_1" fromId="181" toId="51">
</dataflow>
<dataflow id="183" from="p_str" to="tmp_1" fromId="179" toId="51">
</dataflow>
<dataflow id="185" from="_ssdm_op_SpecPipeline" to="specpipeline_ln9" fromId="184" toId="52">
</dataflow>
<dataflow id="187" from="StgValue_186" to="specpipeline_ln9" fromId="186" toId="52">
</dataflow>
<dataflow id="188" from="StgValue_155" to="specpipeline_ln9" fromId="155" toId="52">
</dataflow>
<dataflow id="189" from="StgValue_155" to="specpipeline_ln9" fromId="155" toId="52">
</dataflow>
<dataflow id="190" from="StgValue_130" to="specpipeline_ln9" fromId="130" toId="52">
</dataflow>
<dataflow id="192" from="p_str1" to="specpipeline_ln9" fromId="191" toId="52">
</dataflow>
<dataflow id="193" from="a_load" to="sum" fromId="45" toId="53">
</dataflow>
<dataflow id="194" from="b_load" to="sum" fromId="46" toId="53">
</dataflow>
<dataflow id="196" from="_ssdm_op_SpecRegionEnd" to="empty" fromId="195" toId="54">
</dataflow>
<dataflow id="197" from="p_str" to="empty" fromId="179" toId="54">
</dataflow>
<dataflow id="198" from="tmp_1" to="empty" fromId="51" toId="54">
</dataflow>
<dataflow id="199" from="sum_01" to="ret_ln12" fromId="23" toId="56">
</dataflow>
<dataflow id="200" from="and_ln7" to="StgValue_3" fromId="37" toId="3">
</dataflow>
</dataflows>


</stg>
