<stg><name>kernel1</name>


<trans_list>

<trans id="26" from="1" to="2">
<condition id="-1">
<or_exp><and_exp></and_exp></or_exp>
</condition>
</trans>

<trans id="33" from="2" to="4">
<condition id="-1">
<or_exp><and_exp><literal name="icmp_ln6" val="1"/>
</and_exp></or_exp>
</condition>
</trans>

<trans id="34" from="2" to="3">
<condition id="-1">
<or_exp><and_exp><literal name="icmp_ln6" val="0"/>
</and_exp></or_exp>
</condition>
</trans>

<trans id="32" from="3" to="2">
<condition id="-1">
<or_exp><and_exp></and_exp></or_exp>
</condition>
</trans>
</trans_list>



<state_list>

<state id="1" st_id="1">

<operation id="5" st_id="1" stage="1" lat="1">
<core>NULL</core>
<MemPortIdVec></MemPortIdVec>
<condition id="-1">
<or_exp><and_exp></and_exp></or_exp>
</condition>

<Node id="2" bw="0" op_0_bw="0" op_1_bw="32">
<![CDATA[
:0  call void (...)* @_ssdm_op_SpecBitsMap([1024 x i32]* %array_r) nounwind, !map !7

]]></Node>
<StgValue><ssdm name="specbitsmap_ln0"/></StgValue>
</operation>

<operation id="6" st_id="1" stage="1" lat="1">
<core>NULL</core>
<MemPortIdVec></MemPortIdVec>
<condition id="-1">
<or_exp><and_exp></and_exp></or_exp>
</condition>

<Node id="3" bw="0" op_0_bw="0" op_1_bw="0">
<![CDATA[
:1  call void (...)* @_ssdm_op_SpecTopModule([8 x i8]* @kernel1_str) nounwind

]]></Node>
<StgValue><ssdm name="spectopmodule_ln0"/></StgValue>
</operation>

<operation id="7" st_id="1" stage="1" lat="1">
<core>NULL</core>
<MemPortIdVec></MemPortIdVec>
<condition id="-1">
<or_exp><and_exp></and_exp></or_exp>
</condition>

<Node id="4" bw="0" op_0_bw="0">
<![CDATA[
:2  br label %1

]]></Node>
<StgValue><ssdm name="br_ln6"/></StgValue>
</operation>
</state>

<state id="2" st_id="2">

<operation id="8" st_id="2" stage="1" lat="1">
<core>NULL</core>
<MemPortIdVec></MemPortIdVec>
<condition id="-1">
<or_exp><and_exp></and_exp></or_exp>
</condition>

<Node id="6" bw="11" op_0_bw="11" op_1_bw="0" op_2_bw="11" op_3_bw="0">
<![CDATA[
:0  %i_0 = phi i11 [ 0, %0 ], [ %i, %loop ]

]]></Node>
<StgValue><ssdm name="i_0"/></StgValue>
</operation>

<operation id="9" st_id="2" stage="1" lat="1">
<core>Cmp</core>
<MemPortIdVec></MemPortIdVec>
<condition id="-1">
<or_exp><and_exp></and_exp></or_exp>
</condition>

<Node id="7" bw="1" op_0_bw="11" op_1_bw="11">
<![CDATA[
:1  %icmp_ln6 = icmp eq i11 %i_0, -1024

]]></Node>
<StgValue><ssdm name="icmp_ln6"/></StgValue>
</operation>

<operation id="10" st_id="2" stage="1" lat="1">
<core>NULL</core>
<MemPortIdVec></MemPortIdVec>
<condition id="-1">
<or_exp><and_exp></and_exp></or_exp>
</condition>

<Node id="8" bw="32" op_0_bw="32" op_1_bw="64" op_2_bw="64" op_3_bw="64">
<![CDATA[
:2  %empty = call i32 (...)* @_ssdm_op_SpecLoopTripCount(i64 1024, i64 1024, i64 1024) nounwind

]]></Node>
<StgValue><ssdm name="empty"/></StgValue>
</operation>

<operation id="11" st_id="2" stage="1" lat="1">
<core>AddSub</core>
<MemPortIdVec></MemPortIdVec>
<condition id="-1">
<or_exp><and_exp></and_exp></or_exp>
</condition>

<Node id="9" bw="11" op_0_bw="11" op_1_bw="11">
<![CDATA[
:3  %i = add i11 %i_0, 1

]]></Node>
<StgValue><ssdm name="i"/></StgValue>
</operation>

<operation id="12" st_id="2" stage="1" lat="1">
<core>NULL</core>
<MemPortIdVec></MemPortIdVec>
<condition id="-1">
<or_exp><and_exp></and_exp></or_exp>
</condition>

<Node id="10" bw="0" op_0_bw="1" op_1_bw="0" op_2_bw="0">
<![CDATA[
:4  br i1 %icmp_ln6, label %2, label %loop

]]></Node>
<StgValue><ssdm name="br_ln6"/></StgValue>
</operation>

<operation id="13" st_id="2" stage="1" lat="1">
<core>NULL</core>
<MemPortIdVec></MemPortIdVec>
<condition id="-1">
<or_exp><and_exp><literal name="icmp_ln6" val="0"/>
</and_exp></or_exp>
</condition>

<Node id="15" bw="64" op_0_bw="11">
<![CDATA[
loop:3  %zext_ln7 = zext i11 %i_0 to i64

]]></Node>
<StgValue><ssdm name="zext_ln7"/></StgValue>
</operation>

<operation id="14" st_id="2" stage="1" lat="1">
<core>NULL</core>
<MemPortIdVec></MemPortIdVec>
<condition id="-1">
<or_exp><and_exp><literal name="icmp_ln6" val="0"/>
</and_exp></or_exp>
</condition>

<Node id="16" bw="10" op_0_bw="32" op_1_bw="64" op_2_bw="64">
<![CDATA[
loop:4  %array_addr = getelementptr [1024 x i32]* %array_r, i64 0, i64 %zext_ln7

]]></Node>
<StgValue><ssdm name="array_addr"/></StgValue>
</operation>

<operation id="15" st_id="2" stage="2" lat="2">
<core>RAM</core>
<MemPortIdVec>0 </MemPortIdVec>
<condition id="-1">
<or_exp><and_exp><literal name="icmp_ln6" val="0"/>
</and_exp></or_exp>
</condition>

<Node id="17" bw="32" op_0_bw="10">
<![CDATA[
loop:5  %array_load = load i32* %array_addr, align 4

]]></Node>
<StgValue><ssdm name="array_load"/></StgValue>
</operation>
</state>

<state id="3" st_id="3">

<operation id="16" st_id="3" stage="1" lat="1">
<core>NULL</core>
<MemPortIdVec></MemPortIdVec>
<condition id="-1">
<or_exp><and_exp><literal name="icmp_ln6" val="0"/>
</and_exp></or_exp>
</condition>

<Node id="12" bw="0" op_0_bw="0" op_1_bw="0">
<![CDATA[
loop:0  call void (...)* @_ssdm_op_SpecLoopName([5 x i8]* @p_str) nounwind

]]></Node>
<StgValue><ssdm name="specloopname_ln7"/></StgValue>
</operation>

<operation id="17" st_id="3" stage="1" lat="1">
<core>NULL</core>
<MemPortIdVec></MemPortIdVec>
<condition id="-1">
<or_exp><and_exp><literal name="icmp_ln6" val="0"/>
</and_exp></or_exp>
</condition>

<Node id="13" bw="32" op_0_bw="32" op_1_bw="0">
<![CDATA[
loop:1  %tmp = call i32 (...)* @_ssdm_op_SpecRegionBegin([5 x i8]* @p_str) nounwind

]]></Node>
<StgValue><ssdm name="tmp"/></StgValue>
</operation>

<operation id="18" st_id="3" stage="1" lat="1">
<core>NULL</core>
<MemPortIdVec></MemPortIdVec>
<condition id="-1">
<or_exp><and_exp><literal name="icmp_ln6" val="0"/>
</and_exp></or_exp>
</condition>

<Node id="14" bw="0" op_0_bw="0" op_1_bw="32" op_2_bw="32" op_3_bw="32" op_4_bw="32" op_5_bw="0">
<![CDATA[
loop:2  call void (...)* @_ssdm_op_SpecPipeline(i32 -1, i32 1, i32 1, i32 0, [1 x i8]* @p_str1) nounwind

]]></Node>
<StgValue><ssdm name="specpipeline_ln7"/></StgValue>
</operation>

<operation id="19" st_id="3" stage="1" lat="2">
<core>RAM</core>
<MemPortIdVec>0 </MemPortIdVec>
<condition id="-1">
<or_exp><and_exp><literal name="icmp_ln6" val="0"/>
</and_exp></or_exp>
</condition>

<Node id="17" bw="32" op_0_bw="10">
<![CDATA[
loop:5  %array_load = load i32* %array_addr, align 4

]]></Node>
<StgValue><ssdm name="array_load"/></StgValue>
</operation>

<operation id="20" st_id="3" stage="1" lat="1">
<core>NULL</core>
<MemPortIdVec></MemPortIdVec>
<condition id="-1">
<or_exp><and_exp><literal name="icmp_ln6" val="0"/>
</and_exp></or_exp>
</condition>

<Node id="18" bw="32" op_0_bw="32" op_1_bw="32">
<![CDATA[
loop:6  %shl_ln7 = shl i32 %array_load, 2

]]></Node>
<StgValue><ssdm name="shl_ln7"/></StgValue>
</operation>

<operation id="21" st_id="3" stage="1" lat="1">
<core>AddSub</core>
<MemPortIdVec></MemPortIdVec>
<condition id="-1">
<or_exp><and_exp><literal name="icmp_ln6" val="0"/>
</and_exp></or_exp>
</condition>

<Node id="19" bw="32" op_0_bw="32" op_1_bw="32">
<![CDATA[
loop:7  %add_ln7 = add i32 %array_load, %shl_ln7

]]></Node>
<StgValue><ssdm name="add_ln7"/></StgValue>
</operation>

<operation id="22" st_id="3" stage="1" lat="1">
<core>RAM</core>
<MemPortIdVec>1 </MemPortIdVec>
<condition id="-1">
<or_exp><and_exp><literal name="icmp_ln6" val="0"/>
</and_exp></or_exp>
</condition>

<Node id="20" bw="0" op_0_bw="32" op_1_bw="10" op_2_bw="32">
<![CDATA[
loop:8  store i32 %add_ln7, i32* %array_addr, align 4

]]></Node>
<StgValue><ssdm name="store_ln7"/></StgValue>
</operation>

<operation id="23" st_id="3" stage="1" lat="1">
<core>NULL</core>
<MemPortIdVec></MemPortIdVec>
<condition id="-1">
<or_exp><and_exp><literal name="icmp_ln6" val="0"/>
</and_exp></or_exp>
</condition>

<Node id="21" bw="32" op_0_bw="32" op_1_bw="0" op_2_bw="32">
<![CDATA[
loop:9  %empty_2 = call i32 (...)* @_ssdm_op_SpecRegionEnd([5 x i8]* @p_str, i32 %tmp) nounwind

]]></Node>
<StgValue><ssdm name="empty_2"/></StgValue>
</operation>

<operation id="24" st_id="3" stage="1" lat="1">
<core>NULL</core>
<MemPortIdVec></MemPortIdVec>
<condition id="-1">
<or_exp><and_exp><literal name="icmp_ln6" val="0"/>
</and_exp></or_exp>
</condition>

<Node id="22" bw="0" op_0_bw="0">
<![CDATA[
loop:10  br label %1

]]></Node>
<StgValue><ssdm name="br_ln6"/></StgValue>
</operation>
</state>

<state id="4" st_id="4">

<operation id="25" st_id="4" stage="1" lat="1">
<core>NULL</core>
<MemPortIdVec></MemPortIdVec>
<condition id="-1">
<or_exp><and_exp></and_exp></or_exp>
</condition>

<Node id="24" bw="0">
<![CDATA[
:0  ret void

]]></Node>
<StgValue><ssdm name="ret_ln8"/></StgValue>
</operation>
</state>
</state_list>


<ports>
<port id="35" name="array_r" dir="2" iftype="1">
<core>RAM</core><StgValue><ssdm name="array_r"/><MemPortTyVec>1 0 </MemPortTyVec>
</StgValue>
</port>
</ports>


<dataflows>
<dataflow id="37" from="_ssdm_op_SpecBitsMap" to="specbitsmap_ln0" fromId="36" toId="5">
</dataflow>
<dataflow id="38" from="array_r" to="specbitsmap_ln0" fromId="35" toId="5">
</dataflow>
<dataflow id="40" from="_ssdm_op_SpecTopModule" to="spectopmodule_ln0" fromId="39" toId="6">
</dataflow>
<dataflow id="42" from="kernel1_str" to="spectopmodule_ln0" fromId="41" toId="6">
</dataflow>
<dataflow id="44" from="StgValue_43" to="i_0" fromId="43" toId="8">
<condition id="-1">
<or_exp><and_exp></and_exp></or_exp>
</condition>
</dataflow>
<dataflow id="45" from="br_ln6" to="i_0" fromId="7" toId="8">
</dataflow>
<dataflow id="46" from="i" to="i_0" fromId="11" toId="8">
<BackEdge/>
<condition id="-1">
<or_exp><and_exp><literal name="icmp_ln6" val="0"/>
</and_exp></or_exp>
</condition>
</dataflow>
<dataflow id="47" from="br_ln6" to="i_0" fromId="24" toId="8">
<BackEdge/>
</dataflow>
<dataflow id="48" from="i_0" to="icmp_ln6" fromId="8" toId="9">
</dataflow>
<dataflow id="50" from="StgValue_49" to="icmp_ln6" fromId="49" toId="9">
</dataflow>
<dataflow id="52" from="_ssdm_op_SpecLoopTripCount" to="empty" fromId="51" toId="10">
</dataflow>
<dataflow id="54" from="StgValue_53" to="empty" fromId="53" toId="10">
</dataflow>
<dataflow id="55" from="StgValue_53" to="empty" fromId="53" toId="10">
</dataflow>
<dataflow id="56" from="StgValue_53" to="empty" fromId="53" toId="10">
</dataflow>
<dataflow id="57" from="i_0" to="i" fromId="8" toId="11">
</dataflow>
<dataflow id="59" from="StgValue_58" to="i" fromId="58" toId="11">
</dataflow>
<dataflow id="60" from="icmp_ln6" to="br_ln6" fromId="9" toId="12">
</dataflow>
<dataflow id="61" from="i_0" to="zext_ln7" fromId="8" toId="13">
</dataflow>
<dataflow id="62" from="array_r" to="array_addr" fromId="35" toId="14">
</dataflow>
<dataflow id="64" from="StgValue_63" to="array_addr" fromId="63" toId="14">
</dataflow>
<dataflow id="65" from="zext_ln7" to="array_addr" fromId="13" toId="14">
</dataflow>
<dataflow id="66" from="array_addr" to="array_load" fromId="14" toId="15">
</dataflow>
<dataflow id="68" from="_ssdm_op_SpecLoopName" to="specloopname_ln7" fromId="67" toId="16">
</dataflow>
<dataflow id="70" from="p_str" to="specloopname_ln7" fromId="69" toId="16">
</dataflow>
<dataflow id="72" from="_ssdm_op_SpecRegionBegin" to="tmp" fromId="71" toId="17">
</dataflow>
<dataflow id="73" from="p_str" to="tmp" fromId="69" toId="17">
</dataflow>
<dataflow id="75" from="_ssdm_op_SpecPipeline" to="specpipeline_ln7" fromId="74" toId="18">
</dataflow>
<dataflow id="77" from="StgValue_76" to="specpipeline_ln7" fromId="76" toId="18">
</dataflow>
<dataflow id="79" from="StgValue_78" to="specpipeline_ln7" fromId="78" toId="18">
</dataflow>
<dataflow id="80" from="StgValue_78" to="specpipeline_ln7" fromId="78" toId="18">
</dataflow>
<dataflow id="82" from="StgValue_81" to="specpipeline_ln7" fromId="81" toId="18">
</dataflow>
<dataflow id="84" from="p_str1" to="specpipeline_ln7" fromId="83" toId="18">
</dataflow>
<dataflow id="85" from="array_addr" to="array_load" fromId="14" toId="19">
</dataflow>
<dataflow id="86" from="array_load" to="shl_ln7" fromId="19" toId="20">
</dataflow>
<dataflow id="88" from="StgValue_87" to="shl_ln7" fromId="87" toId="20">
</dataflow>
<dataflow id="89" from="array_load" to="add_ln7" fromId="19" toId="21">
</dataflow>
<dataflow id="90" from="shl_ln7" to="add_ln7" fromId="20" toId="21">
</dataflow>
<dataflow id="91" from="add_ln7" to="store_ln7" fromId="21" toId="22">
</dataflow>
<dataflow id="92" from="array_addr" to="store_ln7" fromId="14" toId="22">
</dataflow>
<dataflow id="94" from="_ssdm_op_SpecRegionEnd" to="empty_2" fromId="93" toId="23">
</dataflow>
<dataflow id="95" from="p_str" to="empty_2" fromId="69" toId="23">
</dataflow>
<dataflow id="96" from="tmp" to="empty_2" fromId="17" toId="23">
</dataflow>
<dataflow id="97" from="icmp_ln6" to="StgValue_2" fromId="9" toId="2">
</dataflow>
<dataflow id="98" from="icmp_ln6" to="StgValue_3" fromId="9" toId="3">
</dataflow>
</dataflows>


</stg>
